{"type":"FeatureCollection","meta":{"genere":"2026-09-05","lots":293,"hectares":2117.6,"source":"OpenStreetMap (ODbL)"},"features":[{"type":"Feature","id":"w1292376573","properties":{"nom":null,"exploitant":null,"cepages":null,"hectares":66.24,"vignoble":"Small Talk Vineyards","rattachement":"proximite"},"geometry":{"type":"Polygon","coordinates":[[[-79.18132,43.22543],[-79.1809,43.22561],[-79.18047,43.2257],[-79.18034,43.22534],[-79.17976,43.22547],[-79.17976,43.22589],[-79.17989,43.22588],[-79.1799,43.22616],[-79.17881,43.22664],[-79.17879,43.22614],[-79.1785,43.22632],[-79.17794,43.22636],[-79.17702,43.22659],[-79.17701,43.22701],[-79.17648,43.22724],[-79.17647,43.22767],[-79.1758,43.22794],[-79.17578,43.22739],[-79.17295,43.22872],[-79.17295,43.22928],[-79.17161,43.22991],[-79.17139,43.22553],[-79.17201,43.22531],[-79.17202,43.22549],[-79.17223,43.22547],[-79.17298,43.22516],[-79.173,43.22464],[-79.17276,43.22434],[-79.17206,43.22464],[-79.1716,43.22401],[-79.17175,43.22395],[-79.17158,43.22374],[-79.1721,43.22351],[-79.17204,43.2233],[-79.17189,43.22004],[-79.17857,43.21734],[-79.17876,43.21753],[-79.17879,43.21782],[-79.17905,43.21786],[-79.17966,43.2176],[-79.17967,43.21821],[-79.17995,43.21842],[-79.18005,43.21866],[-79.18006,43.21909],[-79.17994,43.2194],[-79.17962,43.21952],[-79.17963,43.22018],[-79.17948,43.2203],[-79.17863,43.2207],[-79.1787,43.22128],[-79.17918,43.22127],[-79.17922,43.22199],[-79.17945,43.22209],[-79.18005,43.22295],[-79.1808,43.22328],[-79.18082,43.22358],[-79.18036,43.22364],[-79.18036,43.22406],[-79.18076,43.22412],[-79.18081,43.22428],[-79.18073,43.22459],[-79.1808,43.22468],[-79.18096,43.22468],[-79.18125,43.22406],[-79.1813,43.22493],[-79.18082,43.225],[-79.18091,43.2253],[-79.18124,43.22527],[-79.18132,43.22543]]]}},{"type":"Feature","id":"w1290617073","properties":{"nom":null,"exploitant":null,"cepages":null,"hectares":48.68,"vignoble":null,"rattachement":null},"geometry":{"type":"Polygon","coordinates":[[[-79.19018,43.19361],[-79.18811,43.19442],[-79.18812,43.19483],[-79.18787,43.19491],[-79.18794,43.19648],[-79.18516,43.19755],[-79.18513,43.19545],[-79.18091,43.19671],[-79.18091,43.19733],[-79.1803,43.19751],[-79.18034,43.19876],[-79.18159,43.19855],[-79.18161,43.19884],[-79.18203,43.1991],[-79.18187,43.19927],[-79.18191,43.19982],[-79.18293,43.19957],[-79.183,43.20041],[-79.18372,43.20031],[-79.1845,43.20105],[-79.18572,43.20165],[-79.1859,43.20192],[-79.1859,43.20321],[-79.1868,43.20325],[-79.19063,43.20186],[-79.19018,43.19361]]]}},{"type":"Feature","id":"w1292309543","properties":{"nom":null,"exploitant":null,"cepages":null,"hectares":41.32,"vignoble":null,"rattachement":null},"geometry":{"type":"Polygon","coordinates":[[[-79.18498,43.18611],[-79.18487,43.18608],[-79.17975,43.18765],[-79.18024,43.19663],[-79.18169,43.19619],[-79.18167,43.19565],[-79.18273,43.19564],[-79.18278,43.19583],[-79.18517,43.19517],[-79.18504,43.19092],[-79.18474,43.19092],[-79.18472,43.19054],[-79.18455,43.19056],[-79.18454,43.19034],[-79.18511,43.19024],[-79.18498,43.18611]]]}},{"type":"Feature","id":"w1292317829","properties":{"nom":null,"exploitant":null,"cepages":null,"hectares":40.06,"vignoble":null,"rattachement":null},"geometry":{"type":"Polygon","coordinates":[[[-79.19174,43.22188],[-79.19093,43.22217],[-79.19124,43.22263],[-79.19158,43.22258],[-79.19166,43.22305],[-79.19132,43.22317],[-79.19126,43.22291],[-79.19083,43.22295],[-79.19026,43.22243],[-79.1884,43.22313],[-79.18842,43.22343],[-79.18808,43.22353],[-79.1879,43.22328],[-79.18678,43.22373],[-79.18719,43.22429],[-79.18598,43.22474],[-79.18559,43.22416],[-79.18467,43.22452],[-79.18494,43.22507],[-79.18532,43.22599],[-79.18521,43.22605],[-79.18526,43.22624],[-79.18461,43.22622],[-79.18399,43.22699],[-79.18384,43.22732],[-79.18326,43.22804],[-79.18339,43.22814],[-79.18416,43.22817],[-79.18477,43.22848],[-79.18518,43.22886],[-79.18546,43.22918],[-79.18637,43.22954],[-79.18732,43.22939],[-79.18755,43.22946],[-79.18776,43.23011],[-79.18816,43.23036],[-79.18853,43.23041],[-79.18864,43.23031],[-79.18839,43.22937],[-79.1886,43.22919],[-79.18905,43.2293],[-79.19227,43.2285],[-79.19185,43.22197],[-79.19174,43.22188]]]}},{"type":"Feature","id":"w1364653602","properties":{"nom":null,"exploitant":null,"cepages":null,"hectares":37.61,"vignoble":"Marynissen Estates","rattachement":"proximite"},"geometry":{"type":"Polygon","coordinates":[[[-79.07042,43.20397],[-79.05877,43.20418],[-79.0581,43.20352],[-79.05808,43.20307],[-79.05826,43.20298],[-79.05826,43.20272],[-79.05835,43.20271],[-79.05832,43.20217],[-79.05903,43.20217],[-79.05903,43.20236],[-79.05924,43.20235],[-79.05924,43.20226],[-79.05913,43.20218],[-79.05909,43.20067],[-79.05912,43.20064],[-79.07023,43.20039],[-79.0703,43.20041],[-79.07042,43.20397]]]}},{"type":"Feature","id":"w1364204235","properties":{"nom":null,"exploitant":null,"cepages":null,"hectares":33.37,"vignoble":"Wayne Gretzky Estates Winery","rattachement":"proximite"},"geometry":{"type":"Polygon","coordinates":[[[-79.13457,43.21004],[-79.13452,43.20815],[-79.13481,43.20814],[-79.1348,43.20726],[-79.13534,43.20686],[-79.13534,43.20656],[-79.12384,43.20675],[-79.12397,43.21022],[-79.13135,43.21009],[-79.13133,43.20927],[-79.13211,43.20927],[-79.13214,43.21009],[-79.13457,43.21004]]]}},{"type":"Feature","id":"w1009387680","properties":{"nom":"Chateau Des Charmes - St David's Bench Vineyard","exploitant":"Chateau Des Charmes","cepages":["Aligoté","Chardonnay","Cabernet franc","Cabernet sauvignon","Gamay","Merlot","Pinot noir","Savagnin","Sauvignon blanc","Gewurztraminer"],"hectares":30.36,"vignoble":"Chateau des Charmes","rattachement":"exploitant"},"geometry":{"type":"Polygon","coordinates":[[[-79.13399,43.15723],[-79.1264,43.15745],[-79.12632,43.156],[-79.12603,43.15587],[-79.12596,43.15541],[-79.12542,43.15522],[-79.12503,43.15519],[-79.12451,43.15528],[-79.124,43.15561],[-79.12407,43.1575],[-79.12167,43.15755],[-79.1215,43.15451],[-79.12229,43.15447],[-79.12228,43.15415],[-79.12572,43.15408],[-79.12581,43.15462],[-79.12727,43.15463],[-79.12728,43.15438],[-79.13367,43.15417],[-79.13374,43.15426],[-79.13384,43.1552],[-79.13391,43.15529],[-79.13399,43.15723]]]}},{"type":"Feature","id":"w1364284051","properties":{"nom":null,"exploitant":null,"cepages":null,"hectares":29.04,"vignoble":"Lailey Winery","rattachement":"proximite"},"geometry":{"type":"Polygon","coordinates":[[[-79.07153,43.22977],[-79.07156,43.23066],[-79.06264,43.23072],[-79.06168,43.2307],[-79.06149,43.22988],[-79.05993,43.22985],[-79.05977,43.22951],[-79.05976,43.22938],[-79.06005,43.22938],[-79.06038,43.22925],[-79.06058,43.22926],[-79.06058,43.22902],[-79.06074,43.229],[-79.0607,43.2281],[-79.06084,43.22805],[-79.06758,43.2279],[-79.06754,43.22695],[-79.07108,43.22686],[-79.07115,43.22781],[-79.07145,43.22781],[-79.07151,43.22966],[-79.06421,43.22979],[-79.0642,43.2299],[-79.07153,43.22977]]]}},{"type":"Feature","id":"w1509673419","properties":{"nom":null,"exploitant":null,"cepages":null,"hectares":27.09,"vignoble":"Lakeview Wine Co.","rattachement":"proximite"},"geometry":{"type":"Polygon","coordinates":[[[-79.14549,43.20209],[-79.14547,43.20148],[-79.14616,43.20146],[-79.14612,43.19977],[-79.14685,43.19974],[-79.1468,43.19855],[-79.13762,43.19883],[-79.13765,43.20028],[-79.1373,43.20076],[-79.13725,43.20212],[-79.13765,43.20209],[-79.1384,43.20168],[-79.13847,43.20238],[-79.14056,43.2023],[-79.14053,43.20164],[-79.14103,43.20161],[-79.14102,43.20045],[-79.1412,43.20044],[-79.14126,43.20227],[-79.14549,43.20209]]]}},{"type":"Feature","id":"w1290407192","properties":{"nom":null,"exploitant":null,"cepages":null,"hectares":26.73,"vignoble":null,"rattachement":null},"geometry":{"type":"Polygon","coordinates":[[[-79.20225,43.22565],[-79.20141,43.22581],[-79.20144,43.22657],[-79.19995,43.22691],[-79.19995,43.22649],[-79.19946,43.22626],[-79.19948,43.22688],[-79.19934,43.22698],[-79.19691,43.22595],[-79.19647,43.2256],[-79.19639,43.22482],[-79.19596,43.22459],[-79.19589,43.22418],[-79.19633,43.22407],[-79.19624,43.2232],[-79.19573,43.22257],[-79.19572,43.22173],[-79.19507,43.22149],[-79.19495,43.22096],[-79.19708,43.22031],[-79.19734,43.22379],[-79.19853,43.22348],[-79.19956,43.22308],[-79.19949,43.22296],[-79.19938,43.2205],[-79.20049,43.22031],[-79.20049,43.21997],[-79.20095,43.21994],[-79.20091,43.21958],[-79.20192,43.21942],[-79.20206,43.22229],[-79.20124,43.22234],[-79.20122,43.22334],[-79.20155,43.22332],[-79.20162,43.22393],[-79.2021,43.22388],[-79.20225,43.22565]]]}},{"type":"Feature","id":"w183934278","properties":{"nom":null,"exploitant":null,"cepages":null,"hectares":25.61,"vignoble":"Colaneri Estate Winery","rattachement":"proximite"},"geometry":{"type":"Polygon","coordinates":[[[-79.14337,43.16073],[-79.14337,43.15896],[-79.14265,43.15896],[-79.14261,43.15836],[-79.14227,43.15787],[-79.14218,43.1574],[-79.14055,43.15749],[-79.14055,43.1579],[-79.14028,43.1579],[-79.13966,43.15782],[-79.13957,43.15731],[-79.13438,43.15763],[-79.13452,43.16112],[-79.13829,43.16092],[-79.13828,43.16013],[-79.13863,43.16027],[-79.13921,43.16025],[-79.13925,43.16086],[-79.14337,43.16073]]]}},{"type":"Feature","id":"w1364284065","properties":{"nom":null,"exploitant":null,"cepages":null,"hectares":24.46,"vignoble":"Inniskillin Wines Inc.","rattachement":"proximite"},"geometry":{"type":"Polygon","coordinates":[[[-79.07072,43.213],[-79.07082,43.21535],[-79.06268,43.2156],[-79.06267,43.2153],[-79.06206,43.21532],[-79.06205,43.21478],[-79.06225,43.21283],[-79.06344,43.2128],[-79.06344,43.21202],[-79.0681,43.21187],[-79.06813,43.21242],[-79.06917,43.21239],[-79.06922,43.21304],[-79.07072,43.213]]]}},{"type":"Feature","id":"w1481253745","properties":{"nom":null,"exploitant":null,"cepages":null,"hectares":23.89,"vignoble":null,"rattachement":null},"geometry":{"type":"Polygon","coordinates":[[[-79.1778,43.19504],[-79.17284,43.19524],[-79.17283,43.19517],[-79.16983,43.19526],[-79.17005,43.20011],[-79.17255,43.19921],[-79.17245,43.19773],[-79.17201,43.19769],[-79.17197,43.19748],[-79.1712,43.19745],[-79.17118,43.19703],[-79.1721,43.19691],[-79.17267,43.19691],[-79.17271,43.19758],[-79.17256,43.19758],[-79.1727,43.19915],[-79.17683,43.19767],[-79.17679,43.19701],[-79.17729,43.197],[-79.1779,43.19677],[-79.1778,43.19504]]]}},{"type":"Feature","id":"w1364284062","properties":{"nom":null,"exploitant":null,"cepages":null,"hectares":23.87,"vignoble":"Marynissen Estates","rattachement":"proximite"},"geometry":{"type":"Polygon","coordinates":[[[-79.07885,43.20421],[-79.07897,43.20766],[-79.0711,43.20782],[-79.07104,43.20636],[-79.0721,43.20633],[-79.07212,43.2061],[-79.0732,43.20608],[-79.07319,43.20591],[-79.07245,43.20594],[-79.07245,43.20547],[-79.07186,43.20548],[-79.07183,43.20566],[-79.07096,43.2057],[-79.07094,43.2043],[-79.07885,43.20421]]]}},{"type":"Feature","id":"w1365425627","properties":{"nom":null,"exploitant":null,"cepages":null,"hectares":23.17,"vignoble":"Lakeview Wine Co.","rattachement":"proximite"},"geometry":{"type":"Polygon","coordinates":[[[-79.14735,43.21182],[-79.14746,43.21437],[-79.14742,43.21446],[-79.13811,43.21484],[-79.13802,43.21214],[-79.13827,43.21209],[-79.14702,43.21172],[-79.14735,43.21182]]]}},{"type":"Feature","id":"w1361856949","properties":{"nom":"Two Sisters - John Street Vineyard","exploitant":"Two Sisters Vineyards","cepages":["Merlot","Cabernet sauvignon","Cabernet franc","Chardonnay"],"hectares":22.08,"vignoble":"Two Sisters Vineyards","rattachement":"exploitant"},"geometry":{"type":"Polygon","coordinates":[[[-79.06649,43.24267],[-79.06537,43.24217],[-79.06572,43.24177],[-79.06564,43.24175],[-79.06731,43.24002],[-79.06849,43.23887],[-79.06916,43.2389],[-79.06943,43.23885],[-79.0696,43.23875],[-79.06985,43.23853],[-79.06994,43.23827],[-79.06991,43.23804],[-79.0698,43.23784],[-79.06968,43.23776],[-79.07015,43.23724],[-79.07072,43.23633],[-79.07138,43.23501],[-79.07148,43.23496],[-79.07172,43.23496],[-79.07188,43.23497],[-79.07194,43.23501],[-79.07253,43.23663],[-79.07342,43.2386],[-79.06904,43.24324],[-79.06874,43.24309],[-79.06829,43.24354],[-79.06762,43.24325],[-79.06814,43.24268],[-79.06761,43.24242],[-79.06707,43.24296],[-79.06674,43.2428],[-79.06839,43.24105],[-79.06874,43.24122],[-79.06896,43.24099],[-79.06919,43.24111],[-79.0701,43.24015],[-79.06886,43.23951],[-79.06888,43.23946],[-79.06876,43.23942],[-79.06776,43.24039],[-79.06799,43.24051],[-79.06778,43.24075],[-79.06813,43.24093],[-79.06649,43.24267]]]}},{"type":"Feature","id":"w1368760678","properties":{"nom":null,"exploitant":null,"cepages":null,"hectares":21.97,"vignoble":null,"rattachement":null},"geometry":{"type":"Polygon","coordinates":[[[-79.16014,43.21316],[-79.16004,43.21139],[-79.15615,43.21148],[-79.1559,43.21152],[-79.15581,43.21171],[-79.15577,43.21212],[-79.15566,43.21236],[-79.15568,43.21257],[-79.15559,43.21263],[-79.15543,43.21306],[-79.15547,43.21328],[-79.15534,43.21341],[-79.15528,43.21373],[-79.15517,43.2138],[-79.15496,43.21403],[-79.15497,43.21426],[-79.15522,43.21425],[-79.15522,43.21429],[-79.15529,43.21429],[-79.15529,43.21437],[-79.15532,43.21438],[-79.15537,43.2145],[-79.1555,43.21451],[-79.15551,43.21497],[-79.15714,43.21493],[-79.15714,43.215],[-79.15498,43.21507],[-79.155,43.21537],[-79.15496,43.21538],[-79.15499,43.21568],[-79.15495,43.21568],[-79.15497,43.21601],[-79.15493,43.21601],[-79.15493,43.21657],[-79.15488,43.21662],[-79.1549,43.21692],[-79.15774,43.21685],[-79.15771,43.21636],[-79.1578,43.21636],[-79.1578,43.21625],[-79.15849,43.21623],[-79.15847,43.21602],[-79.15877,43.21601],[-79.15877,43.21598],[-79.16028,43.21594],[-79.16014,43.21316]]]}},{"type":"Feature","id":"w1408869829","properties":{"nom":null,"exploitant":null,"cepages":null,"hectares":21.79,"vignoble":null,"rattachement":null},"geometry":{"type":"Polygon","coordinates":[[[-79.1105,43.20609],[-79.10154,43.20626],[-79.10147,43.20623],[-79.10131,43.20357],[-79.10794,43.20343],[-79.10796,43.20392],[-79.10891,43.20391],[-79.10889,43.20341],[-79.11007,43.2034],[-79.11022,43.20357],[-79.11082,43.20476],[-79.11083,43.20494],[-79.11043,43.20495],[-79.1105,43.20609]]]}},{"type":"Feature","id":"w1364284059","properties":{"nom":null,"exploitant":null,"cepages":null,"hectares":21.21,"vignoble":null,"rattachement":null},"geometry":{"type":"Polygon","coordinates":[[[-79.07033,43.22314],[-79.07045,43.22668],[-79.06258,43.22691],[-79.06252,43.22548],[-79.06197,43.22549],[-79.0619,43.22468],[-79.06193,43.22465],[-79.06639,43.22452],[-79.06634,43.22325],[-79.07033,43.22314]]]}},{"type":"Feature","id":"w1481253768","properties":{"nom":null,"exploitant":null,"cepages":null,"hectares":20.82,"vignoble":"The Hare Wine Co.","rattachement":"proximite"},"geometry":{"type":"Polygon","coordinates":[[[-79.15976,43.19976],[-79.15978,43.20012],[-79.15969,43.20031],[-79.15983,43.20186],[-79.16149,43.20121],[-79.16258,43.20118],[-79.16484,43.20035],[-79.16484,43.19975],[-79.16979,43.19781],[-79.16967,43.19552],[-79.16479,43.19746],[-79.1648,43.19791],[-79.15976,43.19976]]]}},{"type":"Feature","id":"w1290409780","properties":{"nom":null,"exploitant":null,"cepages":null,"hectares":20.14,"vignoble":null,"rattachement":null},"geometry":{"type":"Polygon","coordinates":[[[-79.19868,43.22759],[-79.19553,43.22757],[-79.19374,43.22772],[-79.19293,43.22794],[-79.19275,43.22829],[-79.19238,43.22841],[-79.19205,43.22241],[-79.19244,43.22239],[-79.19271,43.22226],[-79.19269,43.22158],[-79.19413,43.22118],[-79.19426,43.22172],[-79.19473,43.22173],[-79.19485,43.22233],[-79.19427,43.22239],[-79.19415,43.22262],[-79.1942,43.22304],[-79.19437,43.22308],[-79.19447,43.22345],[-79.19529,43.22317],[-79.19564,43.22334],[-79.19562,43.22369],[-79.1953,43.22381],[-79.19529,43.22469],[-79.19586,43.22514],[-79.19594,43.2259],[-79.19723,43.22672],[-79.19781,43.22671],[-79.19868,43.22718],[-79.19868,43.22759]]]}},{"type":"Feature","id":"w1364653612","properties":{"nom":null,"exploitant":null,"cepages":null,"hectares":20.09,"vignoble":"Ravine Vineyard","rattachement":"proximite"},"geometry":{"type":"Polygon","coordinates":[[[-79.09502,43.16192],[-79.09575,43.16192],[-79.09574,43.16568],[-79.09567,43.16572],[-79.09203,43.16573],[-79.09207,43.1595],[-79.09248,43.15951],[-79.09249,43.15915],[-79.09317,43.15919],[-79.09347,43.15916],[-79.09344,43.15956],[-79.09393,43.15959],[-79.09393,43.15968],[-79.09492,43.15974],[-79.09505,43.15987],[-79.09505,43.15944],[-79.09567,43.15944],[-79.09572,43.16176],[-79.09368,43.16177],[-79.09366,43.16107],[-79.09318,43.16107],[-79.09316,43.1619],[-79.09502,43.16192]]]}},{"type":"Feature","id":"r18724289","properties":{"nom":"Chateau Des Charmes - Paul Bosc Estate Vineyard","exploitant":"Chateau Des Charmes","cepages":["Chardonnay","Cabernet franc","Cabernet sauvignon","Merlot","Pinot noir","Riesling","Sauvignon blanc"],"hectares":19.88,"vignoble":"Chateau des Charmes","rattachement":"exploitant"},"geometry":{"type":"MultiPolygon","coordinates":[[[[-79.12219,43.16084],[-79.12175,43.16084],[-79.12161,43.15805],[-79.12383,43.15795],[-79.12389,43.15867],[-79.12294,43.15929],[-79.12296,43.16016],[-79.12252,43.16043],[-79.12219,43.16084]]],[[[-79.12771,43.15786],[-79.1253,43.15791],[-79.12535,43.15922],[-79.12586,43.15922],[-79.12588,43.1603],[-79.12474,43.16035],[-79.12472,43.15979],[-79.12408,43.15995],[-79.12404,43.16022],[-79.12384,43.16046],[-79.12385,43.161],[-79.1236,43.16102],[-79.12358,43.16057],[-79.12321,43.16079],[-79.12323,43.16147],[-79.12384,43.16146],[-79.12395,43.16308],[-79.1249,43.16306],[-79.12493,43.1639],[-79.12518,43.16388],[-79.12514,43.16305],[-79.12796,43.16297],[-79.12794,43.16133],[-79.12771,43.15786]]],[[[-79.12503,43.1579],[-79.12511,43.15924],[-79.12486,43.15924],[-79.12475,43.15919],[-79.12468,43.15791],[-79.12503,43.1579]]]]}},{"type":"Feature","id":"w1364375445","properties":{"nom":null,"exploitant":null,"cepages":null,"hectares":19.01,"vignoble":"NOMAD at Hinterbrook Winery","rattachement":"proximite"},"geometry":{"type":"Polygon","coordinates":[[[-79.13527,43.25095],[-79.13479,43.25097],[-79.13479,43.25118],[-79.1344,43.2512],[-79.1344,43.25114],[-79.13373,43.25118],[-79.13368,43.2507],[-79.133,43.25074],[-79.13306,43.25145],[-79.13253,43.25147],[-79.13249,43.25152],[-79.13256,43.25231],[-79.13215,43.25241],[-79.1321,43.25158],[-79.13154,43.2516],[-79.13154,43.25132],[-79.13116,43.25135],[-79.1311,43.25143],[-79.13116,43.25272],[-79.13066,43.25275],[-79.1306,43.25214],[-79.13045,43.25214],[-79.1304,43.2516],[-79.13066,43.25108],[-79.13073,43.25087],[-79.13071,43.25061],[-79.13066,43.25059],[-79.13055,43.24927],[-79.13068,43.24916],[-79.13104,43.24913],[-79.1342,43.24921],[-79.13421,43.24908],[-79.13397,43.24914],[-79.13103,43.24907],[-79.13098,43.2484],[-79.13182,43.24637],[-79.13238,43.24627],[-79.13387,43.24632],[-79.13493,43.24641],[-79.13527,43.25095]]]}},{"type":"Feature","id":"w1481253774","properties":{"nom":null,"exploitant":null,"cepages":null,"hectares":18.59,"vignoble":null,"rattachement":null},"geometry":{"type":"Polygon","coordinates":[[[-79.17585,43.21362],[-79.17248,43.21495],[-79.17246,43.21632],[-79.172,43.21641],[-79.17199,43.2162],[-79.17113,43.21645],[-79.17111,43.21625],[-79.17097,43.2163],[-79.17115,43.22007],[-79.17608,43.21809],[-79.17598,43.21638],[-79.17265,43.21771],[-79.17265,43.21762],[-79.17598,43.21629],[-79.17585,43.21362]]]}},{"type":"Feature","id":"w1292309542","properties":{"nom":null,"exploitant":null,"cepages":null,"hectares":18.05,"vignoble":null,"rattachement":null},"geometry":{"type":"Polygon","coordinates":[[[-79.17958,43.18081],[-79.17969,43.18638],[-79.18006,43.18638],[-79.18054,43.18681],[-79.18083,43.18664],[-79.18081,43.18595],[-79.18206,43.18526],[-79.18206,43.18593],[-79.18299,43.18542],[-79.18321,43.18534],[-79.18299,43.1796],[-79.17958,43.18081]]]}},{"type":"Feature","id":"w1365750586","properties":{"nom":null,"exploitant":null,"cepages":null,"hectares":17.95,"vignoble":"Stratus Winery","rattachement":"proximite"},"geometry":{"type":"Polygon","coordinates":[[[-79.08649,43.23738],[-79.0866,43.23731],[-79.08992,43.23727],[-79.09057,43.23723],[-79.09173,43.23987],[-79.09192,43.2416],[-79.09059,43.24163],[-79.09071,43.24282],[-79.08993,43.24284],[-79.0899,43.24259],[-79.08905,43.2426],[-79.08887,43.24222],[-79.08884,43.24194],[-79.0893,43.24165],[-79.08943,43.24136],[-79.0894,43.24103],[-79.08944,43.24097],[-79.08939,43.24058],[-79.08834,43.24057],[-79.08791,43.24036],[-79.08776,43.24014],[-79.0877,43.23987],[-79.08673,43.23991],[-79.08625,43.23984],[-79.08589,43.23902],[-79.08609,43.23865],[-79.08607,43.23859],[-79.08635,43.23848],[-79.08619,43.2381],[-79.08665,43.23773],[-79.08649,43.23738]]]}},{"type":"Feature","id":"w1481253750","properties":{"nom":null,"exploitant":null,"cepages":null,"hectares":17.82,"vignoble":null,"rattachement":null},"geometry":{"type":"Polygon","coordinates":[[[-79.17771,43.20058],[-79.17786,43.20343],[-79.17252,43.20534],[-79.17218,43.20534],[-79.17184,43.2053],[-79.17152,43.20515],[-79.17096,43.20462],[-79.17031,43.20409],[-79.17029,43.20333],[-79.17037,43.20325],[-79.17771,43.20058]]]}},{"type":"Feature","id":"w1365750590","properties":{"nom":null,"exploitant":null,"cepages":null,"hectares":17.57,"vignoble":null,"rattachement":null},"geometry":{"type":"Polygon","coordinates":[[[-79.0743,43.23046],[-79.07435,43.23192],[-79.07449,43.23196],[-79.07452,43.23247],[-79.07821,43.23238],[-79.07829,43.23235],[-79.07828,43.23177],[-79.08278,43.2316],[-79.08279,43.23133],[-79.08291,43.23131],[-79.08393,43.23225],[-79.0841,43.23235],[-79.08467,43.23252],[-79.08465,43.23243],[-79.0848,43.23233],[-79.08496,43.23232],[-79.08505,43.23228],[-79.08547,43.23226],[-79.08536,43.23017],[-79.07441,43.23039],[-79.0743,43.23046]]]}},{"type":"Feature","id":"w1364284054","properties":{"nom":null,"exploitant":null,"cepages":null,"hectares":17.35,"vignoble":"Reif Estate Winery","rattachement":"proximite"},"geometry":{"type":"Polygon","coordinates":[[[-79.07104,43.21933],[-79.07119,43.223],[-79.06534,43.22308],[-79.06531,43.22246],[-79.06638,43.21971],[-79.06638,43.21946],[-79.06644,43.21939],[-79.06733,43.21939],[-79.06736,43.2199],[-79.06784,43.21989],[-79.06784,43.21939],[-79.07104,43.21933]]]}},{"type":"Feature","id":"w1292317827","properties":{"nom":null,"exploitant":null,"cepages":null,"hectares":16.91,"vignoble":null,"rattachement":null},"geometry":{"type":"Polygon","coordinates":[[[-79.18255,43.20072],[-79.18044,43.20133],[-79.18065,43.20651],[-79.18453,43.20506],[-79.18451,43.20476],[-79.18476,43.20473],[-79.18471,43.20234],[-79.18413,43.20235],[-79.18409,43.20203],[-79.18392,43.20188],[-79.1839,43.20117],[-79.18315,43.20123],[-79.18255,43.20072]]]}},{"type":"Feature","id":"w1365750589","properties":{"nom":null,"exploitant":null,"cepages":null,"hectares":16.59,"vignoble":null,"rattachement":null},"geometry":{"type":"Polygon","coordinates":[[[-79.07791,43.23012],[-79.07806,43.2302],[-79.08268,43.23008],[-79.08268,43.22974],[-79.08303,43.22973],[-79.08305,43.23007],[-79.08338,43.23007],[-79.08345,43.23],[-79.08345,43.22963],[-79.08538,43.22957],[-79.08535,43.22886],[-79.08454,43.22888],[-79.08452,43.2283],[-79.08167,43.22839],[-79.0816,43.22655],[-79.07779,43.22669],[-79.07791,43.23012]]]}},{"type":"Feature","id":"w1365007698","properties":{"nom":null,"exploitant":null,"cepages":null,"hectares":16.23,"vignoble":"PondView Estate Winery","rattachement":"proximite"},"geometry":{"type":"Polygon","coordinates":[[[-79.11107,43.21434],[-79.11094,43.2114],[-79.11546,43.21126],[-79.11551,43.21131],[-79.11554,43.21172],[-79.11623,43.21171],[-79.11625,43.21192],[-79.11641,43.21192],[-79.11643,43.21225],[-79.11663,43.21226],[-79.11701,43.21292],[-79.11772,43.21291],[-79.11773,43.21298],[-79.11785,43.21298],[-79.11849,43.21403],[-79.11849,43.21413],[-79.11107,43.21434]]]}},{"type":"Feature","id":"w1364653588","properties":{"nom":null,"exploitant":null,"cepages":null,"hectares":15.92,"vignoble":"Stratus Winery","rattachement":"proximite"},"geometry":{"type":"Polygon","coordinates":[[[-79.09741,43.23998],[-79.09707,43.24007],[-79.09711,43.24014],[-79.09649,43.24054],[-79.09599,43.24067],[-79.09655,43.24193],[-79.09608,43.24228],[-79.09492,43.23967],[-79.09453,43.23974],[-79.09183,43.2398],[-79.08977,43.23504],[-79.09009,43.23497],[-79.09003,43.23483],[-79.09026,43.2348],[-79.09039,43.23506],[-79.09059,43.2352],[-79.0911,43.23637],[-79.09116,43.2364],[-79.09265,43.23636],[-79.09274,43.2364],[-79.0928,43.23652],[-79.0934,43.23648],[-79.0942,43.23822],[-79.09473,43.23813],[-79.09628,43.2381],[-79.09647,43.23852],[-79.09675,43.23847],[-79.09741,43.23998]]]}},{"type":"Feature","id":"w180784864","properties":{"nom":null,"exploitant":null,"cepages":null,"hectares":15.89,"vignoble":null,"rattachement":null},"geometry":{"type":"Polygon","coordinates":[[[-79.16297,43.21301],[-79.16068,43.21384],[-79.16027,43.2091],[-79.16263,43.20824],[-79.16278,43.21058],[-79.1653,43.20966],[-79.16545,43.21212],[-79.16297,43.21301]]]}},{"type":"Feature","id":"w1009387681","properties":{"nom":null,"exploitant":"Chateau Des Charmes","cepages":null,"hectares":15.65,"vignoble":"Chateau des Charmes","rattachement":"exploitant"},"geometry":{"type":"Polygon","coordinates":[[[-79.12771,43.15786],[-79.1253,43.15791],[-79.12535,43.15922],[-79.12586,43.15922],[-79.12588,43.1603],[-79.12474,43.16035],[-79.12472,43.15979],[-79.12408,43.15995],[-79.12404,43.16022],[-79.12384,43.16046],[-79.12385,43.161],[-79.1236,43.16102],[-79.12358,43.16057],[-79.12321,43.16079],[-79.12323,43.16147],[-79.12384,43.16146],[-79.12395,43.16308],[-79.1249,43.16306],[-79.12493,43.1639],[-79.12518,43.16388],[-79.12514,43.16305],[-79.12796,43.16297],[-79.12794,43.16133],[-79.12771,43.15786]]]}},{"type":"Feature","id":"w1481253746","properties":{"nom":null,"exploitant":null,"cepages":null,"hectares":15.57,"vignoble":null,"rattachement":null},"geometry":{"type":"Polygon","coordinates":[[[-79.17759,43.19777],[-79.173,43.19935],[-79.17313,43.20205],[-79.17319,43.20209],[-79.17328,43.2021],[-79.17783,43.20045],[-79.17787,43.20158],[-79.1802,43.20083],[-79.18014,43.19942],[-79.17929,43.19948],[-79.17926,43.19915],[-79.17773,43.19966],[-79.17759,43.19777]]]}},{"type":"Feature","id":"w1364204239","properties":{"nom":null,"exploitant":null,"cepages":null,"hectares":15.51,"vignoble":"Cattail Creek Estate Winery","rattachement":"proximite"},"geometry":{"type":"Polygon","coordinates":[[[-79.13535,43.20278],[-79.1354,43.2046],[-79.13335,43.20466],[-79.13329,43.20297],[-79.13319,43.20297],[-79.13321,43.20461],[-79.12733,43.20477],[-79.12722,43.2048],[-79.12679,43.20509],[-79.12663,43.20516],[-79.12591,43.20518],[-79.12582,43.20304],[-79.13535,43.20278]]]}},{"type":"Feature","id":"w1364204230","properties":{"nom":null,"exploitant":null,"cepages":null,"hectares":15.46,"vignoble":"Wayne Gretzky Estates Winery","rattachement":"proximite"},"geometry":{"type":"Polygon","coordinates":[[[-79.1353,43.20634],[-79.13527,43.20536],[-79.13465,43.20537],[-79.13464,43.20513],[-79.13415,43.20514],[-79.13414,43.20504],[-79.1331,43.20507],[-79.13308,43.20472],[-79.1275,43.20483],[-79.12732,43.20487],[-79.12683,43.2052],[-79.1267,43.20524],[-79.12373,43.20533],[-79.12377,43.20662],[-79.1353,43.20634]]]}},{"type":"Feature","id":"w1009387679","properties":{"nom":null,"exploitant":null,"cepages":null,"hectares":15.41,"vignoble":"Colaneri Estate Winery","rattachement":"proximite"},"geometry":{"type":"Polygon","coordinates":[[[-79.1395,43.15698],[-79.13894,43.15698],[-79.13892,43.15638],[-79.13854,43.15637],[-79.13847,43.1561],[-79.13786,43.15611],[-79.13793,43.15708],[-79.13433,43.15724],[-79.13425,43.15584],[-79.13435,43.15372],[-79.13848,43.15351],[-79.13932,43.15355],[-79.1394,43.15535],[-79.13928,43.15576],[-79.13933,43.15605],[-79.13944,43.15606],[-79.1395,43.15698]]]}},{"type":"Feature","id":"w1365750585","properties":{"nom":null,"exploitant":null,"cepages":null,"hectares":15.04,"vignoble":null,"rattachement":null},"geometry":{"type":"Polygon","coordinates":[[[-79.07184,43.22687],[-79.07194,43.22972],[-79.07199,43.22971],[-79.07199,43.22977],[-79.07324,43.22975],[-79.07328,43.23029],[-79.07333,43.23033],[-79.07779,43.23021],[-79.0778,43.22893],[-79.07613,43.22895],[-79.07609,43.22802],[-79.07584,43.22768],[-79.07583,43.22723],[-79.07639,43.22712],[-79.07772,43.2271],[-79.07769,43.22668],[-79.07184,43.22687]]]}},{"type":"Feature","id":"w1364284057","properties":{"nom":null,"exploitant":null,"cepages":null,"hectares":14.76,"vignoble":"Marynissen Estates","rattachement":"proximite"},"geometry":{"type":"Polygon","coordinates":[[[-79.07055,43.20796],[-79.06247,43.20811],[-79.06251,43.20997],[-79.06871,43.2099],[-79.06871,43.21048],[-79.0706,43.21044],[-79.07055,43.20796]]]}},{"type":"Feature","id":"w183938184","properties":{"nom":null,"exploitant":null,"cepages":null,"hectares":14.53,"vignoble":"Colaneri Estate Winery","rattachement":"proximite"},"geometry":{"type":"Polygon","coordinates":[[[-79.12818,43.16439],[-79.12811,43.16149],[-79.13115,43.16144],[-79.13121,43.16212],[-79.13207,43.16212],[-79.13208,43.16144],[-79.13407,43.16141],[-79.13417,43.16373],[-79.13343,43.16374],[-79.13344,43.16432],[-79.12987,43.16442],[-79.12986,43.16392],[-79.12904,43.16393],[-79.12905,43.16438],[-79.12818,43.16439]]]}},{"type":"Feature","id":"w1292309541","properties":{"nom":null,"exploitant":null,"cepages":null,"hectares":14.5,"vignoble":null,"rattachement":null},"geometry":{"type":"Polygon","coordinates":[[[-79.17454,43.18174],[-79.17458,43.18398],[-79.17482,43.18399],[-79.17948,43.18244],[-79.17939,43.17855],[-79.17821,43.17892],[-79.1778,43.1792],[-79.17782,43.17993],[-79.17683,43.17992],[-79.17454,43.18174]]]}},{"type":"Feature","id":"w1509673410","properties":{"nom":null,"exploitant":null,"cepages":null,"hectares":14.31,"vignoble":null,"rattachement":null},"geometry":{"type":"Polygon","coordinates":[[[-79.15967,43.20649],[-79.15966,43.20613],[-79.15878,43.20615],[-79.15877,43.20595],[-79.1537,43.20607],[-79.15372,43.20658],[-79.15422,43.20712],[-79.15464,43.20731],[-79.15518,43.20796],[-79.15538,43.20914],[-79.15556,43.20943],[-79.15991,43.20932],[-79.15984,43.20759],[-79.15879,43.20762],[-79.15876,43.20697],[-79.15844,43.20698],[-79.15842,43.20652],[-79.15967,43.20649]]]}},{"type":"Feature","id":"w1481253816","properties":{"nom":null,"exploitant":null,"cepages":null,"hectares":14.12,"vignoble":null,"rattachement":null},"geometry":{"type":"Polygon","coordinates":[[[-79.16546,43.21397],[-79.16311,43.21482],[-79.16317,43.21561],[-79.16314,43.21564],[-79.163,43.21562],[-79.16081,43.21642],[-79.16094,43.22067],[-79.16316,43.21986],[-79.16317,43.21972],[-79.1633,43.21967],[-79.16338,43.21942],[-79.16338,43.21923],[-79.16366,43.21913],[-79.1638,43.21904],[-79.16377,43.21848],[-79.16404,43.21829],[-79.16411,43.21813],[-79.16405,43.21659],[-79.16441,43.21643],[-79.16448,43.2163],[-79.16459,43.21599],[-79.16488,43.21484],[-79.16551,43.21461],[-79.16546,43.21397]]]}},{"type":"Feature","id":"w1361856954","properties":{"nom":null,"exploitant":null,"cepages":null,"hectares":14,"vignoble":"Inniskillin Wines Inc.","rattachement":"proximite"},"geometry":{"type":"Polygon","coordinates":[[[-79.07086,43.21546],[-79.06624,43.21555],[-79.06624,43.21561],[-79.06234,43.21569],[-79.06166,43.21574],[-79.06166,43.21592],[-79.06144,43.21657],[-79.06112,43.21659],[-79.06114,43.21696],[-79.06242,43.21694],[-79.06245,43.21734],[-79.07089,43.21718],[-79.07086,43.21546]]]}},{"type":"Feature","id":"w1283284113","properties":{"nom":null,"exploitant":null,"cepages":null,"hectares":13.93,"vignoble":"Palatine Hills Estate","rattachement":"proximite"},"geometry":{"type":"Polygon","coordinates":[[[-79.14045,43.23692],[-79.1363,43.23698],[-79.13635,43.23332],[-79.14033,43.23311],[-79.14044,43.23322],[-79.14046,43.23332],[-79.14045,43.23692]]]}},{"type":"Feature","id":"w1408869824","properties":{"nom":null,"exploitant":null,"cepages":null,"hectares":13.7,"vignoble":null,"rattachement":null},"geometry":{"type":"Polygon","coordinates":[[[-79.11197,43.20851],[-79.11197,43.20855],[-79.11046,43.20865],[-79.10269,43.20876],[-79.10255,43.20632],[-79.10384,43.2063],[-79.10389,43.20718],[-79.10395,43.20726],[-79.11188,43.20709],[-79.11197,43.20851]]]}},{"type":"Feature","id":"w1481253751","properties":{"nom":null,"exploitant":null,"cepages":null,"hectares":13.12,"vignoble":null,"rattachement":null},"geometry":{"type":"Polygon","coordinates":[[[-79.17965,43.20341],[-79.17965,43.20385],[-79.17973,43.20386],[-79.18032,43.20371],[-79.18036,43.20482],[-79.17801,43.20572],[-79.17808,43.20745],[-79.1776,43.20761],[-79.17753,43.20762],[-79.17751,43.20758],[-79.17743,43.2073],[-79.17737,43.20721],[-79.17674,43.207],[-79.17638,43.20698],[-79.17604,43.20667],[-79.17599,43.20635],[-79.17549,43.20616],[-79.17549,43.20609],[-79.17455,43.20592],[-79.17436,43.20597],[-79.17296,43.20601],[-79.17261,43.20589],[-79.17257,43.20541],[-79.17788,43.20352],[-79.17791,43.20398],[-79.17965,43.20341]]]}},{"type":"Feature","id":"w1290624640","properties":{"nom":null,"exploitant":null,"cepages":null,"hectares":12.95,"vignoble":null,"rattachement":null},"geometry":{"type":"Polygon","coordinates":[[[-79.1822,43.21079],[-79.18093,43.21067],[-79.18071,43.20671],[-79.18489,43.20518],[-79.18515,43.2053],[-79.1852,43.20635],[-79.18457,43.20662],[-79.18433,43.20713],[-79.1844,43.20764],[-79.18413,43.20803],[-79.18357,43.20808],[-79.18357,43.20891],[-79.18348,43.20941],[-79.18322,43.20954],[-79.18296,43.20999],[-79.1826,43.21007],[-79.18217,43.21006],[-79.1822,43.21079]]]}},{"type":"Feature","id":"w1396081968","properties":{"nom":null,"exploitant":null,"cepages":null,"hectares":12.9,"vignoble":"Inniskillin Wines Inc.","rattachement":"proximite"},"geometry":{"type":"Polygon","coordinates":[[[-79.07141,43.21542],[-79.07633,43.21528],[-79.07635,43.21547],[-79.07616,43.21581],[-79.07592,43.21692],[-79.0758,43.21857],[-79.07586,43.21872],[-79.07586,43.21893],[-79.07316,43.219],[-79.0731,43.21782],[-79.07178,43.21785],[-79.07178,43.21777],[-79.07171,43.21775],[-79.07169,43.21763],[-79.07163,43.2173],[-79.07164,43.21715],[-79.07157,43.21706],[-79.07147,43.21704],[-79.07141,43.21542]]]}},{"type":"Feature","id":"w1365425624","properties":{"nom":null,"exploitant":null,"cepages":null,"hectares":12.85,"vignoble":"Wayne Gretzky Estates Winery","rattachement":"proximite"},"geometry":{"type":"Polygon","coordinates":[[[-79.1379,43.21037],[-79.13821,43.21032],[-79.13856,43.21021],[-79.13871,43.21021],[-79.13875,43.21081],[-79.13924,43.21079],[-79.13921,43.21018],[-79.14171,43.21008],[-79.14175,43.21067],[-79.14305,43.21062],[-79.14305,43.21004],[-79.14387,43.21],[-79.14391,43.21051],[-79.14445,43.21049],[-79.14444,43.20999],[-79.14615,43.20991],[-79.14618,43.21047],[-79.1469,43.21045],[-79.14696,43.21039],[-79.14723,43.2104],[-79.14732,43.21162],[-79.13799,43.21196],[-79.1379,43.21037]]]}},{"type":"Feature","id":"w952165391","properties":{"nom":null,"exploitant":null,"cepages":null,"hectares":12.65,"vignoble":"Palatine Hills Estate","rattachement":"proximite"},"geometry":{"type":"Polygon","coordinates":[[[-79.15782,43.24002],[-79.15529,43.24006],[-79.15518,43.23706],[-79.15528,43.23694],[-79.15606,43.23691],[-79.15625,43.23693],[-79.15659,43.23704],[-79.16141,43.23687],[-79.16146,43.23787],[-79.16,43.23792],[-79.15999,43.23857],[-79.15984,43.23858],[-79.15987,43.23911],[-79.15782,43.23916],[-79.15782,43.24002]]]}},{"type":"Feature","id":"w1364201855","properties":{"nom":null,"exploitant":null,"cepages":null,"hectares":12.65,"vignoble":"Trius Winery at Hillebrand","rattachement":"proximite"},"geometry":{"type":"Polygon","coordinates":[[[-79.13079,43.21098],[-79.13086,43.21398],[-79.12667,43.21405],[-79.12663,43.21334],[-79.12619,43.21324],[-79.12615,43.21051],[-79.12842,43.21048],[-79.12841,43.2115],[-79.12959,43.21148],[-79.12993,43.21126],[-79.13036,43.21123],[-79.1304,43.21102],[-79.13079,43.21098]]]}},{"type":"Feature","id":"w1290617069","properties":{"nom":null,"exploitant":null,"cepages":null,"hectares":12.59,"vignoble":null,"rattachement":null},"geometry":{"type":"Polygon","coordinates":[[[-79.19315,43.19697],[-79.19304,43.19479],[-79.19397,43.19465],[-79.19397,43.19449],[-79.19301,43.19449],[-79.19297,43.19287],[-79.19402,43.19273],[-79.19509,43.19224],[-79.19506,43.19158],[-79.19544,43.19144],[-79.19549,43.19355],[-79.19573,43.19351],[-79.19593,43.19337],[-79.19685,43.19384],[-79.19813,43.19452],[-79.19814,43.19494],[-79.19315,43.19697]]]}},{"type":"Feature","id":"w1364204237","properties":{"nom":null,"exploitant":null,"cepages":null,"hectares":12.52,"vignoble":null,"rattachement":null},"geometry":{"type":"Polygon","coordinates":[[[-79.12111,43.20315],[-79.12122,43.20668],[-79.11781,43.20677],[-79.11781,43.2067],[-79.11648,43.20673],[-79.11647,43.20666],[-79.11571,43.20668],[-79.11574,43.20502],[-79.11722,43.20498],[-79.1172,43.2042],[-79.11728,43.20419],[-79.11729,43.20385],[-79.11766,43.20382],[-79.11767,43.20323],[-79.11779,43.20322],[-79.11782,43.2035],[-79.1187,43.20348],[-79.11872,43.204],[-79.11928,43.20399],[-79.11932,43.20466],[-79.12001,43.20464],[-79.12001,43.2039],[-79.12077,43.20388],[-79.12076,43.20317],[-79.12111,43.20315]]]}},{"type":"Feature","id":"w1481253766","properties":{"nom":null,"exploitant":null,"cepages":null,"hectares":11.92,"vignoble":null,"rattachement":null},"geometry":{"type":"Polygon","coordinates":[[[-79.16981,43.19794],[-79.16985,43.19955],[-79.16731,43.20062],[-79.16731,43.20114],[-79.16249,43.20296],[-79.16238,43.20146],[-79.16244,43.20145],[-79.16251,43.20164],[-79.16319,43.20149],[-79.16319,43.20108],[-79.16491,43.20044],[-79.16496,43.19984],[-79.16981,43.19794]]]}},{"type":"Feature","id":"w1481253796","properties":{"nom":null,"exploitant":null,"cepages":null,"hectares":11.84,"vignoble":"Small Talk Vineyards","rattachement":"proximite"},"geometry":{"type":"Polygon","coordinates":[[[-79.1709,43.22046],[-79.16599,43.22248],[-79.16612,43.2252],[-79.16867,43.22413],[-79.16867,43.22384],[-79.16985,43.22335],[-79.16986,43.2236],[-79.17101,43.22311],[-79.1709,43.22046]]]}},{"type":"Feature","id":"w1368760670","properties":{"nom":null,"exploitant":null,"cepages":null,"hectares":11.76,"vignoble":null,"rattachement":null},"geometry":{"type":"Polygon","coordinates":[[[-79.15538,43.20965],[-79.15541,43.20999],[-79.1556,43.2109],[-79.15562,43.21143],[-79.1482,43.21159],[-79.14807,43.20985],[-79.15538,43.20965]]]}},{"type":"Feature","id":"w1481253770","properties":{"nom":null,"exploitant":null,"cepages":null,"hectares":11.59,"vignoble":null,"rattachement":null},"geometry":{"type":"Polygon","coordinates":[[[-79.17563,43.20864],[-79.17139,43.21022],[-79.17153,43.21318],[-79.17577,43.21163],[-79.17563,43.20864]]]}},{"type":"Feature","id":"w1481253792","properties":{"nom":null,"exploitant":null,"cepages":null,"hectares":11.58,"vignoble":null,"rattachement":null},"geometry":{"type":"Polygon","coordinates":[[[-79.17053,43.21361],[-79.16558,43.21491],[-79.16558,43.21479],[-79.16509,43.21496],[-79.16473,43.21634],[-79.16571,43.21601],[-79.1658,43.21759],[-79.16646,43.2174],[-79.17062,43.21565],[-79.17053,43.21361]]]}},{"type":"Feature","id":"w1364204229","properties":{"nom":null,"exploitant":null,"cepages":null,"hectares":11.54,"vignoble":"Trius Winery at Hillebrand","rattachement":"proximite"},"geometry":{"type":"Polygon","coordinates":[[[-79.12367,43.21026],[-79.12356,43.20678],[-79.11994,43.20686],[-79.12,43.20861],[-79.11966,43.20864],[-79.1197,43.20948],[-79.12031,43.20994],[-79.12034,43.21033],[-79.12367,43.21026]]]}},{"type":"Feature","id":"w1292140995","properties":{"nom":null,"exploitant":null,"cepages":null,"hectares":11.44,"vignoble":null,"rattachement":null},"geometry":{"type":"Polygon","coordinates":[[[-79.18595,43.18081],[-79.18326,43.18184],[-79.183,43.17709],[-79.18452,43.17651],[-79.18453,43.17691],[-79.18531,43.17662],[-79.18526,43.17624],[-79.18567,43.17612],[-79.18595,43.18081]]]}},{"type":"Feature","id":"w1364204232","properties":{"nom":null,"exploitant":null,"cepages":null,"hectares":11.23,"vignoble":"Lakeview Wine Co.","rattachement":"proximite"},"geometry":{"type":"Polygon","coordinates":[[[-79.14424,43.20423],[-79.14415,43.20246],[-79.13717,43.20276],[-79.13726,43.20453],[-79.14325,43.20429],[-79.1433,43.20427],[-79.14424,43.20423]]]}},{"type":"Feature","id":"w1408869825","properties":{"nom":null,"exploitant":null,"cepages":null,"hectares":11.22,"vignoble":"PondView Estate Winery","rattachement":"proximite"},"geometry":{"type":"Polygon","coordinates":[[[-79.1026,43.20877],[-79.09755,43.20884],[-79.0974,43.20638],[-79.10246,43.20632],[-79.1026,43.20877]]]}},{"type":"Feature","id":"w1481253753","properties":{"nom":null,"exploitant":null,"cepages":null,"hectares":11.21,"vignoble":null,"rattachement":null},"geometry":{"type":"Polygon","coordinates":[[[-79.17453,43.20876],[-79.17451,43.20808],[-79.17412,43.20724],[-79.17364,43.20725],[-79.1736,43.20702],[-79.17357,43.20634],[-79.17271,43.20638],[-79.17198,43.20579],[-79.17181,43.20571],[-79.17027,43.2062],[-79.17046,43.20954],[-79.17125,43.20925],[-79.17127,43.20994],[-79.17453,43.20876]]]}},{"type":"Feature","id":"w1509673424","properties":{"nom":null,"exploitant":null,"cepages":null,"hectares":11.05,"vignoble":"Cattail Creek Estate Winery","rattachement":"proximite"},"geometry":{"type":"Polygon","coordinates":[[[-79.14088,43.19616],[-79.14073,43.19509],[-79.13766,43.19518],[-79.13767,43.1958],[-79.13683,43.19581],[-79.13681,43.19516],[-79.13538,43.19519],[-79.13551,43.19881],[-79.13738,43.19877],[-79.13747,43.19856],[-79.13749,43.19809],[-79.13759,43.19788],[-79.13785,43.19759],[-79.13797,43.19753],[-79.13823,43.19749],[-79.13851,43.19712],[-79.13876,43.19693],[-79.13887,43.19665],[-79.13898,43.19658],[-79.13971,43.19634],[-79.13981,43.19623],[-79.13995,43.19614],[-79.14017,43.19609],[-79.14077,43.19622],[-79.14088,43.19616]]]}},{"type":"Feature","id":"w1509673416","properties":{"nom":null,"exploitant":null,"cepages":null,"hectares":10.63,"vignoble":"Lakeview Wine Co.","rattachement":"proximite"},"geometry":{"type":"Polygon","coordinates":[[[-79.14818,43.20819],[-79.14817,43.20781],[-79.15459,43.20772],[-79.1546,43.20879],[-79.15488,43.2088],[-79.15488,43.20939],[-79.15397,43.20943],[-79.154,43.20875],[-79.15336,43.20876],[-79.15336,43.20945],[-79.1475,43.20957],[-79.14745,43.20821],[-79.14818,43.20819]]]}},{"type":"Feature","id":"w1365425626","properties":{"nom":null,"exploitant":null,"cepages":null,"hectares":10.55,"vignoble":"Lakeview Wine Co.","rattachement":"proximite"},"geometry":{"type":"Polygon","coordinates":[[[-79.14479,43.20702],[-79.14487,43.20967],[-79.13959,43.20988],[-79.13953,43.20882],[-79.14021,43.20832],[-79.14066,43.20862],[-79.14088,43.20856],[-79.14086,43.20813],[-79.14081,43.20809],[-79.14078,43.20784],[-79.14121,43.20806],[-79.14142,43.20786],[-79.14173,43.20785],[-79.14171,43.20709],[-79.14479,43.20702]]]}},{"type":"Feature","id":"w1408869817","properties":{"nom":null,"exploitant":null,"cepages":null,"hectares":10.55,"vignoble":null,"rattachement":null},"geometry":{"type":"Polygon","coordinates":[[[-79.11083,43.2105],[-79.11067,43.2105],[-79.11064,43.21009],[-79.10893,43.21012],[-79.10894,43.21064],[-79.10815,43.21066],[-79.1081,43.21009],[-79.10727,43.21011],[-79.1073,43.21067],[-79.10624,43.21069],[-79.10621,43.21019],[-79.1052,43.21021],[-79.10519,43.2101],[-79.10365,43.21011],[-79.10357,43.20883],[-79.11076,43.20869],[-79.11198,43.20862],[-79.11203,43.20932],[-79.11076,43.20932],[-79.11083,43.2105]]]}},{"type":"Feature","id":"w1396081966","properties":{"nom":null,"exploitant":null,"cepages":null,"hectares":10.45,"vignoble":null,"rattachement":null},"geometry":{"type":"Polygon","coordinates":[[[-79.08491,43.21864],[-79.07776,43.21887],[-79.07768,43.21712],[-79.08387,43.21693],[-79.08392,43.21788],[-79.08485,43.21786],[-79.08491,43.21864]]]}},{"type":"Feature","id":"w1481253764","properties":{"nom":null,"exploitant":null,"cepages":null,"hectares":10.4,"vignoble":null,"rattachement":null},"geometry":{"type":"Polygon","coordinates":[[[-79.16723,43.20152],[-79.16326,43.20304],[-79.16328,43.20328],[-79.16322,43.20331],[-79.16325,43.20403],[-79.16251,43.20415],[-79.16259,43.2054],[-79.1651,43.2045],[-79.16515,43.20538],[-79.16735,43.20455],[-79.16723,43.20152]]]}},{"type":"Feature","id":"w1481253783","properties":{"nom":null,"exploitant":null,"cepages":null,"hectares":9.27,"vignoble":null,"rattachement":null},"geometry":{"type":"Polygon","coordinates":[[[-79.19061,43.20291],[-79.18824,43.2039],[-79.18846,43.20803],[-79.19087,43.20718],[-79.19061,43.20291]]]}},{"type":"Feature","id":"r18741545","properties":{"nom":"Five Rows - Lowrey Vineyard","exploitant":null,"cepages":null,"hectares":9.06,"vignoble":"Ravine Vineyard","rattachement":"proximite"},"geometry":{"type":"MultiPolygon","coordinates":[[[[-79.10456,43.16221],[-79.10459,43.16238],[-79.10445,43.16392],[-79.10259,43.16386],[-79.10275,43.16223],[-79.10321,43.16224],[-79.10323,43.16218],[-79.10456,43.16221]]],[[[-79.10587,43.16239],[-79.10586,43.16232],[-79.10495,43.16229],[-79.10482,43.16571],[-79.10721,43.1657],[-79.10725,43.16399],[-79.10684,43.16397],[-79.10689,43.16278],[-79.10596,43.16276],[-79.10585,43.1627],[-79.10587,43.16239]]]]}},{"type":"Feature","id":"w1509673414","properties":{"nom":null,"exploitant":null,"cepages":null,"hectares":8.81,"vignoble":"Lakeview Wine Co.","rattachement":"proximite"},"geometry":{"type":"Polygon","coordinates":[[[-79.15349,43.20599],[-79.14809,43.20603],[-79.14801,43.20703],[-79.14789,43.20703],[-79.14786,43.20774],[-79.15417,43.20765],[-79.15417,43.2073],[-79.15402,43.20722],[-79.15381,43.20693],[-79.15362,43.20681],[-79.15347,43.2066],[-79.15349,43.20599]]]}},{"type":"Feature","id":"w1408869828","properties":{"nom":null,"exploitant":null,"cepages":null,"hectares":8.78,"vignoble":null,"rattachement":null},"geometry":{"type":"Polygon","coordinates":[[[-79.10136,43.20624],[-79.10121,43.20357],[-79.0986,43.20362],[-79.09864,43.2043],[-79.09875,43.2043],[-79.09877,43.20463],[-79.09784,43.20464],[-79.09778,43.20366],[-79.09725,43.20367],[-79.09741,43.20631],[-79.10133,43.20626],[-79.10136,43.20624]]]}},{"type":"Feature","id":"w1365750577","properties":{"nom":null,"exploitant":null,"cepages":null,"hectares":8.7,"vignoble":"Stratus Winery","rattachement":"proximite"},"geometry":{"type":"Polygon","coordinates":[[[-79.09561,43.24152],[-79.09486,43.23983],[-79.09182,43.23988],[-79.09203,43.24166],[-79.09071,43.24169],[-79.0908,43.2428],[-79.09418,43.24277],[-79.09408,43.24156],[-79.09561,43.24152]]]}},{"type":"Feature","id":"w1361856956","properties":{"nom":null,"exploitant":null,"cepages":null,"hectares":8.47,"vignoble":"Reif Estate Winery","rattachement":"proximite"},"geometry":{"type":"Polygon","coordinates":[[[-79.06747,43.21734],[-79.06281,43.21741],[-79.06285,43.2179],[-79.06245,43.21791],[-79.06246,43.21813],[-79.06203,43.21816],[-79.0621,43.21924],[-79.06754,43.21914],[-79.06747,43.21734]]]}},{"type":"Feature","id":"w1481253771","properties":{"nom":null,"exploitant":null,"cepages":null,"hectares":8.32,"vignoble":null,"rattachement":null},"geometry":{"type":"Polygon","coordinates":[[[-79.17578,43.21172],[-79.17083,43.21357],[-79.17091,43.21545],[-79.17585,43.21351],[-79.17578,43.21172]]]}},{"type":"Feature","id":"w1361176846","properties":{"nom":null,"exploitant":"Riverview Cellars","cepages":null,"hectares":8.03,"vignoble":"Riverview Cellars","rattachement":"exploitant"},"geometry":{"type":"Polygon","coordinates":[[[-79.07035,43.20513],[-79.07037,43.206],[-79.05978,43.2062],[-79.05978,43.20617],[-79.05958,43.20616],[-79.05957,43.20592],[-79.06092,43.20587],[-79.06091,43.20562],[-79.06018,43.20562],[-79.06019,43.20531],[-79.07035,43.20513]]]}},{"type":"Feature","id":"w1364653585","properties":{"nom":null,"exploitant":null,"cepages":null,"hectares":7.82,"vignoble":"Palatine Hills Estate","rattachement":"proximite"},"geometry":{"type":"Polygon","coordinates":[[[-79.15151,43.23996],[-79.15146,43.23826],[-79.1461,43.23827],[-79.14613,43.23964],[-79.14634,43.23977],[-79.14862,43.23977],[-79.14874,43.2399],[-79.14874,43.24],[-79.14878,43.24001],[-79.15151,43.23996]]]}},{"type":"Feature","id":"w1481253755","properties":{"nom":null,"exploitant":null,"cepages":null,"hectares":7.78,"vignoble":null,"rattachement":null},"geometry":{"type":"Polygon","coordinates":[[[-79.17,43.20364],[-79.16747,43.2046],[-79.16765,43.20788],[-79.17025,43.20691],[-79.17,43.20364]]]}},{"type":"Feature","id":"w66322717","properties":{"nom":null,"exploitant":null,"cepages":null,"hectares":7.76,"vignoble":"Konzelmann Estate Winery","rattachement":"proximite"},"geometry":{"type":"Polygon","coordinates":[[[-79.14693,43.25127],[-79.14599,43.24998],[-79.1443,43.24798],[-79.14341,43.24847],[-79.14253,43.24905],[-79.14511,43.25221],[-79.14693,43.25127]]]}},{"type":"Feature","id":"w1361022022","properties":{"nom":null,"exploitant":"AMO Estate","cepages":null,"hectares":7.76,"vignoble":"Chateau des Charmes","rattachement":"proximite"},"geometry":{"type":"Polygon","coordinates":[[[-79.12803,43.16131],[-79.13104,43.16123],[-79.13086,43.15779],[-79.12944,43.15782],[-79.1295,43.15929],[-79.12998,43.15904],[-79.13004,43.16049],[-79.12887,43.16052],[-79.12886,43.15973],[-79.12937,43.15937],[-79.12929,43.15784],[-79.12784,43.15785],[-79.12795,43.16004],[-79.12816,43.15991],[-79.12849,43.15985],[-79.12863,43.16005],[-79.12855,43.16023],[-79.12841,43.16037],[-79.12822,43.16045],[-79.12797,43.16048],[-79.12803,43.16131]]]}},{"type":"Feature","id":"w1364204238","properties":{"nom":null,"exploitant":null,"cepages":null,"hectares":7.74,"vignoble":"Trius Winery at Hillebrand","rattachement":"proximite"},"geometry":{"type":"Polygon","coordinates":[[[-79.12366,43.21056],[-79.12376,43.21394],[-79.12199,43.214],[-79.12195,43.21303],[-79.1222,43.21283],[-79.1222,43.21255],[-79.12088,43.21259],[-79.12086,43.21209],[-79.12045,43.21198],[-79.12038,43.21066],[-79.12366,43.21056]]]}},{"type":"Feature","id":"w1509673411","properties":{"nom":null,"exploitant":null,"cepages":null,"hectares":7.66,"vignoble":"Lakeview Wine Co.","rattachement":"proximite"},"geometry":{"type":"Polygon","coordinates":[[[-79.15223,43.20588],[-79.15046,43.20592],[-79.15033,43.20223],[-79.15085,43.20222],[-79.15087,43.20279],[-79.15168,43.20277],[-79.15166,43.20219],[-79.15199,43.20219],[-79.15203,43.20334],[-79.15234,43.20333],[-79.15231,43.2026],[-79.15306,43.20259],[-79.15304,43.20217],[-79.15331,43.20216],[-79.15339,43.2044],[-79.15299,43.20441],[-79.15301,43.20485],[-79.15219,43.20487],[-79.15223,43.20588]]]}},{"type":"Feature","id":"w1292340170","properties":{"nom":null,"exploitant":null,"cepages":null,"hectares":7.45,"vignoble":null,"rattachement":null},"geometry":{"type":"Polygon","coordinates":[[[-79.18298,43.23235],[-79.18051,43.23349],[-79.18046,43.23333],[-79.17992,43.2335],[-79.17984,43.23273],[-79.17954,43.2328],[-79.17948,43.23292],[-79.1788,43.23315],[-79.17872,43.23245],[-79.17972,43.23208],[-79.17967,43.23143],[-79.17912,43.23149],[-79.17905,43.2316],[-79.17865,43.23175],[-79.17862,43.23087],[-79.1803,43.23028],[-79.18031,43.23084],[-79.1817,43.23023],[-79.18173,43.2303],[-79.18133,43.23049],[-79.18187,43.23113],[-79.18245,43.23087],[-79.18246,43.23113],[-79.18183,43.23139],[-79.1818,43.2315],[-79.18203,43.23187],[-79.18246,43.23169],[-79.18298,43.23235]]]}},{"type":"Feature","id":"w1368760679","properties":{"nom":null,"exploitant":null,"cepages":null,"hectares":7.42,"vignoble":null,"rattachement":null},"geometry":{"type":"Polygon","coordinates":[[[-79.15515,43.21328],[-79.15522,43.21323],[-79.15545,43.21249],[-79.1554,43.21152],[-79.15065,43.21163],[-79.15077,43.21339],[-79.15515,43.21328]]]}},{"type":"Feature","id":"w1481253794","properties":{"nom":null,"exploitant":null,"cepages":null,"hectares":7.34,"vignoble":"Small Talk Vineyards","rattachement":"proximite"},"geometry":{"type":"Polygon","coordinates":[[[-79.16945,43.21627],[-79.16581,43.21781],[-79.16591,43.22],[-79.16954,43.21847],[-79.16945,43.21627]]]}},{"type":"Feature","id":"w1481253791","properties":{"nom":null,"exploitant":null,"cepages":null,"hectares":7.26,"vignoble":null,"rattachement":null},"geometry":{"type":"Polygon","coordinates":[[[-79.17043,43.21179],[-79.16994,43.21195],[-79.16993,43.21212],[-79.16809,43.21288],[-79.16689,43.21293],[-79.16661,43.21202],[-79.16562,43.2124],[-79.16571,43.21478],[-79.1705,43.21349],[-79.17043,43.21179]]]}},{"type":"Feature","id":"w1481253803","properties":{"nom":null,"exploitant":null,"cepages":null,"hectares":7.14,"vignoble":"Small Talk Vineyards","rattachement":"proximite"},"geometry":{"type":"Polygon","coordinates":[[[-79.16577,43.21901],[-79.16333,43.21989],[-79.16351,43.22279],[-79.16364,43.22308],[-79.16591,43.22223],[-79.16577,43.21901]]]}},{"type":"Feature","id":"w1481253795","properties":{"nom":null,"exploitant":null,"cepages":null,"hectares":7.07,"vignoble":"Small Talk Vineyards","rattachement":"proximite"},"geometry":{"type":"Polygon","coordinates":[[[-79.17086,43.22015],[-79.17083,43.21973],[-79.16977,43.21991],[-79.16974,43.21952],[-79.16959,43.2195],[-79.16955,43.21857],[-79.16593,43.22013],[-79.16599,43.2215],[-79.16683,43.22114],[-79.16687,43.22183],[-79.17086,43.22015]]]}},{"type":"Feature","id":"w1481253754","properties":{"nom":null,"exploitant":null,"cepages":null,"hectares":6.99,"vignoble":null,"rattachement":null},"geometry":{"type":"Polygon","coordinates":[[[-79.16841,43.21103],[-79.16832,43.20952],[-79.16775,43.20954],[-79.16765,43.20796],[-79.17025,43.20697],[-79.17041,43.21026],[-79.16841,43.21103]]]}},{"type":"Feature","id":"w183934263","properties":{"nom":null,"exploitant":null,"cepages":null,"hectares":6.9,"vignoble":"Colaneri Estate Winery","rattachement":"proximite"},"geometry":{"type":"Polygon","coordinates":[[[-79.13964,43.16383],[-79.13955,43.16106],[-79.1355,43.16119],[-79.13555,43.16268],[-79.13672,43.16265],[-79.13668,43.16224],[-79.1379,43.16219],[-79.13801,43.16375],[-79.13827,43.16387],[-79.13964,43.16383]]]}},{"type":"Feature","id":"w180784357","properties":{"nom":null,"exploitant":null,"cepages":null,"hectares":6.78,"vignoble":null,"rattachement":null},"geometry":{"type":"Polygon","coordinates":[[[-79.16556,43.21209],[-79.16779,43.21126],[-79.16755,43.20795],[-79.16535,43.20879],[-79.16556,43.21209]]]}},{"type":"Feature","id":"w1481253804","properties":{"nom":null,"exploitant":null,"cepages":null,"hectares":6.78,"vignoble":null,"rattachement":null},"geometry":{"type":"Polygon","coordinates":[[[-79.16321,43.21994],[-79.16095,43.22076],[-79.16114,43.22402],[-79.16339,43.22321],[-79.16321,43.21994]]]}},{"type":"Feature","id":"w1368760669","properties":{"nom":null,"exploitant":null,"cepages":null,"hectares":6.76,"vignoble":null,"rattachement":null},"geometry":{"type":"Polygon","coordinates":[[[-79.16002,43.21131],[-79.1599,43.20955],[-79.15559,43.20965],[-79.15561,43.20998],[-79.15566,43.20998],[-79.15567,43.2104],[-79.15572,43.2104],[-79.15576,43.21091],[-79.15581,43.21092],[-79.15584,43.21141],[-79.16002,43.21131]]]}},{"type":"Feature","id":"w1481253763","properties":{"nom":null,"exploitant":null,"cepages":null,"hectares":6.7,"vignoble":null,"rattachement":null},"geometry":{"type":"Polygon","coordinates":[[[-79.16991,43.20147],[-79.16939,43.2015],[-79.16934,43.20068],[-79.1673,43.20145],[-79.16748,43.20449],[-79.16999,43.20354],[-79.16991,43.20147]]]}},{"type":"Feature","id":"w1408869830","properties":{"nom":null,"exploitant":null,"cepages":null,"hectares":6.68,"vignoble":null,"rattachement":null},"geometry":{"type":"Polygon","coordinates":[[[-79.10962,43.20247],[-79.10963,43.20268],[-79.10945,43.20271],[-79.10944,43.20252],[-79.10825,43.20252],[-79.10828,43.20315],[-79.10458,43.20323],[-79.10449,43.20148],[-79.10856,43.20141],[-79.10859,43.20197],[-79.10946,43.20196],[-79.10948,43.20233],[-79.10955,43.20233],[-79.10955,43.20245],[-79.10962,43.20247]]]}},{"type":"Feature","id":"w1365750583","properties":{"nom":null,"exploitant":null,"cepages":null,"hectares":6.67,"vignoble":null,"rattachement":null},"geometry":{"type":"Polygon","coordinates":[[[-79.07843,43.23392],[-79.07917,43.23391],[-79.0792,43.2345],[-79.08466,43.23437],[-79.08462,43.23347],[-79.08433,43.23317],[-79.08419,43.23308],[-79.08245,43.23309],[-79.08195,43.23317],[-79.08089,43.23322],[-79.07842,43.23327],[-79.07843,43.23392]]]}},{"type":"Feature","id":"w180784358","properties":{"nom":null,"exploitant":null,"cepages":null,"hectares":6.66,"vignoble":null,"rattachement":null},"geometry":{"type":"Polygon","coordinates":[[[-79.17587,43.21241],[-79.17892,43.2123],[-79.1789,43.21176],[-79.17964,43.21176],[-79.17967,43.21138],[-79.1805,43.21135],[-79.18049,43.2111],[-79.18016,43.21054],[-79.17962,43.21055],[-79.17941,43.21041],[-79.17578,43.21053],[-79.17587,43.21241]]]}},{"type":"Feature","id":"w1364284070","properties":{"nom":null,"exploitant":null,"cepages":null,"hectares":6.62,"vignoble":"Peller Estates Winery","rattachement":"proximite"},"geometry":{"type":"Polygon","coordinates":[[[-79.06657,43.23457],[-79.07157,43.23465],[-79.0716,43.23299],[-79.0713,43.23301],[-79.07123,43.23293],[-79.06901,43.23289],[-79.06874,43.23292],[-79.06826,43.23306],[-79.06793,43.23309],[-79.06661,43.23427],[-79.06657,43.23436],[-79.06657,43.23457]]]}},{"type":"Feature","id":"w1481253757","properties":{"nom":null,"exploitant":null,"cepages":null,"hectares":6.62,"vignoble":null,"rattachement":null},"geometry":{"type":"Polygon","coordinates":[[[-79.16736,43.20463],[-79.16517,43.20547],[-79.16534,43.20875],[-79.16752,43.20793],[-79.16736,43.20463]]]}},{"type":"Feature","id":"w1361856947","properties":{"nom":"Watson's Vineyard","exploitant":null,"cepages":null,"hectares":6.59,"vignoble":"Reif Estate Winery","rattachement":"proximite"},"geometry":{"type":"Polygon","coordinates":[[[-79.06377,43.21946],[-79.06356,43.22002],[-79.06393,43.22002],[-79.06378,43.22045],[-79.06292,43.22049],[-79.06292,43.2204],[-79.06181,43.2202],[-79.06064,43.22319],[-79.06309,43.22312],[-79.06453,43.21943],[-79.06377,43.21946]]]}},{"type":"Feature","id":"w1292306405","properties":{"nom":null,"exploitant":null,"cepages":null,"hectares":6.58,"vignoble":null,"rattachement":null},"geometry":{"type":"Polygon","coordinates":[[[-79.18036,43.17779],[-79.18003,43.17735],[-79.18317,43.17492],[-79.1836,43.17474],[-79.18449,43.1747],[-79.1848,43.17512],[-79.1856,43.1748],[-79.18614,43.17557],[-79.18036,43.17779]]]}},{"type":"Feature","id":"w1364653594","properties":{"nom":null,"exploitant":null,"cepages":null,"hectares":6.49,"vignoble":"Stratus Winery","rattachement":"proximite"},"geometry":{"type":"Polygon","coordinates":[[[-79.09756,43.23799],[-79.09676,43.23618],[-79.09662,43.23545],[-79.09618,43.23444],[-79.09555,43.23448],[-79.09553,43.2346],[-79.09559,43.23474],[-79.09549,43.23477],[-79.09577,43.23545],[-79.09546,43.23549],[-79.09585,43.23636],[-79.09351,43.23648],[-79.09419,43.2381],[-79.09425,43.23814],[-79.09474,43.23807],[-79.09581,43.23803],[-79.09577,43.23756],[-79.09595,43.23754],[-79.0962,43.23804],[-79.09756,43.23799]]]}},{"type":"Feature","id":"w1292140993","properties":{"nom":null,"exploitant":null,"cepages":null,"hectares":6.46,"vignoble":null,"rattachement":null},"geometry":{"type":"Polygon","coordinates":[[[-79.18693,43.17892],[-79.18675,43.17597],[-79.18713,43.17583],[-79.18713,43.17554],[-79.18856,43.175],[-79.18903,43.17549],[-79.1892,43.17799],[-79.18693,43.17892]]]}},{"type":"Feature","id":"w1365750584","properties":{"nom":null,"exploitant":null,"cepages":null,"hectares":6.42,"vignoble":null,"rattachement":null},"geometry":{"type":"Polygon","coordinates":[[[-79.08439,43.23654],[-79.08471,43.23725],[-79.085,43.23733],[-79.08513,43.23761],[-79.08527,43.23849],[-79.08555,43.23929],[-79.08241,43.2394],[-79.08153,43.2374],[-79.08372,43.23732],[-79.08391,43.23725],[-79.08394,43.23719],[-79.08384,43.23692],[-79.08439,43.23654]]]}},{"type":"Feature","id":"w1481253747","properties":{"nom":null,"exploitant":null,"cepages":null,"hectares":6.34,"vignoble":null,"rattachement":null},"geometry":{"type":"Polygon","coordinates":[[[-79.17302,43.20219],[-79.17027,43.20317],[-79.17011,43.20035],[-79.17134,43.19992],[-79.17169,43.20044],[-79.17179,43.20045],[-79.17294,43.20002],[-79.17302,43.20219]]]}},{"type":"Feature","id":"w1364284055","properties":{"nom":null,"exploitant":null,"cepages":null,"hectares":6.29,"vignoble":"Lailey Winery","rattachement":"proximite"},"geometry":{"type":"Polygon","coordinates":[[[-79.06334,43.23176],[-79.06343,43.23262],[-79.07153,43.23264],[-79.07153,43.23179],[-79.06334,43.23176]]]}},{"type":"Feature","id":"w1364653586","properties":{"nom":null,"exploitant":null,"cepages":null,"hectares":6.27,"vignoble":"Palatine Hills Estate","rattachement":"proximite"},"geometry":{"type":"Polygon","coordinates":[[[-79.15393,43.23784],[-79.15414,43.24348],[-79.15417,43.24351],[-79.15419,43.24395],[-79.15428,43.24424],[-79.15432,43.24427],[-79.15446,43.24427],[-79.15493,43.24403],[-79.1549,43.243],[-79.15521,43.24299],[-79.15527,43.24289],[-79.15518,43.24004],[-79.1552,43.24004],[-79.15517,43.23875],[-79.15507,43.23875],[-79.15506,43.23855],[-79.15516,43.23855],[-79.15514,43.23782],[-79.15393,43.23784]]]}},{"type":"Feature","id":"w1364284058","properties":{"nom":null,"exploitant":null,"cepages":null,"hectares":6.25,"vignoble":"Reif Estate Winery","rattachement":"proximite"},"geometry":{"type":"Polygon","coordinates":[[[-79.06614,43.22319],[-79.06618,43.22438],[-79.0605,43.2246],[-79.06043,43.22335],[-79.0632,43.22326],[-79.0632,43.22331],[-79.06614,43.22319]]]}},{"type":"Feature","id":"w1360943275","properties":{"nom":null,"exploitant":"Lowrey Vineyards","cepages":null,"hectares":6.24,"vignoble":"Ravine Vineyard","rattachement":"proximite"},"geometry":{"type":"Polygon","coordinates":[[[-79.10587,43.16239],[-79.10586,43.16232],[-79.10495,43.16229],[-79.10482,43.16571],[-79.10721,43.1657],[-79.10725,43.16399],[-79.10684,43.16397],[-79.10689,43.16278],[-79.10596,43.16276],[-79.10585,43.1627],[-79.10587,43.16239]]]}},{"type":"Feature","id":"w1365750594","properties":{"nom":null,"exploitant":null,"cepages":null,"hectares":6.24,"vignoble":"Stratus Winery","rattachement":"proximite"},"geometry":{"type":"Polygon","coordinates":[[[-79.09572,43.23624],[-79.09568,43.23631],[-79.09285,43.23643],[-79.09273,43.23628],[-79.0912,43.23634],[-79.09112,43.23629],[-79.09063,43.23516],[-79.09081,43.23506],[-79.09064,43.23458],[-79.09178,43.23455],[-79.09213,43.23523],[-79.09271,43.23511],[-79.09359,43.23507],[-79.0934,43.23454],[-79.09453,43.23448],[-79.09497,43.23546],[-79.09534,43.23543],[-79.09572,43.23624]]]}},{"type":"Feature","id":"w1365750587","properties":{"nom":null,"exploitant":null,"cepages":null,"hectares":6.21,"vignoble":null,"rattachement":null},"geometry":{"type":"Polygon","coordinates":[[[-79.08411,43.23254],[-79.08411,43.23297],[-79.08245,43.23299],[-79.08148,43.23311],[-79.08099,43.23313],[-79.07842,43.23319],[-79.07839,43.23253],[-79.07874,43.23253],[-79.07873,43.23221],[-79.07878,43.2321],[-79.07878,43.23184],[-79.0811,43.23176],[-79.08189,43.2317],[-79.08305,43.23169],[-79.08372,43.23231],[-79.08411,43.23254]]]}},{"type":"Feature","id":"w1292309540","properties":{"nom":null,"exploitant":null,"cepages":null,"hectares":6.14,"vignoble":null,"rattachement":null},"geometry":{"type":"Polygon","coordinates":[[[-79.17424,43.18039],[-79.17049,43.18175],[-79.1706,43.18427],[-79.17409,43.18159],[-79.17429,43.18138],[-79.17424,43.18039]]]}},{"type":"Feature","id":"w1364284056","properties":{"nom":null,"exploitant":null,"cepages":null,"hectares":6.14,"vignoble":"Lailey Winery","rattachement":"proximite"},"geometry":{"type":"Polygon","coordinates":[[[-79.06784,43.23274],[-79.06785,43.23287],[-79.06643,43.23416],[-79.06635,43.23439],[-79.06626,43.2345],[-79.06608,43.23456],[-79.06324,43.23454],[-79.0632,43.2345],[-79.0632,43.23419],[-79.06326,43.23416],[-79.06328,43.23284],[-79.06333,43.23281],[-79.06333,43.23274],[-79.06784,43.23274]]]}},{"type":"Feature","id":"w191005191","properties":{"nom":null,"exploitant":null,"cepages":null,"hectares":6.08,"vignoble":null,"rattachement":null},"geometry":{"type":"Polygon","coordinates":[[[-79.19823,43.22001],[-79.19708,43.22031],[-79.19733,43.2237],[-79.19841,43.22343],[-79.19949,43.22296],[-79.19938,43.2205],[-79.19828,43.22073],[-79.19823,43.22001]]]}},{"type":"Feature","id":"w1364284061","properties":{"nom":null,"exploitant":null,"cepages":null,"hectares":5.98,"vignoble":"Lailey Winery","rattachement":"proximite"},"geometry":{"type":"Polygon","coordinates":[[[-79.07161,43.2308],[-79.07162,43.23161],[-79.07157,43.23161],[-79.07155,43.23135],[-79.07143,43.23134],[-79.07141,43.23163],[-79.06333,43.23159],[-79.06334,43.2309],[-79.06339,43.23085],[-79.06346,43.23083],[-79.07153,43.23078],[-79.07161,43.2308]]]}},{"type":"Feature","id":"w1364284066","properties":{"nom":null,"exploitant":null,"cepages":null,"hectares":5.76,"vignoble":"Inniskillin Wines Inc.","rattachement":"proximite"},"geometry":{"type":"Polygon","coordinates":[[[-79.06954,43.21152],[-79.0651,43.21162],[-79.06501,43.21008],[-79.06859,43.21],[-79.06865,43.21054],[-79.06948,43.21053],[-79.06954,43.21152]]]}},{"type":"Feature","id":"w1364375446","properties":{"nom":null,"exploitant":null,"cepages":null,"hectares":5.72,"vignoble":"NOMAD at Hinterbrook Winery","rattachement":"proximite"},"geometry":{"type":"Polygon","coordinates":[[[-79.13872,43.24822],[-79.13685,43.24831],[-79.13687,43.2488],[-79.13583,43.24883],[-79.13564,43.24639],[-79.13677,43.24637],[-79.13677,43.24631],[-79.13859,43.24623],[-79.13872,43.24822]]]}},{"type":"Feature","id":"w1481253786","properties":{"nom":null,"exploitant":null,"cepages":null,"hectares":5.7,"vignoble":null,"rattachement":null},"geometry":{"type":"Polygon","coordinates":[[[-79.18829,43.20623],[-79.18705,43.2067],[-79.18705,43.20687],[-79.1859,43.20725],[-79.18591,43.20736],[-79.18582,43.20742],[-79.18581,43.20756],[-79.18559,43.20759],[-79.18541,43.20767],[-79.18531,43.20787],[-79.18528,43.20821],[-79.18515,43.20882],[-79.18499,43.20902],[-79.18499,43.20937],[-79.18485,43.20942],[-79.18455,43.20976],[-79.18459,43.20994],[-79.18588,43.20992],[-79.18586,43.20897],[-79.18841,43.20808],[-79.18829,43.20623]]]}},{"type":"Feature","id":"w1481253782","properties":{"nom":null,"exploitant":null,"cepages":null,"hectares":5.61,"vignoble":null,"rattachement":null},"geometry":{"type":"Polygon","coordinates":[[[-79.17825,43.21242],[-79.17588,43.21249],[-79.17598,43.21461],[-79.17647,43.21462],[-79.17674,43.2147],[-79.17695,43.2148],[-79.17733,43.21521],[-79.17769,43.21545],[-79.17844,43.21543],[-79.17825,43.21242]]]}},{"type":"Feature","id":"w1481253769","properties":{"nom":null,"exploitant":null,"cepages":null,"hectares":5.55,"vignoble":null,"rattachement":null},"geometry":{"type":"Polygon","coordinates":[[[-79.17934,43.20985],[-79.17908,43.2097],[-79.17843,43.20885],[-79.17788,43.20874],[-79.17775,43.20866],[-79.17743,43.20812],[-79.17715,43.20811],[-79.17573,43.20861],[-79.17579,43.21046],[-79.17935,43.21035],[-79.17934,43.20985]]]}},{"type":"Feature","id":"w1481253760","properties":{"nom":null,"exploitant":null,"cepages":null,"hectares":5.47,"vignoble":null,"rattachement":null},"geometry":{"type":"Polygon","coordinates":[[[-79.16513,43.20661],[-79.16516,43.20707],[-79.16277,43.20792],[-79.16276,43.20767],[-79.16272,43.20763],[-79.1626,43.20549],[-79.16503,43.2046],[-79.16513,43.20661]]]}},{"type":"Feature","id":"w1509673423","properties":{"nom":null,"exploitant":null,"cepages":null,"hectares":5.4,"vignoble":"Cattail Creek Estate Winery","rattachement":"proximite"},"geometry":{"type":"Polygon","coordinates":[[[-79.14112,43.19864],[-79.13776,43.19877],[-79.13775,43.19802],[-79.138,43.19771],[-79.1384,43.1976],[-79.13853,43.19751],[-79.13869,43.19726],[-79.13904,43.19693],[-79.13914,43.1967],[-79.1395,43.19661],[-79.13983,43.19646],[-79.14004,43.19631],[-79.14024,43.19628],[-79.14052,43.19636],[-79.14088,43.19639],[-79.14099,43.19727],[-79.14112,43.19864]]]}},{"type":"Feature","id":"w66323174","properties":{"nom":null,"exploitant":null,"cepages":null,"hectares":5.39,"vignoble":"Konzelmann Estate Winery","rattachement":"proximite"},"geometry":{"type":"Polygon","coordinates":[[[-79.13798,43.25106],[-79.13704,43.25141],[-79.13723,43.25241],[-79.13733,43.25261],[-79.13807,43.2524],[-79.13844,43.25297],[-79.13742,43.25333],[-79.13779,43.25508],[-79.13788,43.25521],[-79.14009,43.2545],[-79.13798,43.25106]]]}},{"type":"Feature","id":"w1509673409","properties":{"nom":null,"exploitant":null,"cepages":null,"hectares":5.38,"vignoble":"The Hare Wine Co.","rattachement":"proximite"},"geometry":{"type":"Polygon","coordinates":[[[-79.15625,43.20206],[-79.1535,43.20213],[-79.1536,43.20444],[-79.15502,43.2044],[-79.15502,43.20423],[-79.15566,43.20404],[-79.15634,43.20402],[-79.15625,43.20206]]]}},{"type":"Feature","id":"w1361856955","properties":{"nom":null,"exploitant":null,"cepages":null,"hectares":5.36,"vignoble":"Reif Estate Winery","rattachement":"proximite"},"geometry":{"type":"Polygon","coordinates":[[[-79.07095,43.21726],[-79.071,43.21903],[-79.06763,43.21908],[-79.06761,43.21731],[-79.07095,43.21726]]]}},{"type":"Feature","id":"w1481253759","properties":{"nom":null,"exploitant":null,"cepages":null,"hectares":5.34,"vignoble":null,"rattachement":null},"geometry":{"type":"Polygon","coordinates":[[[-79.16531,43.2096],[-79.16287,43.21048],[-79.16275,43.20835],[-79.16315,43.20821],[-79.16317,43.2079],[-79.16516,43.20716],[-79.16531,43.2096]]]}},{"type":"Feature","id":"w1283285542","properties":{"nom":null,"exploitant":null,"cepages":null,"hectares":5.29,"vignoble":"Domaine Vagners Winery","rattachement":"proximite"},"geometry":{"type":"Polygon","coordinates":[[[-79.13432,43.23305],[-79.13025,43.23317],[-79.1302,43.23191],[-79.13049,43.2319],[-79.13045,43.23094],[-79.13071,43.23093],[-79.13132,43.23104],[-79.13133,43.23134],[-79.13168,43.23146],[-79.13197,43.23147],[-79.13209,43.23153],[-79.13234,43.23176],[-79.13299,43.23175],[-79.13335,43.23214],[-79.13429,43.23242],[-79.13432,43.23305]]]}},{"type":"Feature","id":"w1364375443","properties":{"nom":null,"exploitant":null,"cepages":null,"hectares":5.19,"vignoble":"NOMAD at Hinterbrook Winery","rattachement":"proximite"},"geometry":{"type":"Polygon","coordinates":[[[-79.13522,43.25192],[-79.13612,43.25167],[-79.13621,43.25211],[-79.13696,43.25201],[-79.13768,43.25577],[-79.13752,43.25579],[-79.13697,43.25575],[-79.13677,43.25482],[-79.13586,43.25506],[-79.13522,43.25192]]]}},{"type":"Feature","id":"w1360943276","properties":{"nom":null,"exploitant":null,"cepages":null,"hectares":5.1,"vignoble":"Ravine Vineyard","rattachement":"proximite"},"geometry":{"type":"Polygon","coordinates":[[[-79.10452,43.16173],[-79.10421,43.16146],[-79.10416,43.16134],[-79.10397,43.16116],[-79.10366,43.16114],[-79.10364,43.16094],[-79.10362,43.16099],[-79.10359,43.16099],[-79.1036,43.16109],[-79.10316,43.16098],[-79.10316,43.16093],[-79.10313,43.16093],[-79.10312,43.16058],[-79.10316,43.16057],[-79.10316,43.1601],[-79.10204,43.1595],[-79.10152,43.16053],[-79.10126,43.1605],[-79.10113,43.16079],[-79.10116,43.16128],[-79.1011,43.16128],[-79.10108,43.16217],[-79.10226,43.16215],[-79.10316,43.16217],[-79.10354,43.16214],[-79.10445,43.16214],[-79.10451,43.16211],[-79.10452,43.16203],[-79.10452,43.16173]]]}},{"type":"Feature","id":"w1509673407","properties":{"nom":null,"exploitant":null,"cepages":null,"hectares":4.97,"vignoble":null,"rattachement":null},"geometry":{"type":"Polygon","coordinates":[[[-79.15958,43.20388],[-79.15667,43.20395],[-79.15657,43.20207],[-79.15949,43.20199],[-79.15958,43.20388]]]}},{"type":"Feature","id":"w1364284053","properties":{"nom":null,"exploitant":null,"cepages":null,"hectares":4.96,"vignoble":"Reif Estate Winery","rattachement":"proximite"},"geometry":{"type":"Polygon","coordinates":[[[-79.06205,43.2195],[-79.06181,43.2202],[-79.06064,43.22319],[-79.0604,43.22324],[-79.05944,43.22327],[-79.05911,43.22325],[-79.05909,43.22318],[-79.06052,43.21951],[-79.06071,43.21952],[-79.06068,43.21987],[-79.06104,43.21992],[-79.06113,43.2198],[-79.06153,43.21985],[-79.06169,43.2195],[-79.06205,43.2195]]]}},{"type":"Feature","id":"w1364284069","properties":{"nom":null,"exploitant":null,"cepages":null,"hectares":4.96,"vignoble":"Reif Estate Winery","rattachement":"proximite"},"geometry":{"type":"Polygon","coordinates":[[[-79.06458,43.21946],[-79.06316,43.22314],[-79.06486,43.22311],[-79.0663,43.21941],[-79.0661,43.21943],[-79.06582,43.22013],[-79.06541,43.22007],[-79.06548,43.21988],[-79.06527,43.21983],[-79.06542,43.21945],[-79.06495,43.21944],[-79.06478,43.21993],[-79.06526,43.21993],[-79.06509,43.22041],[-79.06448,43.22042],[-79.0647,43.21985],[-79.06466,43.21984],[-79.0648,43.21946],[-79.06458,43.21946]]]}},{"type":"Feature","id":"w1361856950","properties":{"nom":null,"exploitant":"Peller Estates","cepages":null,"hectares":4.91,"vignoble":"Peller Estates Winery","rattachement":"exploitant"},"geometry":{"type":"Polygon","coordinates":[[[-79.06876,43.23817],[-79.06881,43.23718],[-79.06877,43.23718],[-79.06879,43.23648],[-79.06873,43.23648],[-79.06874,43.23596],[-79.06757,43.23593],[-79.0676,43.2349],[-79.06668,43.23488],[-79.0666,43.23494],[-79.06657,43.23518],[-79.06654,43.23518],[-79.06648,43.23694],[-79.0666,43.23748],[-79.06681,43.23765],[-79.06724,43.23786],[-79.06778,43.23786],[-79.06876,43.23817]]]}},{"type":"Feature","id":"w1481253775","properties":{"nom":null,"exploitant":null,"cepages":null,"hectares":4.91,"vignoble":"Small Talk Vineyards","rattachement":"proximite"},"geometry":{"type":"Polygon","coordinates":[[[-79.17884,43.21692],[-79.17883,43.21652],[-79.17864,43.21643],[-79.17833,43.21643],[-79.17823,43.21639],[-79.17809,43.21623],[-79.17801,43.21584],[-79.17784,43.21569],[-79.17753,43.21569],[-79.17741,43.21564],[-79.17732,43.2154],[-79.17671,43.21482],[-79.17628,43.21468],[-79.176,43.21468],[-79.17614,43.21807],[-79.17884,43.21692]]]}},{"type":"Feature","id":"w952165394","properties":{"nom":null,"exploitant":null,"cepages":null,"hectares":4.81,"vignoble":"Palatine Hills Estate","rattachement":"proximite"},"geometry":{"type":"Polygon","coordinates":[[[-79.15403,43.24154],[-79.15301,43.24156],[-79.15301,43.24128],[-79.15163,43.24128],[-79.15157,43.23916],[-79.15392,43.23913],[-79.15403,43.24154]]]}},{"type":"Feature","id":"w1364204234","properties":{"nom":null,"exploitant":null,"cepages":null,"hectares":4.76,"vignoble":"Lakeview Wine Co.","rattachement":"proximite"},"geometry":{"type":"Polygon","coordinates":[[[-79.14038,43.20449],[-79.14037,43.20464],[-79.13991,43.20505],[-79.13992,43.20559],[-79.13956,43.20562],[-79.13956,43.20619],[-79.13826,43.20626],[-79.13744,43.20577],[-79.13602,43.20578],[-79.13602,43.20558],[-79.13627,43.20511],[-79.13625,43.20474],[-79.13664,43.20473],[-79.13666,43.20479],[-79.1368,43.20482],[-79.13698,43.20473],[-79.13709,43.20461],[-79.14038,43.20449]]]}},{"type":"Feature","id":"w958666786","properties":{"nom":null,"exploitant":null,"cepages":null,"hectares":4.33,"vignoble":null,"rattachement":null},"geometry":{"type":"Polygon","coordinates":[[[-79.07705,43.15865],[-79.07703,43.15815],[-79.07686,43.15815],[-79.07682,43.15711],[-79.07864,43.15719],[-79.07902,43.15705],[-79.07961,43.15704],[-79.07975,43.15711],[-79.07986,43.1573],[-79.08012,43.15741],[-79.08011,43.15862],[-79.07705,43.15865]]]}},{"type":"Feature","id":"w1026511658","properties":{"nom":null,"exploitant":null,"cepages":null,"hectares":4.33,"vignoble":"Palatine Hills Estate","rattachement":"proximite"},"geometry":{"type":"Polygon","coordinates":[[[-79.1485,43.24206],[-79.14636,43.24209],[-79.14632,43.23985],[-79.14851,43.23988],[-79.14854,43.24122],[-79.14847,43.24122],[-79.14848,43.2413],[-79.1485,43.24206]]]}},{"type":"Feature","id":"w952165395","properties":{"nom":null,"exploitant":null,"cepages":null,"hectares":4.32,"vignoble":"Palatine Hills Estate","rattachement":"proximite"},"geometry":{"type":"Polygon","coordinates":[[[-79.15393,43.23906],[-79.15385,43.23701],[-79.15154,43.23704],[-79.15157,43.23909],[-79.15393,43.23906]]]}},{"type":"Feature","id":"w1396081957","properties":{"nom":null,"exploitant":null,"cepages":null,"hectares":4.2,"vignoble":"The Ice House Winery","rattachement":"proximite"},"geometry":{"type":"Polygon","coordinates":[[[-79.05967,43.17855],[-79.05965,43.17874],[-79.05985,43.17873],[-79.05989,43.17881],[-79.06026,43.1788],[-79.06027,43.17894],[-79.0596,43.17897],[-79.0596,43.17916],[-79.05972,43.17917],[-79.05953,43.1808],[-79.06175,43.18073],[-79.06174,43.17848],[-79.05967,43.17855]]]}},{"type":"Feature","id":"w1396081958","properties":{"nom":"Irene Vineyard","exploitant":null,"cepages":null,"hectares":4.17,"vignoble":"The Ice House Winery","rattachement":"proximite"},"geometry":{"type":"Polygon","coordinates":[[[-79.06179,43.18079],[-79.06178,43.18266],[-79.05952,43.18274],[-79.05951,43.18128],[-79.05849,43.18132],[-79.05848,43.18092],[-79.06011,43.18085],[-79.06011,43.18098],[-79.06045,43.18097],[-79.06046,43.18084],[-79.06179,43.18079]]]}},{"type":"Feature","id":"w66323135","properties":{"nom":null,"exploitant":null,"cepages":null,"hectares":4.13,"vignoble":"Konzelmann Estate Winery","rattachement":"proximite"},"geometry":{"type":"Polygon","coordinates":[[[-79.14511,43.25221],[-79.14293,43.24952],[-79.14248,43.24972],[-79.14221,43.24938],[-79.14207,43.24943],[-79.14253,43.25001],[-79.14172,43.25037],[-79.14276,43.25171],[-79.143,43.25159],[-79.14389,43.25269],[-79.14511,43.25221]]]}},{"type":"Feature","id":"w1481253805","properties":{"nom":null,"exploitant":null,"cepages":null,"hectares":4.13,"vignoble":null,"rattachement":null},"geometry":{"type":"Polygon","coordinates":[[[-79.1656,43.21616],[-79.16418,43.21665],[-79.16429,43.21839],[-79.16396,43.21855],[-79.1639,43.21871],[-79.16394,43.21914],[-79.16354,43.21932],[-79.16349,43.21949],[-79.16351,43.21972],[-79.16577,43.21891],[-79.1656,43.21616]]]}},{"type":"Feature","id":"w180784529","properties":{"nom":null,"exploitant":null,"cepages":null,"hectares":4.1,"vignoble":null,"rattachement":null},"geometry":{"type":"Polygon","coordinates":[[[-79.18379,43.21265],[-79.18593,43.21183],[-79.18589,43.20999],[-79.18421,43.21004],[-79.18419,43.21032],[-79.18399,43.21056],[-79.18396,43.21068],[-79.18374,43.21082],[-79.18379,43.21265]]]}},{"type":"Feature","id":"w1396081959","properties":{"nom":null,"exploitant":null,"cepages":null,"hectares":4.05,"vignoble":"The Ice House Winery","rattachement":"proximite"},"geometry":{"type":"Polygon","coordinates":[[[-79.05953,43.17841],[-79.06174,43.17835],[-79.06177,43.17798],[-79.06193,43.17796],[-79.06218,43.17758],[-79.06224,43.17659],[-79.06208,43.17659],[-79.06208,43.17655],[-79.05963,43.17663],[-79.05956,43.17741],[-79.05953,43.17841]]]}},{"type":"Feature","id":"w1364653595","properties":{"nom":null,"exploitant":null,"cepages":null,"hectares":4.02,"vignoble":"Stratus Winery","rattachement":"proximite"},"geometry":{"type":"Polygon","coordinates":[[[-79.09756,43.23799],[-79.09865,43.23796],[-79.09789,43.2344],[-79.09712,43.23442],[-79.09724,43.23505],[-79.0966,43.23513],[-79.09684,43.23636],[-79.09756,43.23799]]]}},{"type":"Feature","id":"w1481253767","properties":{"nom":null,"exploitant":null,"cepages":null,"hectares":4.02,"vignoble":"The Hare Wine Co.","rattachement":"proximite"},"geometry":{"type":"Polygon","coordinates":[[[-79.16153,43.20134],[-79.15987,43.20198],[-79.16002,43.20392],[-79.16239,43.20302],[-79.16229,43.20151],[-79.16158,43.20174],[-79.16153,43.20134]]]}},{"type":"Feature","id":"w663013769","properties":{"nom":null,"exploitant":null,"cepages":null,"hectares":3.99,"vignoble":"Jackson-Triggs Niagara Estate","rattachement":"proximite"},"geometry":{"type":"Polygon","coordinates":[[[-79.09503,43.24287],[-79.09002,43.24293],[-79.09,43.24323],[-79.09029,43.24357],[-79.09274,43.24357],[-79.09294,43.24364],[-79.09298,43.2438],[-79.09292,43.24394],[-79.09249,43.24414],[-79.0925,43.24438],[-79.09274,43.24471],[-79.09288,43.24475],[-79.09512,43.24315],[-79.09503,43.24287]]]}},{"type":"Feature","id":"w1365750579","properties":{"nom":null,"exploitant":null,"cepages":null,"hectares":3.97,"vignoble":null,"rattachement":null},"geometry":{"type":"Polygon","coordinates":[[[-79.07421,43.23045],[-79.07426,43.23192],[-79.07406,43.23205],[-79.07407,43.23239],[-79.07401,43.23243],[-79.07208,43.23249],[-79.07202,43.23246],[-79.07196,43.23047],[-79.07237,43.23045],[-79.07262,43.23052],[-79.07279,43.23053],[-79.07316,43.23052],[-79.07342,43.23043],[-79.07414,43.23041],[-79.07421,43.23045]]]}},{"type":"Feature","id":"w1396081969","properties":{"nom":null,"exploitant":null,"cepages":null,"hectares":3.95,"vignoble":"Reif Estate Winery","rattachement":"proximite"},"geometry":{"type":"Polygon","coordinates":[[[-79.07152,43.2193],[-79.07331,43.21924],[-79.07333,43.21953],[-79.07376,43.21952],[-79.07377,43.2196],[-79.07385,43.2196],[-79.07384,43.21945],[-79.07404,43.21944],[-79.07403,43.21922],[-79.07532,43.21919],[-79.07537,43.22039],[-79.07159,43.2205],[-79.07152,43.2193]]]}},{"type":"Feature","id":"w1364653609","properties":{"nom":null,"exploitant":null,"cepages":null,"hectares":3.94,"vignoble":"Coyote's Run Estate Winery","rattachement":"proximite"},"geometry":{"type":"Polygon","coordinates":[[[-79.11374,43.16529],[-79.11367,43.16388],[-79.11271,43.16388],[-79.11267,43.16311],[-79.11371,43.16308],[-79.11368,43.16217],[-79.11355,43.16208],[-79.11261,43.1621],[-79.11212,43.16235],[-79.11221,43.16405],[-79.11215,43.16412],[-79.11219,43.16551],[-79.11363,43.16548],[-79.11374,43.16529]]]}},{"type":"Feature","id":"w1283280362","properties":{"nom":null,"exploitant":null,"cepages":null,"hectares":3.92,"vignoble":null,"rattachement":null},"geometry":{"type":"Polygon","coordinates":[[[-79.05623,43.19278],[-79.05618,43.19428],[-79.05797,43.19432],[-79.059,43.19429],[-79.05908,43.1927],[-79.05814,43.19273],[-79.05802,43.19282],[-79.05623,43.19278]]]}},{"type":"Feature","id":"w1396081965","properties":{"nom":null,"exploitant":null,"cepages":null,"hectares":3.91,"vignoble":"Reimer Vineyards","rattachement":"proximite"},"geometry":{"type":"Polygon","coordinates":[[[-79.08395,43.2151],[-79.08397,43.21571],[-79.08478,43.2157],[-79.08481,43.21644],[-79.08386,43.21646],[-79.08385,43.21684],[-79.08382,43.21685],[-79.08185,43.21692],[-79.0818,43.21515],[-79.08395,43.2151]]]}},{"type":"Feature","id":"w1509673422","properties":{"nom":null,"exploitant":null,"cepages":null,"hectares":3.88,"vignoble":"Cattail Creek Estate Winery","rattachement":"proximite"},"geometry":{"type":"Polygon","coordinates":[[[-79.14346,43.19857],[-79.14338,43.19665],[-79.14106,43.19676],[-79.14128,43.19865],[-79.14346,43.19857]]]}},{"type":"Feature","id":"w1364204233","properties":{"nom":null,"exploitant":null,"cepages":null,"hectares":3.87,"vignoble":"Cattail Creek Estate Winery","rattachement":"proximite"},"geometry":{"type":"Polygon","coordinates":[[[-79.12565,43.20304],[-79.12572,43.20518],[-79.12377,43.20523],[-79.12372,43.20518],[-79.12365,43.20309],[-79.12565,43.20304]]]}},{"type":"Feature","id":"w1361014043","properties":{"nom":null,"exploitant":null,"cepages":["Chardonnay"],"hectares":3.86,"vignoble":"Southbrook Vineyards","rattachement":"proximite"},"geometry":{"type":"Polygon","coordinates":[[[-79.16344,43.18878],[-79.16332,43.18894],[-79.16328,43.1892],[-79.16257,43.18923],[-79.16231,43.18457],[-79.1632,43.18425],[-79.16344,43.18878]]]}},{"type":"Feature","id":"w1365750591","properties":{"nom":null,"exploitant":null,"cepages":null,"hectares":3.82,"vignoble":"Stratus Winery","rattachement":"proximite"},"geometry":{"type":"Polygon","coordinates":[[[-79.09052,43.2371],[-79.09042,43.23715],[-79.08761,43.23721],[-79.08735,43.23651],[-79.08714,43.23574],[-79.08986,43.23567],[-79.09052,43.2371]]]}},{"type":"Feature","id":"w1361022021","properties":{"nom":null,"exploitant":"Chateau Des Charmes","cepages":null,"hectares":3.8,"vignoble":"Chateau des Charmes","rattachement":"exploitant"},"geometry":{"type":"Polygon","coordinates":[[[-79.12219,43.16084],[-79.12175,43.16084],[-79.12161,43.15805],[-79.12383,43.15795],[-79.12389,43.15867],[-79.12294,43.15929],[-79.12296,43.16016],[-79.12252,43.16043],[-79.12219,43.16084]]]}},{"type":"Feature","id":"w1408869807","properties":{"nom":"Bai Xu Vineyard","exploitant":null,"cepages":["Chardonnay","Gamay noir"],"hectares":3.69,"vignoble":"PondView Estate Winery","rattachement":"proximite"},"geometry":{"type":"Polygon","coordinates":[[[-79.10969,43.21302],[-79.10722,43.21306],[-79.1071,43.21136],[-79.10838,43.21133],[-79.10884,43.21147],[-79.10945,43.21144],[-79.10946,43.21153],[-79.1096,43.21152],[-79.10969,43.21302]]]}},{"type":"Feature","id":"w1481253762","properties":{"nom":null,"exploitant":null,"cepages":null,"hectares":3.59,"vignoble":null,"rattachement":null},"geometry":{"type":"Polygon","coordinates":[[[-79.16221,43.20828],[-79.16216,43.20774],[-79.16238,43.20772],[-79.16262,43.20763],[-79.1625,43.2055],[-79.16207,43.20567],[-79.16214,43.20699],[-79.16032,43.20705],[-79.16037,43.20765],[-79.16023,43.20769],[-79.1603,43.20898],[-79.16221,43.20828]]]}},{"type":"Feature","id":"w1364375454","properties":{"nom":null,"exploitant":null,"cepages":null,"hectares":3.47,"vignoble":"Strewn Winery","rattachement":"proximite"},"geometry":{"type":"Polygon","coordinates":[[[-79.13314,43.25595],[-79.13336,43.25578],[-79.13367,43.25232],[-79.13255,43.2526],[-79.13222,43.25591],[-79.13314,43.25595]]]}},{"type":"Feature","id":"w952165396","properties":{"nom":null,"exploitant":null,"cepages":null,"hectares":3.46,"vignoble":"Konzelmann Estate Winery","rattachement":"proximite"},"geometry":{"type":"Polygon","coordinates":[[[-79.13879,43.25055],[-79.13863,43.24834],[-79.13691,43.24838],[-79.13705,43.25022],[-79.1375,43.25021],[-79.13756,43.2509],[-79.13879,43.25055]]]}},{"type":"Feature","id":"w1292306413","properties":{"nom":null,"exploitant":null,"cepages":null,"hectares":3.45,"vignoble":null,"rattachement":null},"geometry":{"type":"Polygon","coordinates":[[[-79.17585,43.1768],[-79.17444,43.17682],[-79.17436,43.17406],[-79.1757,43.17402],[-79.17585,43.1768]]]}},{"type":"Feature","id":"w1292306412","properties":{"nom":null,"exploitant":null,"cepages":null,"hectares":3.35,"vignoble":null,"rattachement":null},"geometry":{"type":"Polygon","coordinates":[[[-79.17915,43.17669],[-79.17777,43.17672],[-79.17769,43.17399],[-79.17901,43.17394],[-79.17915,43.17669]]]}},{"type":"Feature","id":"w1483060942","properties":{"nom":null,"exploitant":null,"cepages":null,"hectares":3.35,"vignoble":null,"rattachement":null},"geometry":{"type":"Polygon","coordinates":[[[-79.07192,43.16013],[-79.07194,43.16149],[-79.06967,43.16152],[-79.06959,43.15979],[-79.07116,43.15976],[-79.07117,43.16014],[-79.07192,43.16013]]]}},{"type":"Feature","id":"w1365750592","properties":{"nom":null,"exploitant":null,"cepages":null,"hectares":3.3,"vignoble":"Two Sisters Vineyards","rattachement":"proximite"},"geometry":{"type":"Polygon","coordinates":[[[-79.07602,43.23812],[-79.07383,43.23812],[-79.07379,43.23631],[-79.07356,43.23631],[-79.07355,43.23622],[-79.07267,43.23621],[-79.07268,43.23629],[-79.07401,43.23933],[-79.07408,43.2394],[-79.07421,43.23939],[-79.07524,43.23916],[-79.07603,43.23835],[-79.07602,43.23812]]]}},{"type":"Feature","id":"w1396081961","properties":{"nom":null,"exploitant":null,"cepages":null,"hectares":3.3,"vignoble":"The Ice House Winery","rattachement":"proximite"},"geometry":{"type":"Polygon","coordinates":[[[-79.06087,43.17649],[-79.05966,43.17651],[-79.05962,43.17577],[-79.05974,43.17341],[-79.06083,43.1734],[-79.06087,43.17649]]]}},{"type":"Feature","id":"w1396081963","properties":{"nom":null,"exploitant":null,"cepages":null,"hectares":3.16,"vignoble":"Riverview Cellars","rattachement":"proximite"},"geometry":{"type":"Polygon","coordinates":[[[-79.05662,43.1975],[-79.05533,43.19759],[-79.0549,43.19637],[-79.05524,43.19634],[-79.05537,43.19629],[-79.05583,43.1962],[-79.05644,43.19616],[-79.05644,43.19612],[-79.05649,43.19609],[-79.05669,43.19605],[-79.05734,43.196],[-79.05744,43.19606],[-79.05778,43.19606],[-79.05788,43.19598],[-79.05803,43.19597],[-79.05808,43.19609],[-79.0585,43.19607],[-79.05847,43.19642],[-79.05781,43.19647],[-79.05782,43.19678],[-79.0577,43.19679],[-79.05752,43.19713],[-79.05743,43.19738],[-79.05716,43.19751],[-79.05686,43.19753],[-79.05683,43.1975],[-79.05675,43.19631],[-79.05745,43.19626],[-79.05752,43.19624],[-79.05751,43.19618],[-79.0565,43.19625],[-79.0566,43.19678],[-79.05656,43.19685],[-79.0566,43.19687],[-79.05662,43.1975]]]}},{"type":"Feature","id":"w1364375442","properties":{"nom":null,"exploitant":null,"cepages":null,"hectares":3.08,"vignoble":"Konzelmann Estate Winery","rattachement":"proximite"},"geometry":{"type":"Polygon","coordinates":[[[-79.13809,43.25107],[-79.13996,43.25415],[-79.14019,43.25408],[-79.14006,43.25384],[-79.14003,43.25362],[-79.14008,43.25351],[-79.14033,43.25332],[-79.14049,43.25325],[-79.14003,43.25248],[-79.14028,43.2524],[-79.13927,43.25075],[-79.13919,43.25073],[-79.13809,43.25107]]]}},{"type":"Feature","id":"w1364653587","properties":{"nom":null,"exploitant":null,"cepages":null,"hectares":3.07,"vignoble":"Palatine Hills Estate","rattachement":"proximite"},"geometry":{"type":"Polygon","coordinates":[[[-79.15666,43.24277],[-79.15632,43.24278],[-79.15632,43.24272],[-79.15578,43.24272],[-79.15568,43.24283],[-79.15569,43.24299],[-79.15538,43.243],[-79.15528,43.24018],[-79.15657,43.24016],[-79.15666,43.24277]]]}},{"type":"Feature","id":"w180784506","properties":{"nom":null,"exploitant":null,"cepages":null,"hectares":3.05,"vignoble":null,"rattachement":null},"geometry":{"type":"Polygon","coordinates":[[[-79.18971,43.2128],[-79.1896,43.21058],[-79.19107,43.20999],[-79.19119,43.21226],[-79.18971,43.2128]]]}},{"type":"Feature","id":"w1396081967","properties":{"nom":null,"exploitant":null,"cepages":null,"hectares":3.02,"vignoble":null,"rattachement":null},"geometry":{"type":"Polygon","coordinates":[[[-79.07769,43.21887],[-79.07759,43.21712],[-79.07719,43.21713],[-79.07711,43.21586],[-79.07639,43.21588],[-79.07615,43.21719],[-79.07608,43.21849],[-79.07635,43.21848],[-79.07633,43.21817],[-79.07679,43.21817],[-79.07685,43.21889],[-79.07769,43.21887]]]}},{"type":"Feature","id":"w1361014042","properties":{"nom":null,"exploitant":null,"cepages":["Vidal"],"hectares":2.98,"vignoble":"Southbrook Vineyards","rattachement":"proximite"},"geometry":{"type":"Polygon","coordinates":[[[-79.16344,43.18878],[-79.1632,43.18425],[-79.16387,43.1842],[-79.16396,43.18429],[-79.16416,43.18847],[-79.16378,43.18868],[-79.16344,43.18878]]]}},{"type":"Feature","id":"w1509673421","properties":{"nom":null,"exploitant":null,"cepages":null,"hectares":2.96,"vignoble":"Cattail Creek Estate Winery","rattachement":"proximite"},"geometry":{"type":"Polygon","coordinates":[[[-79.1374,43.19884],[-79.1355,43.19889],[-79.13556,43.20084],[-79.13622,43.20082],[-79.13622,43.20066],[-79.13648,43.20064],[-79.13659,43.20043],[-79.13729,43.2004],[-79.13743,43.20024],[-79.1374,43.19884]]]}},{"type":"Feature","id":"w1361014055","properties":{"nom":null,"exploitant":null,"cepages":["Merlot"],"hectares":2.91,"vignoble":"Southbrook Vineyards","rattachement":"proximite"},"geometry":{"type":"Polygon","coordinates":[[[-79.16093,43.18816],[-79.15981,43.18815],[-79.15968,43.18546],[-79.16078,43.18509],[-79.16093,43.18816]]]}},{"type":"Feature","id":"w1361014051","properties":{"nom":null,"exploitant":null,"cepages":["Cabernet sauvignon"],"hectares":2.84,"vignoble":"Southbrook Vineyards","rattachement":"proximite"},"geometry":{"type":"Polygon","coordinates":[[[-79.16048,43.19215],[-79.15955,43.19285],[-79.1595,43.19285],[-79.15934,43.18938],[-79.16032,43.18935],[-79.16048,43.19215]]]}},{"type":"Feature","id":"w1361856951","properties":{"nom":null,"exploitant":"Peller Estates","cepages":null,"hectares":2.84,"vignoble":"Peller Estates Winery","rattachement":"exploitant"},"geometry":{"type":"Polygon","coordinates":[[[-79.06627,43.23868],[-79.06374,43.2387],[-79.06374,43.23901],[-79.0642,43.23974],[-79.06445,43.24058],[-79.06484,43.24058],[-79.06627,43.23922],[-79.06627,43.23868]]]}},{"type":"Feature","id":"w1362056937","properties":{"nom":null,"exploitant":null,"cepages":null,"hectares":2.83,"vignoble":"Ravine Vineyard","rattachement":"proximite"},"geometry":{"type":"Polygon","coordinates":[[[-79.10456,43.16221],[-79.10459,43.16238],[-79.10445,43.16392],[-79.10259,43.16386],[-79.10275,43.16223],[-79.10321,43.16224],[-79.10323,43.16218],[-79.10456,43.16221]]]}},{"type":"Feature","id":"w1364375441","properties":{"nom":null,"exploitant":null,"cepages":null,"hectares":2.78,"vignoble":"Konzelmann Estate Winery","rattachement":"proximite"},"geometry":{"type":"Polygon","coordinates":[[[-79.14221,43.25234],[-79.14093,43.25273],[-79.1397,43.25067],[-79.13972,43.25058],[-79.14063,43.2503],[-79.14082,43.25061],[-79.1411,43.25053],[-79.14221,43.25234]]]}},{"type":"Feature","id":"w1481253776","properties":{"nom":null,"exploitant":null,"cepages":null,"hectares":2.77,"vignoble":null,"rattachement":null},"geometry":{"type":"Polygon","coordinates":[[[-79.18016,43.21455],[-79.17993,43.21441],[-79.17936,43.2144],[-79.17849,43.21462],[-79.17856,43.21548],[-79.1785,43.21548],[-79.17857,43.21612],[-79.17868,43.21617],[-79.17915,43.21616],[-79.17925,43.21618],[-79.17943,43.21651],[-79.17963,43.21651],[-79.17997,43.21624],[-79.18031,43.21608],[-79.18016,43.21455]]]}},{"type":"Feature","id":"w1364653593","properties":{"nom":null,"exploitant":null,"cepages":null,"hectares":2.72,"vignoble":"Stratus Winery","rattachement":"proximite"},"geometry":{"type":"Polygon","coordinates":[[[-79.09902,43.23931],[-79.09848,43.23946],[-79.09866,43.23986],[-79.09824,43.23998],[-79.09819,43.23989],[-79.09811,43.23984],[-79.09803,43.23983],[-79.09749,43.23996],[-79.0967,43.23812],[-79.09859,43.2381],[-79.09885,43.23868],[-79.09902,43.23931]]]}},{"type":"Feature","id":"w1361014048","properties":{"nom":null,"exploitant":null,"cepages":["Cabernet franc"],"hectares":2.68,"vignoble":"Southbrook Vineyards","rattachement":"proximite"},"geometry":{"type":"Polygon","coordinates":[[[-79.16186,43.18815],[-79.16093,43.18816],[-79.16078,43.18509],[-79.16168,43.18479],[-79.16186,43.18815]]]}},{"type":"Feature","id":"w1481253777","properties":{"nom":null,"exploitant":null,"cepages":null,"hectares":2.61,"vignoble":null,"rattachement":null},"geometry":{"type":"Polygon","coordinates":[[[-79.17974,43.21237],[-79.1783,43.21241],[-79.17849,43.2145],[-79.17922,43.21435],[-79.17987,43.21404],[-79.17985,43.21372],[-79.18003,43.21372],[-79.17997,43.21311],[-79.17987,43.21311],[-79.17983,43.21276],[-79.17979,43.21276],[-79.17974,43.21237]]]}},{"type":"Feature","id":"w1364204227","properties":{"nom":null,"exploitant":null,"cepages":null,"hectares":2.49,"vignoble":"Lakeview Wine Co.","rattachement":"proximite"},"geometry":{"type":"Polygon","coordinates":[[[-79.13743,43.20639],[-79.13749,43.20839],[-79.13588,43.20846],[-79.13584,43.20844],[-79.1358,43.20721],[-79.13582,43.20716],[-79.13646,43.20712],[-79.13645,43.2069],[-79.13658,43.20689],[-79.13657,43.20656],[-79.13684,43.20654],[-79.13683,43.2064],[-79.13743,43.20638],[-79.13743,43.20639]]]}},{"type":"Feature","id":"w1474038191","properties":{"nom":null,"exploitant":null,"cepages":null,"hectares":2.46,"vignoble":null,"rattachement":null},"geometry":{"type":"Polygon","coordinates":[[[-79.16978,43.21081],[-79.16981,43.21206],[-79.1682,43.21266],[-79.16763,43.21241],[-79.16749,43.2121],[-79.16747,43.21164],[-79.16978,43.21081]]]}},{"type":"Feature","id":"w1483060944","properties":{"nom":null,"exploitant":null,"cepages":null,"hectares":2.46,"vignoble":null,"rattachement":null},"geometry":{"type":"Polygon","coordinates":[[[-79.07313,43.16226],[-79.07225,43.16293],[-79.07218,43.16294],[-79.07215,43.16288],[-79.07208,43.15991],[-79.07308,43.15988],[-79.07313,43.16226]]]}},{"type":"Feature","id":"w1481253752","properties":{"nom":null,"exploitant":null,"cepages":null,"hectares":2.42,"vignoble":null,"rattachement":null},"geometry":{"type":"Polygon","coordinates":[[[-79.17569,43.20651],[-79.17548,43.20645],[-79.17436,43.20695],[-79.17436,43.2072],[-79.175,43.20855],[-79.17635,43.20805],[-79.17629,43.20752],[-79.17589,43.20692],[-79.17569,43.20651]]]}},{"type":"Feature","id":"w1283283243","properties":{"nom":null,"exploitant":null,"cepages":null,"hectares":2.41,"vignoble":null,"rattachement":null},"geometry":{"type":"Polygon","coordinates":[[[-79.13625,43.23228],[-79.13613,43.22968],[-79.1351,43.23009],[-79.13511,43.23051],[-79.13492,43.23075],[-79.13498,43.23184],[-79.13564,43.23215],[-79.13569,43.2323],[-79.13625,43.23228]]]}},{"type":"Feature","id":"w1509673408","properties":{"nom":null,"exploitant":null,"cepages":null,"hectares":2.39,"vignoble":null,"rattachement":null},"geometry":{"type":"Polygon","coordinates":[[[-79.15969,43.20573],[-79.1582,43.20577],[-79.15812,43.204],[-79.15961,43.20396],[-79.15969,43.20573]]]}},{"type":"Feature","id":"w1364284067","properties":{"nom":null,"exploitant":null,"cepages":null,"hectares":2.36,"vignoble":null,"rattachement":null},"geometry":{"type":"Polygon","coordinates":[[[-79.07048,43.2232],[-79.07062,43.22659],[-79.07139,43.22657],[-79.07125,43.22318],[-79.07048,43.2232]]]}},{"type":"Feature","id":"w1481253784","properties":{"nom":null,"exploitant":null,"cepages":null,"hectares":2.32,"vignoble":null,"rattachement":null},"geometry":{"type":"Polygon","coordinates":[[[-79.18815,43.20397],[-79.187,43.20444],[-79.18708,43.20657],[-79.18829,43.2061],[-79.18815,43.20397]]]}},{"type":"Feature","id":"w1026511657","properties":{"nom":null,"exploitant":null,"cepages":null,"hectares":2.3,"vignoble":"Palatine Hills Estate","rattachement":"proximite"},"geometry":{"type":"Polygon","coordinates":[[[-79.14908,43.24369],[-79.14745,43.24371],[-79.14741,43.24213],[-79.14904,43.24214],[-79.14908,43.24369]]]}},{"type":"Feature","id":"w1365007699","properties":{"nom":null,"exploitant":null,"cepages":null,"hectares":2.3,"vignoble":"Strewn Winery","rattachement":"proximite"},"geometry":{"type":"Polygon","coordinates":[[[-79.13246,43.25264],[-79.13247,43.25276],[-79.13223,43.25512],[-79.13124,43.25506],[-79.13077,43.25485],[-79.13062,43.25464],[-79.13064,43.25429],[-79.13079,43.25429],[-79.13081,43.25408],[-79.13137,43.2541],[-79.13143,43.25347],[-79.13183,43.25334],[-79.13195,43.25282],[-79.13207,43.25275],[-79.13246,43.25264]]]}},{"type":"Feature","id":"w1408869820","properties":{"nom":null,"exploitant":null,"cepages":null,"hectares":2.3,"vignoble":"PondView Estate Winery","rattachement":"proximite"},"geometry":{"type":"Polygon","coordinates":[[[-79.10316,43.21002],[-79.10258,43.21002],[-79.1025,43.20996],[-79.10249,43.20989],[-79.10198,43.20991],[-79.10193,43.21003],[-79.10093,43.21005],[-79.10085,43.20888],[-79.10308,43.20884],[-79.10316,43.21002]]]}},{"type":"Feature","id":"w1481253819","properties":{"nom":null,"exploitant":null,"cepages":null,"hectares":2.3,"vignoble":null,"rattachement":null},"geometry":{"type":"Polygon","coordinates":[[[-79.16652,43.23709],[-79.16443,43.23759],[-79.16469,43.23817],[-79.16496,43.23846],[-79.1651,43.23886],[-79.16661,43.23847],[-79.16652,43.23709]]]}},{"type":"Feature","id":"w1408869823","properties":{"nom":null,"exploitant":null,"cepages":null,"hectares":2.29,"vignoble":null,"rattachement":null},"geometry":{"type":"Polygon","coordinates":[[[-79.11378,43.20927],[-79.11214,43.20933],[-79.11205,43.2082],[-79.11256,43.20817],[-79.1125,43.20743],[-79.113,43.20741],[-79.11405,43.20834],[-79.11407,43.20845],[-79.11333,43.20851],[-79.11374,43.20888],[-79.11378,43.20927]]]}},{"type":"Feature","id":"w1408869826","properties":{"nom":null,"exploitant":null,"cepages":null,"hectares":2.29,"vignoble":null,"rattachement":null},"geometry":{"type":"Polygon","coordinates":[[[-79.10678,43.20624],[-79.10683,43.20713],[-79.10404,43.20718],[-79.10398,43.20714],[-79.10396,43.20628],[-79.10678,43.20624]]]}},{"type":"Feature","id":"w1408869816","properties":{"nom":null,"exploitant":null,"cepages":null,"hectares":2.27,"vignoble":null,"rattachement":null},"geometry":{"type":"Polygon","coordinates":[[[-79.11359,43.20936],[-79.11361,43.21059],[-79.11157,43.21063],[-79.11155,43.2094],[-79.11359,43.20936]]]}},{"type":"Feature","id":"w1283283251","properties":{"nom":null,"exploitant":null,"cepages":null,"hectares":2.25,"vignoble":null,"rattachement":null},"geometry":{"type":"Polygon","coordinates":[[[-79.13197,43.22744],[-79.13199,43.22999],[-79.13148,43.22999],[-79.13084,43.22974],[-79.13084,43.22922],[-79.13095,43.2292],[-79.13094,43.22885],[-79.13108,43.22883],[-79.13106,43.22738],[-79.13151,43.22738],[-79.13157,43.22747],[-79.13167,43.22743],[-79.13197,43.22744]]]}},{"type":"Feature","id":"w1481253797","properties":{"nom":null,"exploitant":null,"cepages":null,"hectares":2.25,"vignoble":"Small Talk Vineyards","rattachement":"proximite"},"geometry":{"type":"Polygon","coordinates":[[[-79.16866,43.22422],[-79.16749,43.22471],[-79.16756,43.22681],[-79.16875,43.22628],[-79.16866,43.22422]]]}},{"type":"Feature","id":"w1364653610","properties":{"nom":null,"exploitant":null,"cepages":null,"hectares":2.24,"vignoble":"Ravine Vineyard","rattachement":"proximite"},"geometry":{"type":"Polygon","coordinates":[[[-79.11055,43.16557],[-79.11048,43.16371],[-79.10916,43.16374],[-79.10921,43.16561],[-79.11055,43.16557]]]}},{"type":"Feature","id":"w1396081962","properties":{"nom":null,"exploitant":null,"cepages":null,"hectares":2.21,"vignoble":null,"rattachement":null},"geometry":{"type":"Polygon","coordinates":[[[-79.05901,43.19434],[-79.05899,43.19485],[-79.05833,43.19563],[-79.05762,43.196],[-79.05739,43.19599],[-79.05732,43.19587],[-79.05721,43.19546],[-79.05697,43.19482],[-79.05696,43.19437],[-79.05901,43.19434]]]}},{"type":"Feature","id":"w1364653611","properties":{"nom":null,"exploitant":null,"cepages":null,"hectares":2.16,"vignoble":"Coyote's Run Estate Winery","rattachement":"proximite"},"geometry":{"type":"Polygon","coordinates":[[[-79.11209,43.16555],[-79.11061,43.1656],[-79.11055,43.16411],[-79.11108,43.16408],[-79.11108,43.16377],[-79.11205,43.16405],[-79.11209,43.16555]]]}},{"type":"Feature","id":"w1481253748","properties":{"nom":null,"exploitant":null,"cepages":null,"hectares":2.16,"vignoble":null,"rattachement":null},"geometry":{"type":"Polygon","coordinates":[[[-79.18025,43.20178],[-79.17799,43.20255],[-79.17802,43.20384],[-79.1795,43.20335],[-79.17948,43.20263],[-79.18025,43.20238],[-79.18025,43.20178]]]}},{"type":"Feature","id":"w180784508","properties":{"nom":null,"exploitant":null,"cepages":null,"hectares":2.15,"vignoble":null,"rattachement":null},"geometry":{"type":"Polygon","coordinates":[[[-79.18609,43.21179],[-79.18603,43.21099],[-79.18884,43.20992],[-79.1889,43.21077],[-79.18609,43.21179]]]}},{"type":"Feature","id":"w1364653604","properties":{"nom":null,"exploitant":null,"cepages":null,"hectares":2.14,"vignoble":"Riverview Cellars","rattachement":"proximite"},"geometry":{"type":"Polygon","coordinates":[[[-79.05919,43.19996],[-79.05916,43.1992],[-79.05745,43.19924],[-79.05745,43.19931],[-79.05637,43.19934],[-79.05627,43.19962],[-79.0561,43.19981],[-79.05622,43.2006],[-79.05641,43.20058],[-79.05701,43.20039],[-79.0573,43.2002],[-79.05728,43.19973],[-79.05782,43.19959],[-79.058,43.19958],[-79.05815,43.19999],[-79.05919,43.19996]]]}},{"type":"Feature","id":"w1364653607","properties":{"nom":null,"exploitant":null,"cepages":null,"hectares":2.14,"vignoble":"Colaneri Estate Winery","rattachement":"proximite"},"geometry":{"type":"Polygon","coordinates":[[[-79.14265,43.15797],[-79.14324,43.15794],[-79.14323,43.15784],[-79.14386,43.15782],[-79.14389,43.15831],[-79.14455,43.15828],[-79.14467,43.16046],[-79.14458,43.16045],[-79.1443,43.16032],[-79.14398,43.16005],[-79.1439,43.15896],[-79.14368,43.15885],[-79.14304,43.15871],[-79.14285,43.15854],[-79.14267,43.15823],[-79.14265,43.15797]]]}},{"type":"Feature","id":"w1290624642","properties":{"nom":null,"exploitant":null,"cepages":null,"hectares":2.12,"vignoble":null,"rattachement":null},"geometry":{"type":"Polygon","coordinates":[[[-79.18059,43.20917],[-79.18012,43.20917],[-79.17967,43.20839],[-79.17909,43.20809],[-79.17904,43.20735],[-79.18048,43.20682],[-79.18059,43.20917]]]}},{"type":"Feature","id":"w1360943278","properties":{"nom":null,"exploitant":null,"cepages":null,"hectares":2.12,"vignoble":"Ravine Vineyard","rattachement":"proximite"},"geometry":{"type":"Polygon","coordinates":[[[-79.10492,43.15891],[-79.10431,43.16019],[-79.10355,43.16019],[-79.10215,43.15947],[-79.10214,43.15929],[-79.10222,43.15913],[-79.10275,43.15912],[-79.10273,43.15896],[-79.10332,43.15894],[-79.10332,43.15901],[-79.10399,43.15902],[-79.10399,43.15908],[-79.10461,43.15907],[-79.10461,43.15901],[-79.10467,43.15897],[-79.10467,43.15888],[-79.10484,43.15888],[-79.10485,43.1588],[-79.10495,43.15866],[-79.10496,43.15884],[-79.10492,43.15891]]]}},{"type":"Feature","id":"w1408869822","properties":{"nom":null,"exploitant":null,"cepages":null,"hectares":2.11,"vignoble":null,"rattachement":null},"geometry":{"type":"Polygon","coordinates":[[[-79.11613,43.21013],[-79.11632,43.21039],[-79.11633,43.21052],[-79.11425,43.21058],[-79.11423,43.21028],[-79.11439,43.21027],[-79.11436,43.20995],[-79.11368,43.20997],[-79.11367,43.20933],[-79.11518,43.2093],[-79.11613,43.21013]]]}},{"type":"Feature","id":"w1364375451","properties":{"nom":null,"exploitant":null,"cepages":null,"hectares":2.09,"vignoble":"Konzelmann Estate Winery","rattachement":"proximite"},"geometry":{"type":"Polygon","coordinates":[[[-79.1397,43.25015],[-79.13949,43.24685],[-79.13875,43.24687],[-79.13886,43.24893],[-79.13912,43.24893],[-79.13916,43.24942],[-79.1388,43.24943],[-79.13883,43.24996],[-79.13924,43.24995],[-79.13925,43.25006],[-79.13952,43.25005],[-79.13953,43.25016],[-79.1397,43.25015]]]}},{"type":"Feature","id":"w1364284071","properties":{"nom":null,"exploitant":null,"cepages":null,"hectares":2.05,"vignoble":"Peller Estates Winery","rattachement":"proximite"},"geometry":{"type":"Polygon","coordinates":[[[-79.06912,43.2368],[-79.06915,43.23795],[-79.06937,43.23787],[-79.06947,43.23778],[-79.07046,43.23642],[-79.07044,43.23501],[-79.06925,43.23501],[-79.06926,43.2359],[-79.06984,43.23589],[-79.06987,43.23676],[-79.06912,43.2368]]]}},{"type":"Feature","id":"w1365750578","properties":{"nom":null,"exploitant":null,"cepages":null,"hectares":2.04,"vignoble":"Stratus Winery","rattachement":"proximite"},"geometry":{"type":"Polygon","coordinates":[[[-79.08964,43.2351],[-79.08966,43.23558],[-79.08734,43.23564],[-79.08728,43.23464],[-79.08937,43.23459],[-79.08964,43.2351]]]}},{"type":"Feature","id":"w1364284060","properties":{"nom":null,"exploitant":null,"cepages":null,"hectares":2,"vignoble":"Inniskillin Wines Inc.","rattachement":"proximite"},"geometry":{"type":"Polygon","coordinates":[[[-79.06321,43.21059],[-79.06327,43.21137],[-79.06393,43.21134],[-79.06391,43.21096],[-79.06399,43.21096],[-79.06401,43.21135],[-79.06466,43.21133],[-79.06464,43.21094],[-79.06479,43.21093],[-79.06483,43.21163],[-79.06172,43.21173],[-79.06172,43.21169],[-79.06155,43.21169],[-79.06152,43.211],[-79.06218,43.21097],[-79.06217,43.21062],[-79.06321,43.21059]]]}},{"type":"Feature","id":"w1408869809","properties":{"nom":null,"exploitant":null,"cepages":null,"hectares":1.96,"vignoble":"PondView Estate Winery","rattachement":"proximite"},"geometry":{"type":"Polygon","coordinates":[[[-79.10895,43.21314],[-79.10899,43.21439],[-79.10727,43.21444],[-79.10722,43.21317],[-79.10895,43.21314]]]}},{"type":"Feature","id":"w1365750580","properties":{"nom":null,"exploitant":null,"cepages":null,"hectares":1.89,"vignoble":"Stratus Winery","rattachement":"proximite"},"geometry":{"type":"Polygon","coordinates":[[[-79.08702,43.23567],[-79.08742,43.23716],[-79.08731,43.2372],[-79.08629,43.23722],[-79.08601,43.23729],[-79.08582,43.23661],[-79.08605,43.23641],[-79.08584,43.23561],[-79.08689,43.23557],[-79.08691,43.23568],[-79.08702,43.23567]]]}},{"type":"Feature","id":"w1364375448","properties":{"nom":null,"exploitant":null,"cepages":null,"hectares":1.86,"vignoble":"Konzelmann Estate Winery","rattachement":"proximite"},"geometry":{"type":"Polygon","coordinates":[[[-79.13575,43.25531],[-79.13577,43.25536],[-79.13442,43.25538],[-79.13436,43.25505],[-79.13444,43.25502],[-79.13459,43.25347],[-79.13477,43.25344],[-79.13486,43.25352],[-79.1354,43.25347],[-79.13575,43.25531]]]}},{"type":"Feature","id":"w1509673420","properties":{"nom":null,"exploitant":null,"cepages":null,"hectares":1.84,"vignoble":"Cattail Creek Estate Winery","rattachement":"proximite"},"geometry":{"type":"Polygon","coordinates":[[[-79.13697,43.20248],[-79.13563,43.20253],[-79.13555,43.20104],[-79.13568,43.20098],[-79.13624,43.20096],[-79.13625,43.20116],[-79.13705,43.20116],[-79.13697,43.20248]]]}},{"type":"Feature","id":"w1474038195","properties":{"nom":null,"exploitant":null,"cepages":null,"hectares":1.8,"vignoble":"Palatine Hills Estate","rattachement":"proximite"},"geometry":{"type":"Polygon","coordinates":[[[-79.14625,43.24207],[-79.14623,43.24135],[-79.14346,43.24143],[-79.1435,43.24215],[-79.14625,43.24207]]]}},{"type":"Feature","id":"w1365425625","properties":{"nom":null,"exploitant":null,"cepages":null,"hectares":1.78,"vignoble":"Wayne Gretzky Estates Winery","rattachement":"proximite"},"geometry":{"type":"Polygon","coordinates":[[[-79.1368,43.21239],[-79.13682,43.21275],[-79.13671,43.21277],[-79.13675,43.21384],[-79.13808,43.21381],[-79.13802,43.21214],[-79.13747,43.21235],[-79.1368,43.21239]]]}},{"type":"Feature","id":"w1026511654","properties":{"nom":null,"exploitant":null,"cepages":null,"hectares":1.74,"vignoble":"Palatine Hills Estate","rattachement":"proximite"},"geometry":{"type":"Polygon","coordinates":[[[-79.15295,43.24283],[-79.15242,43.24285],[-79.15222,43.24274],[-79.15163,43.24276],[-79.15157,43.24135],[-79.15291,43.24134],[-79.15295,43.24283]]]}},{"type":"Feature","id":"w183934262","properties":{"nom":null,"exploitant":null,"cepages":null,"hectares":1.7,"vignoble":"Colaneri Estate Winery","rattachement":"proximite"},"geometry":{"type":"Polygon","coordinates":[[[-79.13709,43.16418],[-79.13707,43.16323],[-79.13673,43.16323],[-79.13673,43.16284],[-79.13556,43.16285],[-79.13559,43.16419],[-79.13709,43.16418]]]}},{"type":"Feature","id":"w1408869812","properties":{"nom":null,"exploitant":null,"cepages":null,"hectares":1.7,"vignoble":"PondView Estate Winery","rattachement":"proximite"},"geometry":{"type":"Polygon","coordinates":[[[-79.10705,43.21251],[-79.10712,43.21439],[-79.10597,43.21442],[-79.10589,43.21253],[-79.10605,43.21255],[-79.10607,43.21307],[-79.10655,43.21307],[-79.1066,43.21302],[-79.10658,43.21252],[-79.10705,43.21251]]]}},{"type":"Feature","id":"w1481253765","properties":{"nom":null,"exploitant":null,"cepages":null,"hectares":1.67,"vignoble":null,"rattachement":null},"geometry":{"type":"Polygon","coordinates":[[[-79.16233,43.20336],[-79.16092,43.20388],[-79.16093,43.20404],[-79.16113,43.20423],[-79.16114,43.20434],[-79.16151,43.20484],[-79.16203,43.20483],[-79.16207,43.20559],[-79.1625,43.20544],[-79.16233,43.20336]]]}},{"type":"Feature","id":"w1283283248","properties":{"nom":null,"exploitant":null,"cepages":null,"hectares":1.64,"vignoble":null,"rattachement":null},"geometry":{"type":"Polygon","coordinates":[[[-79.13368,43.23032],[-79.13368,43.22982],[-79.13412,43.22979],[-79.13409,43.22891],[-79.13263,43.22894],[-79.13269,43.23035],[-79.13368,43.23032]]]}},{"type":"Feature","id":"w180784507","properties":{"nom":null,"exploitant":null,"cepages":null,"hectares":1.62,"vignoble":null,"rattachement":null},"geometry":{"type":"Polygon","coordinates":[[[-79.19108,43.20992],[-79.189,43.21072],[-79.18895,43.20989],[-79.19106,43.20907],[-79.19108,43.20992]]]}},{"type":"Feature","id":"w1364653584","properties":{"nom":null,"exploitant":null,"cepages":null,"hectares":1.62,"vignoble":"Palatine Hills Estate","rattachement":"proximite"},"geometry":{"type":"Polygon","coordinates":[[[-79.15015,43.2412],[-79.15014,43.24005],[-79.14867,43.24008],[-79.14867,43.24002],[-79.14857,43.23996],[-79.14859,43.24122],[-79.15015,43.2412]]]}},{"type":"Feature","id":"w1483060943","properties":{"nom":null,"exploitant":null,"cepages":null,"hectares":1.61,"vignoble":"Coyote's Run Estate Winery","rattachement":"proximite"},"geometry":{"type":"Polygon","coordinates":[[[-79.11774,43.16395],[-79.11739,43.16425],[-79.11738,43.16432],[-79.11675,43.16486],[-79.11576,43.16486],[-79.1157,43.16489],[-79.1155,43.16486],[-79.11546,43.1646],[-79.11688,43.16341],[-79.11774,43.16395]]]}},{"type":"Feature","id":"w1364204228","properties":{"nom":null,"exploitant":null,"cepages":null,"hectares":1.55,"vignoble":"Wayne Gretzky Estates Winery","rattachement":"proximite"},"geometry":{"type":"Polygon","coordinates":[[[-79.13479,43.21004],[-79.13475,43.20832],[-79.135,43.20831],[-79.13498,43.20777],[-79.13502,43.2074],[-79.13543,43.20706],[-79.13551,43.21002],[-79.13479,43.21004]]]}},{"type":"Feature","id":"w1361014050","properties":{"nom":null,"exploitant":null,"cepages":["Cabernet sauvignon"],"hectares":1.45,"vignoble":"Southbrook Vineyards","rattachement":"proximite"},"geometry":{"type":"Polygon","coordinates":[[[-79.16032,43.18935],[-79.16095,43.18935],[-79.16107,43.19169],[-79.16048,43.19215],[-79.16032,43.18935]]]}},{"type":"Feature","id":"w1026511655","properties":{"nom":null,"exploitant":null,"cepages":null,"hectares":1.35,"vignoble":"Palatine Hills Estate","rattachement":"proximite"},"geometry":{"type":"Polygon","coordinates":[[[-79.14905,43.24384],[-79.14829,43.24382],[-79.14836,43.24595],[-79.14911,43.24564],[-79.14905,43.24384]]]}},{"type":"Feature","id":"w1364653582","properties":{"nom":null,"exploitant":null,"cepages":null,"hectares":1.33,"vignoble":"Palatine Hills Estate","rattachement":"proximite"},"geometry":{"type":"Polygon","coordinates":[[[-79.15154,43.2412],[-79.15026,43.2412],[-79.15021,43.24006],[-79.15151,43.24005],[-79.15154,43.2412]]]}},{"type":"Feature","id":"w1361856952","properties":{"nom":null,"exploitant":null,"cepages":null,"hectares":1.29,"vignoble":"Peller Estates Winery","rattachement":"proximite"},"geometry":{"type":"Polygon","coordinates":[[[-79.06693,43.23974],[-79.06725,43.23992],[-79.06599,43.24114],[-79.06516,43.24066],[-79.06617,43.23967],[-79.06669,43.23998],[-79.06693,43.23974]]]}},{"type":"Feature","id":"w1364375439","properties":{"nom":null,"exploitant":null,"cepages":null,"hectares":1.26,"vignoble":"NOMAD at Hinterbrook Winery","rattachement":"proximite"},"geometry":{"type":"Polygon","coordinates":[[[-79.1368,43.25112],[-79.1362,43.25129],[-79.13614,43.25054],[-79.13623,43.25053],[-79.13619,43.24994],[-79.13616,43.24994],[-79.13611,43.24922],[-79.13604,43.24922],[-79.13602,43.24889],[-79.13668,43.24886],[-79.13677,43.25007],[-79.13674,43.25007],[-79.1368,43.25112]]]}},{"type":"Feature","id":"w1026511651","properties":{"nom":null,"exploitant":null,"cepages":null,"hectares":1.22,"vignoble":"Palatine Hills Estate","rattachement":"proximite"},"geometry":{"type":"Polygon","coordinates":[[[-79.15223,43.24473],[-79.15172,43.24475],[-79.15166,43.2431],[-79.15211,43.24312],[-79.15237,43.24326],[-79.1527,43.24364],[-79.15289,43.24367],[-79.15289,43.24412],[-79.15224,43.24424],[-79.15223,43.24473]]]}},{"type":"Feature","id":"w1292317828","properties":{"nom":null,"exploitant":null,"cepages":null,"hectares":1.22,"vignoble":"Small Talk Vineyards","rattachement":"proximite"},"geometry":{"type":"Polygon","coordinates":[[[-79.1812,43.21961],[-79.1806,43.21962],[-79.18061,43.21874],[-79.18022,43.21812],[-79.1801,43.21753],[-79.18104,43.21772],[-79.1812,43.21961]]]}},{"type":"Feature","id":"w1292321058","properties":{"nom":null,"exploitant":null,"cepages":null,"hectares":1.22,"vignoble":null,"rattachement":null},"geometry":{"type":"Polygon","coordinates":[[[-79.18604,43.23144],[-79.18477,43.23193],[-79.1847,43.23181],[-79.18478,43.23177],[-79.1842,43.2309],[-79.18503,43.23057],[-79.18542,43.23096],[-79.18572,43.23096],[-79.18606,43.23131],[-79.18604,43.23144]]]}},{"type":"Feature","id":"w1361014056","properties":{"nom":null,"exploitant":null,"cepages":["Cabernet sauvignon"],"hectares":1.2,"vignoble":"Southbrook Vineyards","rattachement":"proximite"},"geometry":{"type":"Polygon","coordinates":[[[-79.15981,43.18815],[-79.1593,43.18816],[-79.15917,43.18568],[-79.15968,43.18546],[-79.15981,43.18815]]]}},{"type":"Feature","id":"w1364284050","properties":{"nom":null,"exploitant":null,"cepages":null,"hectares":1.2,"vignoble":"Reif Estate Winery","rattachement":"proximite"},"geometry":{"type":"Polygon","coordinates":[[[-79.05914,43.22336],[-79.05917,43.22373],[-79.05893,43.22378],[-79.05896,43.22409],[-79.05908,43.22409],[-79.05909,43.2244],[-79.06034,43.22436],[-79.06033,43.2233],[-79.05914,43.22336]]]}},{"type":"Feature","id":"w1026511653","properties":{"nom":null,"exploitant":null,"cepages":null,"hectares":1.18,"vignoble":"Palatine Hills Estate","rattachement":"proximite"},"geometry":{"type":"Polygon","coordinates":[[[-79.15148,43.24273],[-79.15053,43.24254],[-79.15049,43.24127],[-79.15145,43.24126],[-79.15148,43.24273]]]}},{"type":"Feature","id":"w1364375452","properties":{"nom":null,"exploitant":null,"cepages":null,"hectares":1.17,"vignoble":"Palatine Hills Estate","rattachement":"proximite"},"geometry":{"type":"Polygon","coordinates":[[[-79.15667,43.24536],[-79.15587,43.24538],[-79.15587,43.24495],[-79.15613,43.24495],[-79.15611,43.24452],[-79.15585,43.24452],[-79.15583,43.24384],[-79.15661,43.24335],[-79.15667,43.24536]]]}},{"type":"Feature","id":"w1408869815","properties":{"nom":null,"exploitant":null,"cepages":null,"hectares":1.17,"vignoble":"PondView Estate Winery","rattachement":"proximite"},"geometry":{"type":"Polygon","coordinates":[[[-79.11064,43.21093],[-79.11068,43.21218],[-79.11014,43.21219],[-79.11014,43.21227],[-79.10969,43.21228],[-79.10963,43.21094],[-79.11064,43.21093]]]}},{"type":"Feature","id":"w1364653583","properties":{"nom":null,"exploitant":null,"cepages":null,"hectares":1.14,"vignoble":"Palatine Hills Estate","rattachement":"proximite"},"geometry":{"type":"Polygon","coordinates":[[[-79.15016,43.24204],[-79.1485,43.24206],[-79.14848,43.2413],[-79.15014,43.24128],[-79.15016,43.24204]]]}},{"type":"Feature","id":"w1364375447","properties":{"nom":null,"exploitant":null,"cepages":null,"hectares":1.11,"vignoble":"NOMAD at Hinterbrook Winery","rattachement":"proximite"},"geometry":{"type":"Polygon","coordinates":[[[-79.13571,43.24858],[-79.13516,43.2486],[-79.13499,43.24642],[-79.13557,43.2464],[-79.13571,43.24858]]]}},{"type":"Feature","id":"w1361014046","properties":{"nom":null,"exploitant":null,"cepages":["Cabernet sauvignon"],"hectares":1.09,"vignoble":"Southbrook Vineyards","rattachement":"proximite"},"geometry":{"type":"Polygon","coordinates":[[[-79.16216,43.18814],[-79.16198,43.18469],[-79.16231,43.18457],[-79.16251,43.18814],[-79.16216,43.18814]]]}},{"type":"Feature","id":"w1026511656","properties":{"nom":null,"exploitant":null,"cepages":null,"hectares":1.08,"vignoble":"Palatine Hills Estate","rattachement":"proximite"},"geometry":{"type":"Polygon","coordinates":[[[-79.14824,43.24536],[-79.14745,43.24537],[-79.14743,43.24382],[-79.1482,43.24383],[-79.14824,43.24536]]]}},{"type":"Feature","id":"w1364375453","properties":{"nom":null,"exploitant":null,"cepages":null,"hectares":1.07,"vignoble":"Palatine Hills Estate","rattachement":"proximite"},"geometry":{"type":"Polygon","coordinates":[[[-79.15544,43.24568],[-79.15495,43.2457],[-79.15492,43.24442],[-79.15574,43.2439],[-79.15575,43.24527],[-79.15544,43.24568]]]}},{"type":"Feature","id":"w1365425623","properties":{"nom":null,"exploitant":null,"cepages":null,"hectares":1,"vignoble":"Wayne Gretzky Estates Winery","rattachement":"proximite"},"geometry":{"type":"Polygon","coordinates":[[[-79.13799,43.21488],[-79.13699,43.21492],[-79.13686,43.2149],[-79.13682,43.21433],[-79.13676,43.21409],[-79.13693,43.21408],[-79.13698,43.21394],[-79.13794,43.21389],[-79.13799,43.21488]]]}},{"type":"Feature","id":"w1364653606","properties":{"nom":null,"exploitant":null,"cepages":null,"hectares":0.97,"vignoble":"Riverview Cellars","rattachement":"proximite"},"geometry":{"type":"Polygon","coordinates":[[[-79.05916,43.19915],[-79.05914,43.1987],[-79.05664,43.19876],[-79.05648,43.19909],[-79.05743,43.19909],[-79.05743,43.1992],[-79.05916,43.19915]]]}},{"type":"Feature","id":"w1364284052","properties":{"nom":null,"exploitant":null,"cepages":null,"hectares":0.94,"vignoble":"Lailey Winery","rattachement":"proximite"},"geometry":{"type":"Polygon","coordinates":[[[-79.06329,43.23084],[-79.06294,43.23126],[-79.06277,43.23139],[-79.06228,43.2314],[-79.06211,43.23159],[-79.06157,43.2316],[-79.0612,43.23118],[-79.06152,43.23102],[-79.06165,43.23115],[-79.06169,43.23115],[-79.0617,43.23082],[-79.06329,43.23084]]]}},{"type":"Feature","id":"w1361014047","properties":{"nom":null,"exploitant":null,"cepages":["Petit verdot"],"hectares":0.93,"vignoble":"Southbrook Vineyards","rattachement":"proximite"},"geometry":{"type":"Polygon","coordinates":[[[-79.16186,43.18815],[-79.16216,43.18814],[-79.16198,43.18469],[-79.16168,43.18479],[-79.16186,43.18815]]]}},{"type":"Feature","id":"w1364653591","properties":{"nom":null,"exploitant":null,"cepages":null,"hectares":0.88,"vignoble":"Jackson-Triggs Niagara Estate","rattachement":"proximite"},"geometry":{"type":"Polygon","coordinates":[[[-79.09256,43.24473],[-79.09256,43.24504],[-79.09226,43.24526],[-79.09057,43.24525],[-79.09057,43.24499],[-79.09076,43.24465],[-79.09087,43.24459],[-79.09106,43.24461],[-79.09105,43.24493],[-79.09096,43.24493],[-79.09096,43.24506],[-79.09163,43.24506],[-79.09177,43.245],[-79.0919,43.245],[-79.0919,43.24425],[-79.09217,43.24431],[-79.09228,43.24436],[-79.09251,43.24463],[-79.09256,43.24473]]]}},{"type":"Feature","id":"w494664116","properties":{"nom":null,"exploitant":null,"cepages":null,"hectares":0.85,"vignoble":"Trius Winery at Hillebrand","rattachement":"proximite"},"geometry":{"type":"Polygon","coordinates":[[[-79.13321,43.21158],[-79.13255,43.21159],[-79.13254,43.21135],[-79.13276,43.21135],[-79.13273,43.21036],[-79.13352,43.21035],[-79.13355,43.21136],[-79.13321,43.21136],[-79.13321,43.21158]]]}},{"type":"Feature","id":"w1361014040","properties":{"nom":null,"exploitant":null,"cepages":["Cabernet sauvignon"],"hectares":0.84,"vignoble":"Southbrook Vineyards","rattachement":"proximite"},"geometry":{"type":"Polygon","coordinates":[[[-79.16268,43.19045],[-79.16262,43.18933],[-79.16214,43.18934],[-79.16219,43.18997],[-79.16193,43.18999],[-79.16193,43.19009],[-79.16184,43.1901],[-79.16188,43.19098],[-79.16198,43.19098],[-79.16268,43.19045]]]}},{"type":"Feature","id":"w1483060946","properties":{"nom":null,"exploitant":null,"cepages":null,"hectares":0.83,"vignoble":"Coyote's Run Estate Winery","rattachement":"proximite"},"geometry":{"type":"Polygon","coordinates":[[[-79.1171,43.16496],[-79.11708,43.16552],[-79.11544,43.16552],[-79.11545,43.16496],[-79.1171,43.16496]]]}},{"type":"Feature","id":"w1408869814","properties":{"nom":null,"exploitant":null,"cepages":null,"hectares":0.8,"vignoble":"PondView Estate Winery","rattachement":"proximite"},"geometry":{"type":"Polygon","coordinates":[[[-79.10647,43.21246],[-79.10586,43.21247],[-79.1058,43.211],[-79.10639,43.21099],[-79.10647,43.21246]]]}},{"type":"Feature","id":"w1364653596","properties":{"nom":null,"exploitant":null,"cepages":null,"hectares":0.78,"vignoble":"Strewn Winery","rattachement":"proximite"},"geometry":{"type":"Polygon","coordinates":[[[-79.12695,43.25119],[-79.12663,43.25193],[-79.12753,43.25217],[-79.12776,43.25195],[-79.12803,43.2518],[-79.12786,43.2515],[-79.12774,43.25136],[-79.12695,43.25119]]]}},{"type":"Feature","id":"w1361856957","properties":{"nom":null,"exploitant":null,"cepages":null,"hectares":0.76,"vignoble":"Reif Estate Winery","rattachement":"proximite"},"geometry":{"type":"Polygon","coordinates":[[[-79.0612,43.21923],[-79.06113,43.21776],[-79.06147,43.21775],[-79.06151,43.21847],[-79.06195,43.21847],[-79.06199,43.21921],[-79.0612,43.21923]]]}},{"type":"Feature","id":"w1364653597","properties":{"nom":null,"exploitant":null,"cepages":null,"hectares":0.74,"vignoble":"Strewn Winery","rattachement":"proximite"},"geometry":{"type":"Polygon","coordinates":[[[-79.12668,43.2516],[-79.1265,43.25202],[-79.1253,43.25176],[-79.12525,43.25161],[-79.12464,43.25144],[-79.12476,43.25114],[-79.12668,43.2516]]]}},{"type":"Feature","id":"w1361014054","properties":{"nom":null,"exploitant":null,"cepages":["Merlot"],"hectares":0.73,"vignoble":"Southbrook Vineyards","rattachement":"proximite"},"geometry":{"type":"Polygon","coordinates":[[[-79.15955,43.18932],[-79.16028,43.18931],[-79.16022,43.1882],[-79.1595,43.18821],[-79.15955,43.18932]]]}},{"type":"Feature","id":"w1481253756","properties":{"nom":null,"exploitant":null,"cepages":null,"hectares":0.7,"vignoble":null,"rattachement":null},"geometry":{"type":"Polygon","coordinates":[[[-79.17105,43.20522],[-79.1703,43.20458],[-79.17037,43.20609],[-79.17108,43.20585],[-79.17105,43.20522]]]}},{"type":"Feature","id":"w1481253773","properties":{"nom":null,"exploitant":null,"cepages":null,"hectares":0.69,"vignoble":null,"rattachement":null},"geometry":{"type":"Polygon","coordinates":[[[-79.1723,43.21498],[-79.17094,43.21552],[-79.17099,43.21611],[-79.17189,43.21577],[-79.17191,43.21558],[-79.17234,43.2154],[-79.1723,43.21498]]]}},{"type":"Feature","id":"w1292340177","properties":{"nom":null,"exploitant":null,"cepages":null,"hectares":0.68,"vignoble":"Small Talk Vineyards","rattachement":"proximite"},"geometry":{"type":"Polygon","coordinates":[[[-79.18027,43.22858],[-79.1797,43.22856],[-79.1797,43.2281],[-79.17963,43.22805],[-79.17961,43.22704],[-79.17994,43.22701],[-79.17994,43.22739],[-79.18004,43.22739],[-79.18002,43.22775],[-79.18027,43.22778],[-79.18027,43.22858]]]}},{"type":"Feature","id":"w1283283250","properties":{"nom":null,"exploitant":null,"cepages":null,"hectares":0.67,"vignoble":null,"rattachement":null},"geometry":{"type":"Polygon","coordinates":[[[-79.13425,43.22975],[-79.13473,43.22967],[-79.13483,43.22963],[-79.13484,43.22928],[-79.13472,43.22919],[-79.13445,43.22915],[-79.13444,43.22735],[-79.13418,43.22736],[-79.13425,43.22975]]]}},{"type":"Feature","id":"w1290432436","properties":{"nom":null,"exploitant":null,"cepages":null,"hectares":0.65,"vignoble":null,"rattachement":null},"geometry":{"type":"Polygon","coordinates":[[[-79.19906,43.22057],[-79.19906,43.22037],[-79.19926,43.22032],[-79.19921,43.21973],[-79.19823,43.22001],[-79.19828,43.22073],[-79.19906,43.22057]]]}},{"type":"Feature","id":"w1408869808","properties":{"nom":null,"exploitant":null,"cepages":null,"hectares":0.65,"vignoble":"PondView Estate Winery","rattachement":"proximite"},"geometry":{"type":"Polygon","coordinates":[[[-79.10896,43.21087],[-79.10898,43.21126],[-79.10715,43.2113],[-79.10713,43.21091],[-79.10896,43.21087]]]}},{"type":"Feature","id":"w1290623001","properties":{"nom":null,"exploitant":null,"cepages":null,"hectares":0.64,"vignoble":null,"rattachement":null},"geometry":{"type":"Polygon","coordinates":[[[-79.1883,43.20362],[-79.18827,43.20331],[-79.1906,43.20236],[-79.19064,43.20263],[-79.1883,43.20362]]]}},{"type":"Feature","id":"w1408869819","properties":{"nom":null,"exploitant":null,"cepages":null,"hectares":0.64,"vignoble":"PondView Estate Winery","rattachement":"proximite"},"geometry":{"type":"Polygon","coordinates":[[[-79.10321,43.21076],[-79.10215,43.21078],[-79.10211,43.21015],[-79.10244,43.21014],[-79.10252,43.21008],[-79.10317,43.21007],[-79.10321,43.21076]]]}},{"type":"Feature","id":"w1360943277","properties":{"nom":null,"exploitant":null,"cepages":null,"hectares":0.6,"vignoble":"Ravine Vineyard","rattachement":"proximite"},"geometry":{"type":"Polygon","coordinates":[[[-79.10528,43.15966],[-79.10514,43.15967],[-79.10513,43.15891],[-79.10501,43.15891],[-79.10444,43.16007],[-79.10445,43.1602],[-79.10485,43.1602],[-79.10492,43.16025],[-79.10493,43.16038],[-79.10499,43.16038],[-79.10509,43.16029],[-79.10528,43.16001],[-79.10528,43.15966]]]}},{"type":"Feature","id":"w1361014052","properties":{"nom":null,"exploitant":null,"cepages":["Merlot"],"hectares":0.6,"vignoble":"Southbrook Vineyards","rattachement":"proximite"},"geometry":{"type":"Polygon","coordinates":[[[-79.16088,43.18929],[-79.16082,43.18819],[-79.16022,43.1882],[-79.16028,43.18931],[-79.16088,43.18929]]]}},{"type":"Feature","id":"w1361014041","properties":{"nom":null,"exploitant":null,"cepages":["Cabernet franc"],"hectares":0.58,"vignoble":"Southbrook Vineyards","rattachement":"proximite"},"geometry":{"type":"Polygon","coordinates":[[[-79.16268,43.19045],[-79.16262,43.18933],[-79.16328,43.1893],[-79.16336,43.18935],[-79.1634,43.18989],[-79.16268,43.19045]]]}},{"type":"Feature","id":"w1364653605","properties":{"nom":null,"exploitant":null,"cepages":null,"hectares":0.54,"vignoble":"Riverview Cellars","rattachement":"proximite"},"geometry":{"type":"Polygon","coordinates":[[[-79.05837,43.20015],[-79.05838,43.20056],[-79.05817,43.20056],[-79.05816,43.20064],[-79.05726,43.20066],[-79.05724,43.20048],[-79.05704,43.20044],[-79.05752,43.20015],[-79.05786,43.20005],[-79.05826,43.20006],[-79.05826,43.20015],[-79.05837,43.20015]]]}},{"type":"Feature","id":"w1509673418","properties":{"nom":null,"exploitant":null,"cepages":null,"hectares":0.53,"vignoble":"Lakeview Wine Co.","rattachement":"proximite"},"geometry":{"type":"Polygon","coordinates":[[[-79.13739,43.20629],[-79.13582,43.20626],[-79.1358,43.20592],[-79.13738,43.20588],[-79.13739,43.20629]]]}},{"type":"Feature","id":"w1361014049","properties":{"nom":null,"exploitant":null,"cepages":["Cabernet franc"],"hectares":0.5,"vignoble":"Southbrook Vineyards","rattachement":"proximite"},"geometry":{"type":"Polygon","coordinates":[[[-79.16123,43.18934],[-79.16123,43.18964],[-79.16102,43.18965],[-79.16103,43.18997],[-79.16126,43.18997],[-79.16134,43.19148],[-79.16107,43.19169],[-79.16095,43.18935],[-79.16123,43.18934]]]}},{"type":"Feature","id":"w1364375440","properties":{"nom":null,"exploitant":null,"cepages":null,"hectares":0.5,"vignoble":"NOMAD at Hinterbrook Winery","rattachement":"proximite"},"geometry":{"type":"Polygon","coordinates":[[[-79.13541,43.25031],[-79.1355,43.25149],[-79.13588,43.25139],[-79.13587,43.25127],[-79.13603,43.251],[-79.13599,43.25056],[-79.1357,43.25029],[-79.13541,43.25031]]]}},{"type":"Feature","id":"w1408869813","properties":{"nom":null,"exploitant":null,"cepages":null,"hectares":0.5,"vignoble":"PondView Estate Winery","rattachement":"proximite"},"geometry":{"type":"Polygon","coordinates":[[[-79.107,43.21137],[-79.10704,43.21244],[-79.10652,43.21246],[-79.10648,43.21139],[-79.107,43.21137]]]}},{"type":"Feature","id":"w1026511652","properties":{"nom":null,"exploitant":null,"cepages":null,"hectares":0.47,"vignoble":"Palatine Hills Estate","rattachement":"proximite"},"geometry":{"type":"Polygon","coordinates":[[[-79.15159,43.24409],[-79.15114,43.24412],[-79.15113,43.24355],[-79.15099,43.24356],[-79.15097,43.2431],[-79.15159,43.24311],[-79.15159,43.24409]]]}},{"type":"Feature","id":"w1283283252","properties":{"nom":null,"exploitant":null,"cepages":null,"hectares":0.47,"vignoble":null,"rattachement":null},"geometry":{"type":"Polygon","coordinates":[[[-79.13095,43.22768],[-79.12933,43.22771],[-79.12931,43.22739],[-79.13093,43.22736],[-79.13095,43.22768]]]}},{"type":"Feature","id":"w1361022020","properties":{"nom":null,"exploitant":"Chateau Des Charmes","cepages":null,"hectares":0.42,"vignoble":"Chateau des Charmes","rattachement":"exploitant"},"geometry":{"type":"Polygon","coordinates":[[[-79.12503,43.1579],[-79.12511,43.15924],[-79.12486,43.15924],[-79.12475,43.15919],[-79.12468,43.15791],[-79.12503,43.1579]]]}},{"type":"Feature","id":"w1361014044","properties":{"nom":null,"exploitant":null,"cepages":["Petit verdot"],"hectares":0.35,"vignoble":"Southbrook Vineyards","rattachement":"proximite"},"geometry":{"type":"Polygon","coordinates":[[[-79.16222,43.18924],[-79.16216,43.18814],[-79.16251,43.18814],[-79.16257,43.18923],[-79.16222,43.18924]]]}},{"type":"Feature","id":"w1283283242","properties":{"nom":null,"exploitant":null,"cepages":null,"hectares":0.34,"vignoble":"Domaine Vagners Winery","rattachement":"proximite"},"geometry":{"type":"Polygon","coordinates":[[[-79.13629,43.23304],[-79.13572,43.23303],[-79.13569,43.23236],[-79.13625,43.23236],[-79.13629,43.23304]]]}},{"type":"Feature","id":"w1364375449","properties":{"nom":null,"exploitant":null,"cepages":null,"hectares":0.28,"vignoble":"Konzelmann Estate Winery","rattachement":"proximite"},"geometry":{"type":"Polygon","coordinates":[[[-79.1353,43.25303],[-79.135,43.25303],[-79.13493,43.25296],[-79.13467,43.25294],[-79.13464,43.25277],[-79.13469,43.25247],[-79.13521,43.25248],[-79.1353,43.25303]]]}},{"type":"Feature","id":"w1361014045","properties":{"nom":null,"exploitant":null,"cepages":["Cabernet sauvignon"],"hectares":0.23,"vignoble":"Southbrook Vineyards","rattachement":"proximite"},"geometry":{"type":"Polygon","coordinates":[[[-79.16222,43.18924],[-79.16215,43.18924],[-79.16212,43.18889],[-79.1619,43.1889],[-79.16186,43.18815],[-79.16216,43.18814],[-79.16222,43.18924]]]}},{"type":"Feature","id":"w1361014053","properties":{"nom":null,"exploitant":null,"cepages":["Syrah"],"hectares":0.22,"vignoble":"Southbrook Vineyards","rattachement":"proximite"},"geometry":{"type":"Polygon","coordinates":[[[-79.15928,43.18821],[-79.15934,43.18932],[-79.15955,43.18932],[-79.1595,43.18821],[-79.15928,43.18821]]]}},{"type":"Feature","id":"w1364201856","properties":{"nom":null,"exploitant":null,"cepages":null,"hectares":0.2,"vignoble":"Trius Winery at Hillebrand","rattachement":"proximite"},"geometry":{"type":"Polygon","coordinates":[[[-79.13,43.21056],[-79.13,43.21108],[-79.12969,43.21131],[-79.12966,43.21049],[-79.1299,43.21051],[-79.13,43.21056]]]}},{"type":"Feature","id":"w1408869821","properties":{"nom":null,"exploitant":null,"cepages":null,"hectares":0.18,"vignoble":"PondView Estate Winery","rattachement":"proximite"},"geometry":{"type":"Polygon","coordinates":[[[-79.10121,43.2101],[-79.10125,43.2108],[-79.10097,43.2108],[-79.10093,43.21011],[-79.10121,43.2101]]]}},{"type":"Feature","id":"w1509673415","properties":{"nom":null,"exploitant":null,"cepages":null,"hectares":0.18,"vignoble":"Lakeview Wine Co.","rattachement":"proximite"},"geometry":{"type":"Polygon","coordinates":[[[-79.14774,43.20702],[-79.14744,43.20701],[-79.14744,43.20773],[-79.14771,43.20773],[-79.14774,43.20702]]]}},{"type":"Feature","id":"w1364653592","properties":{"nom":null,"exploitant":null,"cepages":null,"hectares":0.17,"vignoble":"Stratus Winery","rattachement":"proximite"},"geometry":{"type":"Polygon","coordinates":[[[-79.0978,43.24051],[-79.09745,43.2406],[-79.09724,43.24013],[-79.09759,43.24003],[-79.0978,43.24051]]]}}]}