{"type":"FeatureCollection","features":[{"type":"Feature","properties":{"serie":"Beverly","texture":"loam limono-argileux","code_texture":"SICL","drainage":"imparfait","pente":1.2,"classe_agricole":"2"},"geometry":{"type":"Polygon","coordinates":[[[-79.15631,43.16326],[-79.15607,43.16377],[-79.15697,43.16368],[-79.1571,43.16309],[-79.15778,43.16301],[-79.15789,43.16336],[-79.15818,43.16333],[-79.15791,43.16245],[-79.15737,43.16197],[-79.15725,43.16155],[-79.15802,43.16134],[-79.15852,43.16102],[-79.15914,43.1608],[-79.15946,43.16078],[-79.15872,43.16033],[-79.15775,43.16004],[-79.15728,43.15959],[-79.1577,43.15934],[-79.15992,43.15946],[-79.1601,43.1594],[-79.15936,43.15792],[-79.15918,43.15738],[-79.15858,43.15663],[-79.15825,43.15658],[-79.15713,43.15661],[-79.15716,43.15768],[-79.15563,43.15767],[-79.15565,43.15665],[-79.15298,43.15671],[-79.15296,43.1572],[-79.15332,43.15793],[-79.15521,43.15908],[-79.15607,43.15931],[-79.15672,43.15924],[-79.15575,43.16034],[-79.15567,43.16109],[-79.15512,43.16168],[-79.15512,43.1618],[-79.15564,43.16207],[-79.15626,43.16195],[-79.15634,43.16231],[-79.15594,43.16279],[-79.15631,43.16326]]]}},{"type":"Feature","properties":{"serie":"Beverly","texture":"loam limono-argileux","code_texture":"SICL","drainage":"imparfait","pente":3.5,"classe_agricole":"2"},"geometry":{"type":"Polygon","coordinates":[[[-79.14694,43.16204],[-79.14711,43.16237],[-79.14746,43.16225],[-79.14771,43.16086],[-79.14822,43.16048],[-79.14816,43.16012],[-79.14787,43.15991],[-79.1474,43.15916],[-79.1472,43.15851],[-79.14661,43.15817],[-79.146,43.15696],[-79.14581,43.15699],[-79.14568,43.1573],[-79.14568,43.15772],[-79.1453,43.15786],[-79.14501,43.15756],[-79.14461,43.15765],[-79.14477,43.15822],[-79.14524,43.15867],[-79.14581,43.1589],[-79.14669,43.15986],[-79.14687,43.1604],[-79.14694,43.16193],[-79.14694,43.16204]]]}},{"type":"Feature","properties":{"serie":"Beverly","texture":"loam limono-argileux","code_texture":"SICL","drainage":"imparfait","pente":3.5,"classe_agricole":"2"},"geometry":{"type":"Polygon","coordinates":[[[-79.1434,43.15771],[-79.14364,43.15828],[-79.1442,43.15873],[-79.14439,43.15949],[-79.14446,43.16033],[-79.14526,43.16051],[-79.1459,43.16042],[-79.14669,43.16186],[-79.14694,43.16204],[-79.14687,43.1604],[-79.14669,43.15986],[-79.14581,43.1589],[-79.14524,43.15867],[-79.14477,43.15822],[-79.14461,43.15765],[-79.1434,43.15771]]]}},{"type":"Feature","properties":{"serie":"Beverly","texture":"loam limono-argileux","code_texture":"SICL","drainage":"imparfait","pente":3.5,"classe_agricole":"2"},"geometry":{"type":"Polygon","coordinates":[[[-79.15136,43.16082],[-79.15132,43.16116],[-79.15238,43.16249],[-79.15254,43.16336],[-79.15348,43.16416],[-79.15395,43.16474],[-79.15418,43.16449],[-79.15476,43.16445],[-79.15452,43.16394],[-79.15487,43.1639],[-79.15504,43.16317],[-79.15496,43.16264],[-79.15412,43.16175],[-79.15277,43.16107],[-79.1519,43.16084],[-79.15136,43.16082]]]}},{"type":"Feature","properties":{"serie":"Cashel","texture":"loam limono-argileux","code_texture":"SICL","drainage":"modérément bon","pente":12,"classe_agricole":"4"},"geometry":{"type":"Polygon","coordinates":[[[-79.15438,43.16199],[-79.15496,43.16264],[-79.15504,43.16317],[-79.15487,43.1639],[-79.15607,43.16377],[-79.15618,43.16363],[-79.15631,43.16326],[-79.15594,43.16279],[-79.15634,43.16231],[-79.15626,43.16195],[-79.15564,43.16207],[-79.15457,43.16163],[-79.15438,43.16199]]]}},{"type":"Feature","properties":{"serie":"Beverly","texture":"loam limono-argileux","code_texture":"SICL","drainage":"imparfait","pente":3.5,"classe_agricole":"2"},"geometry":{"type":"Polygon","coordinates":[[[-79.13836,43.16021],[-79.13848,43.16052],[-79.13902,43.16115],[-79.1393,43.16174],[-79.14034,43.16216],[-79.14072,43.16257],[-79.14023,43.16269],[-79.13937,43.16244],[-79.13784,43.16106],[-79.13724,43.1611],[-79.13749,43.16179],[-79.13857,43.16249],[-79.13954,43.16285],[-79.14037,43.16299],[-79.14131,43.16289],[-79.14172,43.16321],[-79.14124,43.1634],[-79.14045,43.16348],[-79.14063,43.16384],[-79.1413,43.164],[-79.14131,43.16382],[-79.1417,43.1637],[-79.14189,43.16391],[-79.14208,43.16384],[-79.14255,43.1634],[-79.1427,43.16279],[-79.14237,43.16218],[-79.1416,43.16201],[-79.14092,43.16145],[-79.13987,43.16079],[-79.1395,43.15966],[-79.13993,43.15919],[-79.1393,43.15854],[-79.13887,43.15929],[-79.13851,43.1595],[-79.13823,43.15984],[-79.13836,43.16021]]]}},{"type":"Feature","properties":{"serie":"Beverly","texture":"loam limono-argileux","code_texture":"SICL","drainage":"imparfait","pente":1.2,"classe_agricole":"2"},"geometry":{"type":"Polygon","coordinates":[[[-79.12773,43.15832],[-79.12399,43.16036],[-79.12297,43.16108],[-79.12252,43.16172],[-79.12144,43.16251],[-79.12144,43.1627],[-79.12322,43.16211],[-79.12471,43.1608],[-79.12564,43.16028],[-79.12621,43.1597],[-79.12649,43.16006],[-79.12676,43.16024],[-79.12737,43.15987],[-79.12834,43.15959],[-79.12914,43.15894],[-79.12984,43.15856],[-79.13031,43.15801],[-79.13072,43.15781],[-79.13092,43.15787],[-79.13128,43.15751],[-79.13134,43.15697],[-79.13069,43.15684],[-79.12975,43.15718],[-79.12901,43.15772],[-79.12798,43.15826],[-79.12773,43.15832]]]}},{"type":"Feature","properties":{"serie":"Beverly","texture":"loam limono-argileux","code_texture":"SICL","drainage":"imparfait","pente":3.5,"classe_agricole":"2"},"geometry":{"type":"Polygon","coordinates":[[[-79.14684,43.16292],[-79.1475,43.16291],[-79.14808,43.16273],[-79.14846,43.16334],[-79.14919,43.16363],[-79.14994,43.16353],[-79.15,43.16292],[-79.15032,43.16303],[-79.15068,43.16346],[-79.15103,43.16304],[-79.15056,43.16219],[-79.1498,43.16193],[-79.14903,43.16115],[-79.14822,43.16048],[-79.14771,43.16086],[-79.14746,43.16225],[-79.14711,43.16237],[-79.14717,43.16251],[-79.14697,43.16276],[-79.14684,43.16292]]]}},{"type":"Feature","properties":{"serie":"Beverly","texture":"loam limono-argileux","code_texture":"SICL","drainage":"imparfait","pente":1.2,"classe_agricole":"2"},"geometry":{"type":"Polygon","coordinates":[[[-79.13357,43.16385],[-79.13438,43.16385],[-79.13442,43.16416],[-79.13764,43.16407],[-79.13709,43.16381],[-79.13641,43.16318],[-79.136,43.16222],[-79.13573,43.16124],[-79.13614,43.16057],[-79.13684,43.16031],[-79.13836,43.16021],[-79.13823,43.15984],[-79.13851,43.1595],[-79.13759,43.15883],[-79.13622,43.15868],[-79.13489,43.15877],[-79.13378,43.15865],[-79.13384,43.15932],[-79.13439,43.16],[-79.13416,43.16064],[-79.13363,43.16095],[-79.13439,43.16191],[-79.13432,43.16242],[-79.13378,43.16295],[-79.13355,43.16345],[-79.13357,43.16385]]]}},{"type":"Feature","properties":{"serie":"Beverly","texture":"loam limono-argileux","code_texture":"SICL","drainage":"imparfait","pente":7,"classe_agricole":"3"},"geometry":{"type":"Polygon","coordinates":[[[-79.11824,43.16493],[-79.11892,43.16498],[-79.12014,43.1642],[-79.12108,43.16389],[-79.12209,43.16372],[-79.1225,43.1638],[-79.12322,43.16304],[-79.12554,43.16122],[-79.12637,43.16102],[-79.12705,43.1611],[-79.12761,43.16077],[-79.12831,43.16053],[-79.12897,43.16049],[-79.12923,43.1601],[-79.12933,43.15976],[-79.13095,43.15857],[-79.13106,43.15793],[-79.13072,43.15781],[-79.13031,43.15801],[-79.12984,43.15856],[-79.12914,43.15894],[-79.12834,43.15959],[-79.12737,43.15987],[-79.12676,43.16024],[-79.12649,43.16006],[-79.12621,43.1597],[-79.12564,43.16028],[-79.12471,43.1608],[-79.12322,43.16211],[-79.12144,43.1627],[-79.12144,43.16251],[-79.12252,43.16172],[-79.12297,43.16108],[-79.12399,43.16036],[-79.12764,43.15842],[-79.12797,43.1581],[-79.12759,43.15781],[-79.12686,43.15802],[-79.12615,43.15852],[-79.12569,43.15862],[-79.12589,43.15799],[-79.12551,43.15802],[-79.12481,43.15884],[-79.12354,43.1594],[-79.12315,43.15989],[-79.12209,43.16076],[-79.12187,43.16112],[-79.12089,43.16142],[-79.12032,43.16206],[-79.12042,43.16308],[-79.11981,43.16366],[-79.1188,43.16396],[-79.11814,43.16435],[-79.11824,43.16493]]]}},{"type":"Feature","properties":{"serie":"Beverly","texture":"loam limono-argileux","code_texture":"SICL","drainage":"imparfait","pente":7,"classe_agricole":"3"},"geometry":{"type":"Polygon","coordinates":[[[-79.14309,43.16262],[-79.1438,43.16313],[-79.14473,43.1634],[-79.14498,43.16336],[-79.14543,43.16277],[-79.14429,43.16255],[-79.14443,43.16204],[-79.14413,43.16143],[-79.14324,43.16109],[-79.14298,43.16129],[-79.14312,43.16224],[-79.14309,43.16262]]]}},{"type":"Feature","properties":{"serie":"Beverly","texture":"loam limono-argileux","code_texture":"SICL","drainage":"imparfait","pente":3.5,"classe_agricole":"2"},"geometry":{"type":"Polygon","coordinates":[[[-79.11948,43.16462],[-79.11997,43.16488],[-79.12082,43.16506],[-79.12294,43.1651],[-79.12292,43.1648],[-79.12377,43.16429],[-79.12456,43.16367],[-79.12659,43.16319],[-79.12697,43.16295],[-79.12744,43.16224],[-79.12804,43.16185],[-79.12889,43.16242],[-79.12969,43.16229],[-79.1303,43.16195],[-79.13074,43.16156],[-79.13105,43.16093],[-79.12999,43.1607],[-79.12985,43.16013],[-79.13069,43.15995],[-79.13111,43.1595],[-79.13104,43.15891],[-79.13082,43.15867],[-79.12933,43.15976],[-79.12923,43.1601],[-79.12897,43.16049],[-79.12831,43.16053],[-79.12761,43.16077],[-79.12705,43.1611],[-79.12637,43.16102],[-79.12554,43.16122],[-79.12322,43.16304],[-79.1225,43.1638],[-79.12209,43.16372],[-79.12108,43.16389],[-79.12014,43.1642],[-79.11963,43.16451],[-79.11948,43.16462]]]}},{"type":"Feature","properties":{"serie":"Beverly","texture":"loam limono-argileux","code_texture":"SICL","drainage":"imparfait","pente":3.5,"classe_agricole":"2"},"geometry":{"type":"Polygon","coordinates":[[[-79.13915,43.16469],[-79.14043,43.16522],[-79.14076,43.1652],[-79.14079,43.16468],[-79.14133,43.1647],[-79.1413,43.164],[-79.14063,43.16384],[-79.14045,43.16348],[-79.14124,43.1634],[-79.14172,43.16321],[-79.14131,43.16289],[-79.14037,43.16299],[-79.13954,43.16285],[-79.13857,43.16249],[-79.13749,43.16179],[-79.13724,43.1611],[-79.13784,43.16106],[-79.13937,43.16244],[-79.14023,43.16269],[-79.14072,43.16257],[-79.14034,43.16216],[-79.1393,43.16174],[-79.13902,43.16115],[-79.13848,43.16052],[-79.13836,43.16021],[-79.13684,43.16031],[-79.13614,43.16057],[-79.13573,43.16124],[-79.136,43.16222],[-79.13641,43.16318],[-79.13709,43.16381],[-79.13764,43.16407],[-79.13902,43.16404],[-79.13915,43.16469]]]}},{"type":"Feature","properties":{"serie":"Brantford","texture":"loam limono-argileux","code_texture":"SICL","drainage":"modérément bon","pente":22.5,"classe_agricole":"5"},"geometry":{"type":"Polygon","coordinates":[[[-79.11496,43.16408],[-79.11567,43.16431],[-79.11579,43.16432],[-79.11599,43.16411],[-79.11636,43.16421],[-79.11697,43.16363],[-79.11732,43.16316],[-79.1167,43.16293],[-79.11662,43.16236],[-79.11829,43.16118],[-79.1185,43.16071],[-79.11807,43.16012],[-79.11735,43.15976],[-79.11799,43.15897],[-79.11866,43.15844],[-79.11868,43.15757],[-79.11826,43.15777],[-79.11793,43.15747],[-79.11753,43.15761],[-79.11756,43.15785],[-79.11714,43.15844],[-79.11658,43.15899],[-79.11566,43.15953],[-79.11533,43.15997],[-79.11521,43.16067],[-79.11527,43.16106],[-79.11497,43.16145],[-79.1153,43.1616],[-79.11518,43.16183],[-79.11525,43.16213],[-79.11468,43.16235],[-79.11503,43.16302],[-79.11494,43.16391],[-79.11496,43.16408]]]}},{"type":"Feature","properties":{"serie":"Beverly","texture":"loam limono-argileux","code_texture":"SICL","drainage":"imparfait","pente":1.2,"classe_agricole":"2"},"geometry":{"type":"Polygon","coordinates":[[[-79.14189,43.16391],[-79.14202,43.16404],[-79.14346,43.16415],[-79.14365,43.16428],[-79.14369,43.1638],[-79.14495,43.16388],[-79.14498,43.16336],[-79.14473,43.1634],[-79.1438,43.16313],[-79.14309,43.16262],[-79.1427,43.16279],[-79.14255,43.1634],[-79.14208,43.16384],[-79.14189,43.16391]]]}},{"type":"Feature","properties":{"serie":"Not Mapped","texture":"NA","code_texture":"NA","drainage":null,"pente":-9,"classe_agricole":"0"},"geometry":{"type":"Polygon","coordinates":[[[-79.14365,43.16428],[-79.14365,43.16467],[-79.14598,43.16472],[-79.14607,43.16534],[-79.14867,43.1653],[-79.15082,43.16511],[-79.15166,43.1649],[-79.15158,43.16471],[-79.15085,43.16432],[-79.14982,43.16421],[-79.14866,43.16423],[-79.14757,43.16396],[-79.14568,43.16322],[-79.14498,43.16336],[-79.14495,43.16388],[-79.14369,43.1638],[-79.14366,43.16394],[-79.14365,43.16428]]]}},{"type":"Feature","properties":{"serie":"Beverly","texture":"loam limono-argileux","code_texture":"SICL","drainage":"imparfait","pente":3.5,"classe_agricole":"2"},"geometry":{"type":"Polygon","coordinates":[[[-79.13246,43.16429],[-79.13262,43.16463],[-79.13351,43.16477],[-79.13355,43.16345],[-79.13378,43.16295],[-79.13432,43.16242],[-79.13439,43.16191],[-79.13363,43.16095],[-79.13333,43.16114],[-79.13284,43.16109],[-79.1331,43.1617],[-79.13313,43.16223],[-79.13252,43.16269],[-79.13228,43.16337],[-79.13235,43.16405],[-79.13246,43.16429]]]}},{"type":"Feature","properties":{"serie":"Cashel","texture":"loam limono-argileux","code_texture":"SICL","drainage":"modérément bon","pente":22.5,"classe_agricole":"5"},"geometry":{"type":"Polygon","coordinates":[[[-79.14133,43.1647],[-79.14262,43.16464],[-79.14306,43.16476],[-79.1437,43.16532],[-79.14379,43.16554],[-79.14238,43.16558],[-79.14236,43.16609],[-79.14752,43.16568],[-79.15072,43.16556],[-79.15168,43.16547],[-79.15298,43.16519],[-79.15283,43.165],[-79.15228,43.16479],[-79.15082,43.16511],[-79.14867,43.1653],[-79.14607,43.16534],[-79.14598,43.16472],[-79.14365,43.16467],[-79.14365,43.16428],[-79.14346,43.16415],[-79.14202,43.16404],[-79.1417,43.1637],[-79.14131,43.16382],[-79.14129,43.16443],[-79.14133,43.1647]]]}},{"type":"Feature","properties":{"serie":"Beverly","texture":"loam limono-argileux","code_texture":"SICL","drainage":"imparfait","pente":1.2,"classe_agricole":"2"},"geometry":{"type":"Polygon","coordinates":[[[-79.15009,43.16966],[-79.15108,43.16991],[-79.15189,43.16978],[-79.15253,43.16925],[-79.15298,43.16856],[-79.15364,43.16796],[-79.15414,43.16791],[-79.1544,43.16798],[-79.15452,43.16767],[-79.15493,43.16714],[-79.15467,43.16718],[-79.15423,43.16687],[-79.15413,43.16626],[-79.15387,43.16572],[-79.15325,43.1653],[-79.15298,43.16519],[-79.15143,43.16549],[-79.15163,43.16582],[-79.15262,43.16601],[-79.15266,43.16656],[-79.15133,43.16751],[-79.15032,43.16869],[-79.15018,43.16916],[-79.15009,43.16966]]]}},{"type":"Feature","properties":{"serie":"Beverly","texture":"loam limono-argileux","code_texture":"SICL","drainage":"imparfait","pente":3.5,"classe_agricole":"2"},"geometry":{"type":"Polygon","coordinates":[[[-79.12936,43.16369],[-79.12991,43.16392],[-79.13246,43.16429],[-79.13228,43.16337],[-79.13252,43.16269],[-79.13313,43.16223],[-79.1331,43.1617],[-79.13284,43.16109],[-79.13105,43.16093],[-79.13074,43.16156],[-79.1303,43.16195],[-79.12969,43.16229],[-79.13025,43.16272],[-79.13031,43.16309],[-79.13072,43.16335],[-79.12954,43.16358],[-79.12936,43.16369]]]}},{"type":"Feature","properties":{"serie":"Peel","texture":"loam limono-argileux","code_texture":"SICL","drainage":"imparfait","pente":1.2,"classe_agricole":"2"},"geometry":{"type":"Polygon","coordinates":[[[-79.11636,43.16421],[-79.11736,43.16441],[-79.11814,43.16435],[-79.1188,43.16396],[-79.11981,43.16366],[-79.12042,43.16308],[-79.12032,43.16206],[-79.12089,43.16142],[-79.12187,43.16112],[-79.12209,43.16076],[-79.12315,43.15989],[-79.12315,43.15957],[-79.12246,43.1595],[-79.12194,43.15927],[-79.12141,43.15879],[-79.12012,43.15924],[-79.11953,43.16054],[-79.1185,43.16071],[-79.11829,43.16118],[-79.11662,43.16236],[-79.1167,43.16293],[-79.11732,43.16316],[-79.11697,43.16363],[-79.11639,43.16416],[-79.11636,43.16421]]]}},{"type":"Feature","properties":{"serie":"Beverly","texture":"loam limono-argileux","code_texture":"SICL","drainage":"imparfait","pente":1.2,"classe_agricole":"2"},"geometry":{"type":"Polygon","coordinates":[[[-79.14974,43.16561],[-79.14971,43.16588],[-79.14935,43.16617],[-79.14884,43.16629],[-79.14823,43.16665],[-79.14798,43.16732],[-79.14835,43.16802],[-79.14996,43.16841],[-79.15032,43.16869],[-79.15133,43.16751],[-79.15266,43.16656],[-79.15262,43.16601],[-79.15163,43.16582],[-79.15143,43.16549],[-79.15072,43.16556],[-79.14974,43.16561]]]}},{"type":"Feature","properties":{"serie":"Toledo","texture":"loam limono-argileux","code_texture":"SICL","drainage":"pauvre","pente":1.2,"classe_agricole":"3"},"geometry":{"type":"Polygon","coordinates":[[[-79.16306,43.18468],[-79.16298,43.1853],[-79.16307,43.18571],[-79.16323,43.18579],[-79.1638,43.18656],[-79.16435,43.1876],[-79.16519,43.18824],[-79.16542,43.18904],[-79.16511,43.18994],[-79.16452,43.19063],[-79.16345,43.19164],[-79.16269,43.19258],[-79.16209,43.19384],[-79.16828,43.19161],[-79.1681,43.18933],[-79.16943,43.1889],[-79.1694,43.18818],[-79.1745,43.18644],[-79.17445,43.18428],[-79.17893,43.18276],[-79.1797,43.18285],[-79.18062,43.18326],[-79.18155,43.18346],[-79.1818,43.18359],[-79.18193,43.18342],[-79.18302,43.18278],[-79.18261,43.18197],[-79.18209,43.18157],[-79.18171,43.18112],[-79.18181,43.18046],[-79.18251,43.17975],[-79.18338,43.17912],[-79.18512,43.17877],[-79.18466,43.17855],[-79.18389,43.17787],[-79.18341,43.17709],[-79.18284,43.17656],[-79.18128,43.17567],[-79.18126,43.1753],[-79.18161,43.17491],[-79.1825,43.17426],[-79.17969,43.17437],[-79.1769,43.17421],[-79.17395,43.17341],[-79.17175,43.17293],[-79.16918,43.17261],[-79.16788,43.17259],[-79.16585,43.17276],[-79.16191,43.17354],[-79.15981,43.17383],[-79.15759,43.17386],[-79.15666,43.17356],[-79.15628,43.17354],[-79.15477,43.17389],[-79.15419,43.1743],[-79.15319,43.17423],[-79.15154,43.17344],[-79.1507,43.17315],[-79.14977,43.17296],[-79.14886,43.17258],[-79.14847,43.17208],[-79.14822,43.17146],[-79.14826,43.1708],[-79.14859,43.17032],[-79.14914,43.16983],[-79.14976,43.16961],[-79.15009,43.16966],[-79.15032,43.16869],[-79.14996,43.16841],[-79.14835,43.16802],[-79.14798,43.16732],[-79.14823,43.16665],[-79.14884,43.16629],[-79.14935,43.16617],[-79.14971,43.16588],[-79.14974,43.16561],[-79.14386,43.16594],[-79.14346,43.16654],[-79.14263,43.16656],[-79.14095,43.16747],[-79.14042,43.16837],[-79.14049,43.16908],[-79.13997,43.16963],[-79.13915,43.16982],[-79.13844,43.16927],[-79.13847,43.16863],[-79.13934,43.16768],[-79.13942,43.16709],[-79.13929,43.16655],[-79.13916,43.16641],[-79.13835,43.1664],[-79.13789,43.16612],[-79.13732,43.1664],[-79.13767,43.16712],[-79.13728,43.16749],[-79.13695,43.16836],[-79.13756,43.16923],[-79.13776,43.17035],[-79.13765,43.17118],[-79.13722,43.17136],[-79.13607,43.17138],[-79.1343,43.17124],[-79.13342,43.17065],[-79.13427,43.16995],[-79.13546,43.16925],[-79.13494,43.16794],[-79.13574,43.16713],[-79.13574,43.16661],[-79.13391,43.16676],[-79.13373,43.16712],[-79.1332,43.16754],[-79.13204,43.16778],[-79.13089,43.16738],[-79.12994,43.16716],[-79.13001,43.16805],[-79.13029,43.16894],[-79.13116,43.16954],[-79.13129,43.17042],[-79.13063,43.17145],[-79.13104,43.17256],[-79.1311,43.17335],[-79.12962,43.17353],[-79.12868,43.17381],[-79.12651,43.17521],[-79.12535,43.17583],[-79.12373,43.17644],[-79.12212,43.17684],[-79.12052,43.17702],[-79.11565,43.17689],[-79.11491,43.17701],[-79.1169,43.17797],[-79.11774,43.17896],[-79.11817,43.18001],[-79.11803,43.18099],[-79.11759,43.18155],[-79.11668,43.18199],[-79.1171,43.18233],[-79.1193,43.18328],[-79.12035,43.18425],[-79.12098,43.18528],[-79.12168,43.18443],[-79.12255,43.18372],[-79.1246,43.18248],[-79.12547,43.18204],[-79.1266,43.18167],[-79.12623,43.18155],[-79.12588,43.18123],[-79.12564,43.18075],[-79.12592,43.1801],[-79.12651,43.17958],[-79.12659,43.17877],[-79.12711,43.17832],[-79.12752,43.17846],[-79.12807,43.17883],[-79.12864,43.17893],[-79.12914,43.17878],[-79.12946,43.17822],[-79.1297,43.17734],[-79.13011,43.17692],[-79.13214,43.17705],[-79.13317,43.17681],[-79.13545,43.17606],[-79.13616,43.17566],[-79.13645,43.17603],[-79.13615,43.17672],[-79.13609,43.17728],[-79.13678,43.17756],[-79.13728,43.17754],[-79.13792,43.17696],[-79.13856,43.17698],[-79.1392,43.17677],[-79.1396,43.17702],[-79.13804,43.17877],[-79.13777,43.17971],[-79.13722,43.18048],[-79.13771,43.18062],[-79.13958,43.17968],[-79.14058,43.17879],[-79.14119,43.17809],[-79.14173,43.17791],[-79.14202,43.1783],[-79.14184,43.17895],[-79.13878,43.18206],[-79.1379,43.1831],[-79.13684,43.18491],[-79.13663,43.18551],[-79.13708,43.18555],[-79.13748,43.18534],[-79.13948,43.18335],[-79.1403,43.18271],[-79.14113,43.18226],[-79.14187,43.1821],[-79.14241,43.18219],[-79.14273,43.18254],[-79.14285,43.18384],[-79.14308,43.18454],[-79.1436,43.18517],[-79.14503,43.18591],[-79.14606,43.18622],[-79.14746,43.18625],[-79.15057,43.18571],[-79.15148,43.18575],[-79.15239,43.18594],[-79.15273,43.18582],[-79.15318,43.18533],[-79.15392,43.18493],[-79.15592,43.18442],[-79.15648,43.18388],[-79.15737,43.18368],[-79.15821,43.18315],[-79.15924,43.18374],[-79.16036,43.18392],[-79.16137,43.18373],[-79.1621,43.18314],[-79.16213,43.18283],[-79.16149,43.18239],[-79.16098,43.18164],[-79.16105,43.18116],[-79.16151,43.18066],[-79.16222,43.18029],[-79.16318,43.18018],[-79.1653,43.17972],[-79.16636,43.17985],[-79.16799,43.18034],[-79.1682,43.18078],[-79.16823,43.18131],[-79.16843,43.18174],[-79.16795,43.18234],[-79.16781,43.18294],[-79.16802,43.18359],[-79.16775,43.18405],[-79.16735,43.18425],[-79.16667,43.18427],[-79.16575,43.1841],[-79.16348,43.18407],[-79.16306,43.18468]],[[-79.16601,43.17408],[-79.16625,43.17411],[-79.16657,43.17434],[-79.16655,43.17499],[-79.16565,43.17576],[-79.1642,43.17666],[-79.16332,43.17747],[-79.16175,43.17793],[-79.15965,43.17874],[-79.15782,43.17828],[-79.15737,43.17778],[-79.15753,43.17709],[-79.15798,43.17643],[-79.15879,43.17614],[-79.16015,43.17582],[-79.16214,43.17479],[-79.16385,43.17476],[-79.1638,43.17424],[-79.16595,43.17344],[-79.16601,43.17408]]]}},{"type":"Feature","properties":{"serie":"Not Mapped","texture":"NA","code_texture":"NA","drainage":null,"pente":-9,"classe_agricole":"0"},"geometry":{"type":"Polygon","coordinates":[[[-79.13973,43.16638],[-79.14236,43.16609],[-79.14238,43.16558],[-79.14379,43.16554],[-79.1437,43.16532],[-79.14306,43.16476],[-79.14262,43.16464],[-79.14079,43.16468],[-79.14076,43.1652],[-79.13965,43.16534],[-79.13959,43.16543],[-79.13968,43.16614],[-79.13973,43.16638]]]}},{"type":"Feature","properties":{"serie":"Not Mapped","texture":"NA","code_texture":"NA","drainage":null,"pente":-9,"classe_agricole":"0"},"geometry":{"type":"Polygon","coordinates":[[[-79.13351,43.16523],[-79.13361,43.16545],[-79.13555,43.1654],[-79.13555,43.16488],[-79.13734,43.16483],[-79.13735,43.16542],[-79.13848,43.16534],[-79.13846,43.16475],[-79.13915,43.16469],[-79.13902,43.16404],[-79.13442,43.16416],[-79.13438,43.16385],[-79.13357,43.16385],[-79.13351,43.16477],[-79.13351,43.16523]]]}},{"type":"Feature","properties":{"serie":"Toledo","texture":"loam limono-argileux","code_texture":"SICL","drainage":"pauvre","pente":1.2,"classe_agricole":"3"},"geometry":{"type":"Polygon","coordinates":[[[-79.1273,43.16322],[-79.12835,43.16321],[-79.12936,43.16369],[-79.13072,43.16335],[-79.13031,43.16309],[-79.13025,43.16272],[-79.12969,43.16229],[-79.12889,43.16242],[-79.12804,43.16185],[-79.12744,43.16224],[-79.12697,43.16295],[-79.12717,43.1631],[-79.1273,43.16322]]]}},{"type":"Feature","properties":{"serie":"Beverly","texture":"loam limono-argileux","code_texture":"SICL","drainage":"imparfait","pente":1.2,"classe_agricole":"2"},"geometry":{"type":"Polygon","coordinates":[[[-79.13735,43.16542],[-79.13762,43.16568],[-79.13805,43.16587],[-79.13911,43.16597],[-79.13962,43.16589],[-79.13965,43.16534],[-79.14043,43.16522],[-79.13915,43.16469],[-79.13846,43.16475],[-79.13848,43.16534],[-79.13735,43.16542]]]}},{"type":"Feature","properties":{"serie":"Chinguacousy - Red Washed Phase","texture":"loam","code_texture":"L","drainage":"imparfait","pente":1.2,"classe_agricole":"1"},"geometry":{"type":"Polygon","coordinates":[[[-79.13916,43.16641],[-79.13929,43.16655],[-79.13942,43.16709],[-79.13934,43.16768],[-79.13847,43.16863],[-79.13844,43.16927],[-79.13915,43.16982],[-79.13997,43.16963],[-79.14049,43.16908],[-79.14042,43.16837],[-79.14095,43.16747],[-79.14263,43.16656],[-79.14346,43.16654],[-79.14386,43.16594],[-79.13944,43.16638],[-79.13916,43.16641]]]}},{"type":"Feature","properties":{"serie":"Brantford","texture":"loam limono-argileux","code_texture":"SICL","drainage":"modérément bon","pente":22.5,"classe_agricole":"5"},"geometry":{"type":"Polygon","coordinates":[[[-79.12081,43.16567],[-79.12187,43.1658],[-79.12328,43.1658],[-79.12443,43.16607],[-79.12998,43.16678],[-79.13333,43.1668],[-79.13669,43.16655],[-79.13744,43.16637],[-79.13789,43.16612],[-79.13835,43.1664],[-79.13973,43.16638],[-79.13962,43.16589],[-79.13854,43.16596],[-79.13762,43.16568],[-79.13735,43.16542],[-79.13734,43.16483],[-79.13555,43.16488],[-79.13555,43.1654],[-79.13641,43.16574],[-79.13668,43.16602],[-79.13636,43.16612],[-79.1349,43.16593],[-79.13181,43.16609],[-79.12916,43.16602],[-79.12844,43.16594],[-79.12771,43.16565],[-79.12686,43.16571],[-79.12546,43.1655],[-79.12427,43.16543],[-79.12401,43.16521],[-79.12402,43.16509],[-79.12371,43.16519],[-79.12295,43.16522],[-79.12294,43.1651],[-79.12271,43.16507],[-79.12161,43.16513],[-79.12082,43.16506],[-79.11997,43.16488],[-79.11948,43.16462],[-79.11892,43.16498],[-79.12057,43.16565],[-79.12081,43.16567]]]}},{"type":"Feature","properties":{"serie":"Beverly","texture":"loam limono-argileux","code_texture":"SICL","drainage":"imparfait","pente":1.2,"classe_agricole":"2"},"geometry":{"type":"Polygon","coordinates":[[[-79.12402,43.16509],[-79.12401,43.16521],[-79.12427,43.16543],[-79.12546,43.1655],[-79.12686,43.16571],[-79.12771,43.16565],[-79.12844,43.16594],[-79.12885,43.16598],[-79.12886,43.16545],[-79.12827,43.16544],[-79.12823,43.16505],[-79.12789,43.16505],[-79.1279,43.16433],[-79.12963,43.16438],[-79.12968,43.16506],[-79.13109,43.16512],[-79.13113,43.16484],[-79.13139,43.16469],[-79.13238,43.1653],[-79.13351,43.16523],[-79.13351,43.16477],[-79.13262,43.16463],[-79.13246,43.16429],[-79.12991,43.16392],[-79.12835,43.16321],[-79.12739,43.16316],[-79.12659,43.16365],[-79.12438,43.16465],[-79.12404,43.16496],[-79.12402,43.16509]]]}},{"type":"Feature","properties":{"serie":"Beverly","texture":"loam limono-argileux","code_texture":"SICL","drainage":"imparfait","pente":7,"classe_agricole":"3"},"geometry":{"type":"Polygon","coordinates":[[[-79.12294,43.1651],[-79.12295,43.16522],[-79.12371,43.16519],[-79.12402,43.16509],[-79.12404,43.16496],[-79.12438,43.16465],[-79.12659,43.16365],[-79.1273,43.16322],[-79.12697,43.16295],[-79.12659,43.16319],[-79.12456,43.16367],[-79.12377,43.16429],[-79.12292,43.1648],[-79.12294,43.1651]]]}},{"type":"Feature","properties":{"serie":"Brantford","texture":"loam limono-argileux","code_texture":"SICL","drainage":"modérément bon","pente":22.5,"classe_agricole":"5"},"geometry":{"type":"Polygon","coordinates":[[[-79.10387,43.16175],[-79.10492,43.16211],[-79.10486,43.16191],[-79.10507,43.16174],[-79.10565,43.162],[-79.10558,43.16048],[-79.10643,43.16049],[-79.1063,43.1591],[-79.10553,43.1591],[-79.10543,43.15964],[-79.1051,43.16001],[-79.10472,43.16025],[-79.10481,43.16082],[-79.10438,43.16118],[-79.10374,43.16078],[-79.10361,43.16113],[-79.10371,43.16143],[-79.10387,43.16175]]]}},{"type":"Feature","properties":{"serie":"Beverly - Loamy Phase","texture":"loam limoneux","code_texture":"SIL","drainage":"imparfait","pente":1.2,"classe_agricole":"2"},"geometry":{"type":"Polygon","coordinates":[[[-79.10111,43.1608],[-79.10182,43.16099],[-79.10261,43.16105],[-79.10323,43.1614],[-79.10371,43.16143],[-79.10361,43.16113],[-79.10374,43.16078],[-79.10438,43.16118],[-79.10481,43.16082],[-79.10472,43.16025],[-79.1051,43.16001],[-79.10543,43.15964],[-79.10553,43.1591],[-79.10265,43.15912],[-79.10206,43.15959],[-79.101,43.16076],[-79.10111,43.1608]]]}},{"type":"Feature","properties":{"serie":"Beverly","texture":"loam limono-argileux","code_texture":"SICL","drainage":"imparfait","pente":1.2,"classe_agricole":"2"},"geometry":{"type":"Polygon","coordinates":[[[-79.13106,43.16603],[-79.13181,43.16609],[-79.1349,43.16593],[-79.13636,43.16612],[-79.13668,43.16602],[-79.13641,43.16574],[-79.13555,43.1654],[-79.13361,43.16545],[-79.13351,43.16523],[-79.13238,43.1653],[-79.13139,43.16469],[-79.13113,43.16484],[-79.13107,43.16551],[-79.13106,43.16603]]]}},{"type":"Feature","properties":{"serie":"Not Mapped","texture":"NA","code_texture":"NA","drainage":null,"pente":-9,"classe_agricole":"0"},"geometry":{"type":"Polygon","coordinates":[[[-79.12885,43.16598],[-79.13106,43.16603],[-79.13109,43.16512],[-79.12968,43.16506],[-79.12963,43.16438],[-79.1279,43.16433],[-79.12789,43.16505],[-79.12823,43.16505],[-79.12827,43.16544],[-79.12886,43.16545],[-79.12885,43.16598]]]}},{"type":"Feature","properties":{"serie":"Chinguacousy - Red Washed Phase","texture":"loam","code_texture":"L","drainage":"imparfait","pente":1.2,"classe_agricole":"1"},"geometry":{"type":"Polygon","coordinates":[[[-79.13574,43.16661],[-79.13574,43.16713],[-79.13494,43.16794],[-79.13546,43.16925],[-79.13427,43.16995],[-79.13342,43.17065],[-79.1343,43.17124],[-79.13607,43.17138],[-79.13722,43.17136],[-79.13765,43.17118],[-79.13776,43.17035],[-79.13756,43.16923],[-79.13695,43.16836],[-79.13728,43.16749],[-79.13767,43.16712],[-79.13732,43.1664],[-79.13669,43.16655],[-79.13593,43.16657],[-79.13574,43.16661]]]}},{"type":"Feature","properties":{"serie":"Brantford","texture":"loam limono-argileux","code_texture":"SICL","drainage":"modérément bon","pente":22.5,"classe_agricole":"5"},"geometry":{"type":"Polygon","coordinates":[[[-79.11109,43.16204],[-79.11121,43.16265],[-79.1109,43.1629],[-79.11073,43.16337],[-79.11144,43.16359],[-79.11142,43.16379],[-79.11194,43.16397],[-79.11387,43.16418],[-79.11458,43.16417],[-79.11496,43.16408],[-79.11504,43.16329],[-79.11503,43.16302],[-79.11468,43.16235],[-79.11428,43.16211],[-79.11416,43.1619],[-79.11283,43.16195],[-79.11109,43.16204]]]}},{"type":"Feature","properties":{"serie":"Brantford","texture":"loam limono-argileux","code_texture":"SICL","drainage":"modérément bon","pente":22.5,"classe_agricole":"5"},"geometry":{"type":"Polygon","coordinates":[[[-79.10566,43.16253],[-79.10645,43.16263],[-79.108,43.16305],[-79.10915,43.16318],[-79.10992,43.16336],[-79.11073,43.16337],[-79.1109,43.1629],[-79.11121,43.16265],[-79.11109,43.16204],[-79.10878,43.16211],[-79.1088,43.16269],[-79.10734,43.16255],[-79.10745,43.16215],[-79.10565,43.16208],[-79.10565,43.162],[-79.10507,43.16174],[-79.10486,43.16191],[-79.10497,43.16224],[-79.10566,43.16253]]]}},{"type":"Feature","properties":{"serie":"Chinguacousy - Red Washed Phase","texture":"loam","code_texture":"L","drainage":"imparfait","pente":1.2,"classe_agricole":"1"},"geometry":{"type":"Polygon","coordinates":[[[-79.12152,43.16646],[-79.12385,43.16662],[-79.12515,43.16696],[-79.12641,43.16714],[-79.12676,43.16773],[-79.12656,43.16858],[-79.1284,43.16991],[-79.12905,43.17123],[-79.12943,43.17245],[-79.13013,43.1735],[-79.1311,43.17335],[-79.13104,43.17256],[-79.13063,43.17145],[-79.13129,43.17042],[-79.13116,43.16954],[-79.13029,43.16894],[-79.13001,43.16805],[-79.12994,43.16716],[-79.13089,43.16738],[-79.13204,43.16778],[-79.1332,43.16754],[-79.13373,43.16712],[-79.13391,43.16676],[-79.13207,43.16684],[-79.12998,43.16678],[-79.12443,43.16607],[-79.12328,43.1658],[-79.12187,43.1658],[-79.12081,43.16567],[-79.12135,43.16628],[-79.12152,43.16646]]]}},{"type":"Feature","properties":{"serie":"Brantford","texture":"loam limono-argileux","code_texture":"SICL","drainage":"modérément bon","pente":22.5,"classe_agricole":"5"},"geometry":{"type":"Polygon","coordinates":[[[-79.1008,43.16102],[-79.10152,43.16137],[-79.10387,43.16175],[-79.10371,43.16143],[-79.10323,43.1614],[-79.10261,43.16105],[-79.10182,43.16099],[-79.101,43.16076],[-79.1008,43.16102]]]}},{"type":"Feature","properties":{"serie":"Brantford","texture":"loam limono-argileux","code_texture":"SICL","drainage":"modérément bon","pente":22.5,"classe_agricole":"5"},"geometry":{"type":"Polygon","coordinates":[[[-79.11617,43.16464],[-79.11685,43.16486],[-79.11824,43.16493],[-79.11814,43.16435],[-79.11736,43.16441],[-79.11599,43.16411],[-79.11579,43.16432],[-79.11617,43.16464]]]}},{"type":"Feature","properties":{"serie":"Beverly","texture":"loam limono-argileux","code_texture":"SICL","drainage":"imparfait","pente":1.2,"classe_agricole":"2"},"geometry":{"type":"Polygon","coordinates":[[[-79.10519,43.16317],[-79.10556,43.16357],[-79.10609,43.16356],[-79.10722,43.16305],[-79.10761,43.16297],[-79.10716,43.16278],[-79.10566,43.16253],[-79.10497,43.16224],[-79.10492,43.16211],[-79.10387,43.16175],[-79.10152,43.16137],[-79.1008,43.16102],[-79.10057,43.16166],[-79.1007,43.16187],[-79.10146,43.16188],[-79.10242,43.16204],[-79.1028,43.1623],[-79.10326,43.16318],[-79.10347,43.16323],[-79.10384,43.16318],[-79.10429,43.16286],[-79.10485,43.16271],[-79.10519,43.16317]]]}},{"type":"Feature","properties":{"serie":"Beverly","texture":"loam limono-argileux","code_texture":"SICL","drainage":"imparfait","pente":1.2,"classe_agricole":"2"},"geometry":{"type":"Polygon","coordinates":[[[-79.10326,43.16318],[-79.10333,43.16343],[-79.1032,43.16405],[-79.10274,43.16536],[-79.10258,43.16641],[-79.10315,43.16708],[-79.10377,43.16656],[-79.10477,43.16609],[-79.10587,43.16614],[-79.10745,43.16557],[-79.10815,43.16545],[-79.10846,43.16564],[-79.10826,43.16603],[-79.10667,43.16682],[-79.10696,43.16751],[-79.10771,43.16755],[-79.10873,43.16718],[-79.11087,43.16584],[-79.11224,43.16576],[-79.11281,43.16645],[-79.11307,43.16728],[-79.11386,43.16738],[-79.11424,43.1667],[-79.11429,43.1659],[-79.115,43.16572],[-79.11576,43.16532],[-79.11617,43.16464],[-79.11579,43.16432],[-79.11496,43.16408],[-79.11387,43.16418],[-79.11194,43.16397],[-79.11142,43.16379],[-79.11144,43.16359],[-79.11099,43.1634],[-79.10992,43.16336],[-79.10761,43.16297],[-79.10722,43.16305],[-79.10609,43.16356],[-79.10556,43.16357],[-79.10485,43.16271],[-79.10429,43.16286],[-79.10384,43.16318],[-79.10347,43.16323],[-79.10326,43.16318]]]}},{"type":"Feature","properties":{"serie":"Toledo","texture":"loam limono-argileux","code_texture":"SICL","drainage":"pauvre","pente":1.2,"classe_agricole":"3"},"geometry":{"type":"Polygon","coordinates":[[[-79.11029,43.17325],[-79.11074,43.1735],[-79.11143,43.17407],[-79.11178,43.1741],[-79.11246,43.17372],[-79.11336,43.17348],[-79.11389,43.17315],[-79.11478,43.17296],[-79.11604,43.17143],[-79.11665,43.17118],[-79.11729,43.17114],[-79.11894,43.17012],[-79.11941,43.16913],[-79.11923,43.16914],[-79.11906,43.1687],[-79.11821,43.16874],[-79.11807,43.16797],[-79.1193,43.16789],[-79.11948,43.16755],[-79.1194,43.16638],[-79.12152,43.16646],[-79.12081,43.16567],[-79.11969,43.16533],[-79.11892,43.16498],[-79.11685,43.16486],[-79.11617,43.16464],[-79.11576,43.16532],[-79.115,43.16572],[-79.11429,43.1659],[-79.11424,43.1667],[-79.11386,43.16738],[-79.11307,43.16728],[-79.11281,43.16645],[-79.11224,43.16576],[-79.11087,43.16584],[-79.10873,43.16718],[-79.10771,43.16755],[-79.10696,43.16751],[-79.10667,43.16682],[-79.10826,43.16603],[-79.10846,43.16564],[-79.10815,43.16545],[-79.10745,43.16557],[-79.10587,43.16614],[-79.10477,43.16609],[-79.10377,43.16656],[-79.10315,43.16708],[-79.10258,43.16641],[-79.10274,43.16536],[-79.10305,43.16463],[-79.10333,43.16343],[-79.10318,43.16292],[-79.1028,43.1623],[-79.10242,43.16204],[-79.10146,43.16188],[-79.1007,43.16187],[-79.1008,43.16265],[-79.10071,43.16305],[-79.09966,43.16312],[-79.09967,43.16418],[-79.1011,43.16506],[-79.10133,43.16576],[-79.1008,43.16674],[-79.09973,43.16789],[-79.09892,43.16896],[-79.09784,43.16996],[-79.09653,43.17057],[-79.0945,43.17077],[-79.09482,43.17145],[-79.09542,43.17193],[-79.09641,43.17233],[-79.09714,43.17237],[-79.09804,43.17225],[-79.0988,43.17193],[-79.09926,43.17161],[-79.10091,43.17025],[-79.10123,43.17011],[-79.10281,43.1699],[-79.10303,43.1696],[-79.10318,43.16901],[-79.1037,43.16862],[-79.10413,43.16856],[-79.10445,43.16867],[-79.10459,43.16881],[-79.10483,43.16952],[-79.10557,43.17013],[-79.10567,43.17155],[-79.10577,43.17188],[-79.1064,43.17214],[-79.10744,43.17212],[-79.10801,43.17227],[-79.10808,43.17246],[-79.10793,43.17286],[-79.10721,43.17351],[-79.10928,43.17347],[-79.10987,43.17322],[-79.11029,43.17325]],[[-79.11546,43.16991],[-79.11552,43.17063],[-79.11534,43.17111],[-79.1149,43.17113],[-79.11472,43.17085],[-79.11476,43.17028],[-79.11439,43.16964],[-79.1142,43.16882],[-79.11442,43.16783],[-79.11494,43.16699],[-79.11547,43.16701],[-79.1157,43.16794],[-79.11541,43.16891],[-79.11546,43.16991]]]}},{"type":"Feature","properties":{"serie":"Jeddo - Red Phase","texture":"loam limono-argileux","code_texture":"SICL","drainage":"pauvre","pente":1.2,"classe_agricole":"3"},"geometry":{"type":"Polygon","coordinates":[[[-79.10388,43.17817],[-79.10411,43.17804],[-79.10429,43.17763],[-79.10437,43.17692],[-79.10505,43.17687],[-79.1057,43.17775],[-79.10626,43.17813],[-79.10686,43.17741],[-79.10741,43.17705],[-79.1084,43.17849],[-79.1091,43.17846],[-79.10985,43.17819],[-79.11024,43.17801],[-79.11026,43.17774],[-79.11073,43.1774],[-79.1111,43.17749],[-79.11217,43.17712],[-79.11384,43.17682],[-79.1146,43.17684],[-79.11491,43.17701],[-79.11565,43.17689],[-79.12052,43.17702],[-79.12212,43.17684],[-79.12373,43.17644],[-79.12535,43.17583],[-79.12651,43.17521],[-79.12868,43.17381],[-79.12962,43.17353],[-79.13013,43.1735],[-79.12943,43.17245],[-79.12905,43.17123],[-79.1284,43.16991],[-79.12656,43.16858],[-79.12676,43.16773],[-79.12641,43.16714],[-79.12515,43.16696],[-79.12385,43.16662],[-79.12152,43.16646],[-79.12177,43.16807],[-79.12326,43.16857],[-79.1237,43.169],[-79.12508,43.16897],[-79.12525,43.17098],[-79.12665,43.17109],[-79.12667,43.17259],[-79.12651,43.17283],[-79.12592,43.1732],[-79.12505,43.17357],[-79.12238,43.17433],[-79.12111,43.1743],[-79.11984,43.17415],[-79.11707,43.17338],[-79.1162,43.17302],[-79.11605,43.17226],[-79.11674,43.17151],[-79.11729,43.17114],[-79.11665,43.17118],[-79.11595,43.17151],[-79.11478,43.17296],[-79.11389,43.17315],[-79.11336,43.17348],[-79.11246,43.17372],[-79.11178,43.1741],[-79.11143,43.17407],[-79.11074,43.1735],[-79.11029,43.17325],[-79.11029,43.1741],[-79.11049,43.17486],[-79.11051,43.17544],[-79.11101,43.17583],[-79.11115,43.17686],[-79.11104,43.1771],[-79.11053,43.17723],[-79.10968,43.17718],[-79.10746,43.17616],[-79.10708,43.17351],[-79.10661,43.17373],[-79.10585,43.17375],[-79.10545,43.17361],[-79.10442,43.17294],[-79.10374,43.17286],[-79.10295,43.17299],[-79.10323,43.17378],[-79.10219,43.17381],[-79.10205,43.17335],[-79.10096,43.17337],[-79.10124,43.1737],[-79.10145,43.17369],[-79.10142,43.17512],[-79.10165,43.17603],[-79.10299,43.17707],[-79.10362,43.17774],[-79.10388,43.17817]]]}},{"type":"Feature","properties":{"serie":"Not Mapped","texture":"NA","code_texture":"NA","drainage":null,"pente":-9,"classe_agricole":"0"},"geometry":{"type":"Polygon","coordinates":[[[-79.12152,43.16646],[-79.1194,43.16638],[-79.11948,43.16755],[-79.1193,43.16789],[-79.11807,43.16797],[-79.11821,43.16874],[-79.11906,43.1687],[-79.11923,43.16914],[-79.12074,43.16897],[-79.12074,43.16873],[-79.12181,43.16858],[-79.12177,43.16807],[-79.12152,43.16646]]]}},{"type":"Feature","properties":{"serie":"Trafalgar","texture":"loam limono-argileux","code_texture":"SICL","drainage":"imparfait","pente":1.2,"classe_agricole":"2"},"geometry":{"type":"Polygon","coordinates":[[[-79.11729,43.17114],[-79.11674,43.17151],[-79.11605,43.17226],[-79.1162,43.17302],[-79.11707,43.17338],[-79.11984,43.17415],[-79.12111,43.1743],[-79.12238,43.17433],[-79.12505,43.17357],[-79.12592,43.1732],[-79.12651,43.17283],[-79.12667,43.17259],[-79.12208,43.1727],[-79.12186,43.16901],[-79.1237,43.169],[-79.12326,43.16857],[-79.12177,43.16807],[-79.12181,43.16858],[-79.12074,43.16873],[-79.12074,43.16897],[-79.11941,43.16913],[-79.11894,43.17012],[-79.11774,43.17083],[-79.11729,43.17114]]]}},{"type":"Feature","properties":{"serie":"Not Mapped","texture":"NA","code_texture":"NA","drainage":null,"pente":-9,"classe_agricole":"0"},"geometry":{"type":"Polygon","coordinates":[[[-79.1237,43.169],[-79.12186,43.16901],[-79.12208,43.1727],[-79.12667,43.17259],[-79.12665,43.17109],[-79.12525,43.17098],[-79.12508,43.16897],[-79.12382,43.169],[-79.1237,43.169]]]}},{"type":"Feature","properties":{"serie":"Beverly","texture":"loam limono-argileux","code_texture":"SICL","drainage":"imparfait","pente":1.2,"classe_agricole":"2"},"geometry":{"type":"Polygon","coordinates":[[[-79.11442,43.16783],[-79.1142,43.16882],[-79.11439,43.16964],[-79.11476,43.17028],[-79.11472,43.17085],[-79.1149,43.17113],[-79.11534,43.17111],[-79.11552,43.17063],[-79.11541,43.16891],[-79.1157,43.16794],[-79.11547,43.16701],[-79.11494,43.16699],[-79.11442,43.16783]]]}},{"type":"Feature","properties":{"serie":"Peel","texture":"loam limono-argileux","code_texture":"SICL","drainage":"imparfait","pente":1.2,"classe_agricole":"2"},"geometry":{"type":"Polygon","coordinates":[[[-79.17419,43.14129],[-79.17485,43.14224],[-79.17607,43.14332],[-79.17618,43.14414],[-79.17598,43.1451],[-79.17592,43.14616],[-79.17567,43.14701],[-79.17581,43.14774],[-79.17809,43.14704],[-79.17753,43.14625],[-79.17762,43.14464],[-79.17732,43.1436],[-79.17745,43.14335],[-79.17723,43.14329],[-79.17735,43.14199],[-79.17667,43.14156],[-79.17672,43.13997],[-79.17582,43.14001],[-79.17533,43.13989],[-79.17467,43.13924],[-79.17424,43.13864],[-79.17336,43.1396],[-79.17298,43.13987],[-79.17255,43.14003],[-79.1723,43.14033],[-79.17302,43.14043],[-79.17333,43.14097],[-79.17389,43.14096],[-79.17419,43.14129]]]}},{"type":"Feature","properties":{"serie":"Peel - Heavy Red Phase","texture":"argile limoneuse","code_texture":"SIC","drainage":"imparfait","pente":1.2,"classe_agricole":"3"},"geometry":{"type":"Polygon","coordinates":[[[-79.17723,43.14329],[-79.17787,43.14346],[-79.17852,43.14324],[-79.1788,43.14344],[-79.1791,43.14346],[-79.17955,43.14345],[-79.17979,43.14328],[-79.17904,43.14239],[-79.17873,43.14172],[-79.17877,43.14116],[-79.17892,43.1407],[-79.17871,43.14036],[-79.17671,43.14105],[-79.17667,43.14156],[-79.17735,43.14199],[-79.17733,43.14259],[-79.17723,43.14329]]]}},{"type":"Feature","properties":{"serie":"Haldimand","texture":"argile limoneuse","code_texture":"SIC","drainage":"imparfait","pente":3.5,"classe_agricole":"3"},"geometry":{"type":"Polygon","coordinates":[[[-79.18412,43.15171],[-79.18415,43.15205],[-79.18452,43.15224],[-79.18495,43.15215],[-79.18518,43.15208],[-79.18538,43.1518],[-79.18582,43.15166],[-79.18631,43.15172],[-79.18676,43.15138],[-79.18682,43.15098],[-79.18617,43.15075],[-79.18615,43.15051],[-79.18634,43.15044],[-79.18614,43.15032],[-79.18603,43.1499],[-79.18576,43.14972],[-79.18498,43.14953],[-79.18366,43.1496],[-79.18321,43.14954],[-79.18315,43.14932],[-79.18343,43.14897],[-79.18366,43.14806],[-79.1848,43.1476],[-79.18496,43.14748],[-79.18488,43.14727],[-79.18412,43.14645],[-79.18338,43.1458],[-79.17892,43.1407],[-79.17877,43.14116],[-79.17873,43.14172],[-79.17904,43.14239],[-79.18027,43.144],[-79.18036,43.14492],[-79.17987,43.14554],[-79.18,43.14612],[-79.18082,43.147],[-79.18116,43.14641],[-79.18171,43.14635],[-79.18204,43.14715],[-79.18161,43.14923],[-79.18244,43.15053],[-79.18239,43.15111],[-79.18248,43.15128],[-79.18331,43.15182],[-79.18393,43.15162],[-79.18412,43.15171]]]}},{"type":"Feature","properties":{"serie":"Escarpment","texture":"roc","code_texture":"R","drainage":"rapide","pente":22.5,"classe_agricole":"7"},"geometry":{"type":"Polygon","coordinates":[[[-79.15311,43.15217],[-79.15379,43.15333],[-79.15423,43.15324],[-79.15698,43.15205],[-79.16023,43.15029],[-79.16207,43.14912],[-79.16364,43.14796],[-79.16619,43.1458],[-79.16724,43.14517],[-79.16755,43.14511],[-79.16764,43.14457],[-79.16892,43.14416],[-79.16953,43.1438],[-79.17015,43.14284],[-79.17162,43.14185],[-79.17249,43.14038],[-79.1723,43.14033],[-79.17255,43.14003],[-79.17159,43.14005],[-79.17068,43.14032],[-79.17031,43.1406],[-79.17047,43.14074],[-79.17034,43.14109],[-79.16729,43.14357],[-79.16699,43.14415],[-79.16689,43.14459],[-79.16557,43.14527],[-79.16458,43.14622],[-79.16162,43.14791],[-79.15689,43.15114],[-79.15604,43.15155],[-79.15445,43.15192],[-79.15427,43.15148],[-79.15487,43.15084],[-79.15606,43.14835],[-79.15693,43.14718],[-79.15749,43.14691],[-79.15776,43.14705],[-79.15809,43.14667],[-79.15813,43.14636],[-79.15791,43.14622],[-79.15722,43.14626],[-79.15663,43.14645],[-79.15611,43.14725],[-79.15548,43.14793],[-79.15463,43.14937],[-79.15331,43.15057],[-79.15306,43.1513],[-79.15311,43.15217]]]}},{"type":"Feature","properties":{"serie":"Peel","texture":"loam limono-argileux","code_texture":"SICL","drainage":"imparfait","pente":3.5,"classe_agricole":"2"},"geometry":{"type":"Polygon","coordinates":[[[-79.16548,43.14637],[-79.16424,43.14748],[-79.16224,43.149],[-79.16252,43.15097],[-79.16302,43.15082],[-79.16353,43.15051],[-79.16491,43.14907],[-79.16555,43.14875],[-79.16698,43.14838],[-79.16699,43.14749],[-79.16729,43.14706],[-79.16799,43.14679],[-79.16835,43.14627],[-79.16885,43.14602],[-79.16911,43.1465],[-79.16927,43.14712],[-79.16964,43.14727],[-79.17084,43.14667],[-79.1717,43.14651],[-79.1722,43.14551],[-79.1724,43.14458],[-79.17215,43.14388],[-79.17227,43.14302],[-79.17295,43.14256],[-79.17351,43.14273],[-79.17395,43.14322],[-79.17431,43.14403],[-79.17453,43.14495],[-79.17456,43.14683],[-79.17417,43.14824],[-79.17581,43.14774],[-79.17567,43.14701],[-79.17592,43.14616],[-79.17598,43.1451],[-79.17618,43.14414],[-79.17607,43.14332],[-79.17485,43.14224],[-79.17389,43.14096],[-79.17333,43.14097],[-79.17302,43.14043],[-79.17249,43.14038],[-79.17162,43.14185],[-79.17015,43.14284],[-79.16953,43.1438],[-79.16892,43.14416],[-79.16912,43.14449],[-79.16926,43.14508],[-79.16767,43.1458],[-79.16755,43.14511],[-79.16724,43.14517],[-79.16619,43.1458],[-79.16548,43.14637]]]}},{"type":"Feature","properties":{"serie":"Peel - Red Phase","texture":"argile limoneuse","code_texture":"SIC","drainage":"imparfait","pente":3.5,"classe_agricole":"2"},"geometry":{"type":"Polygon","coordinates":[[[-79.16571,43.14292],[-79.16583,43.14324],[-79.16572,43.14359],[-79.16477,43.14472],[-79.16445,43.14629],[-79.16557,43.14527],[-79.16689,43.14459],[-79.16699,43.14415],[-79.16729,43.14357],[-79.17034,43.14109],[-79.17047,43.14074],[-79.1702,43.14053],[-79.16974,43.14045],[-79.16841,43.14145],[-79.16783,43.14172],[-79.16638,43.14199],[-79.1651,43.14198],[-79.16469,43.14249],[-79.16461,43.14289],[-79.16539,43.14276],[-79.16571,43.14292]]]}},{"type":"Feature","properties":{"serie":"Cashel","texture":"loam limono-argileux","code_texture":"SICL","drainage":"modérément bon","pente":12,"classe_agricole":"4"},"geometry":{"type":"Polygon","coordinates":[[[-79.17978,43.15046],[-79.18136,43.15073],[-79.18196,43.15105],[-79.18201,43.15117],[-79.18223,43.15086],[-79.18138,43.15052],[-79.18155,43.15044],[-79.18224,43.15064],[-79.18241,43.15079],[-79.18244,43.15053],[-79.18161,43.14923],[-79.18204,43.14715],[-79.18171,43.14635],[-79.18116,43.14641],[-79.18082,43.147],[-79.18039,43.14659],[-79.18,43.14612],[-79.17987,43.14554],[-79.18036,43.14492],[-79.18027,43.144],[-79.17979,43.14328],[-79.17955,43.14345],[-79.17892,43.14345],[-79.17906,43.14458],[-79.17855,43.14527],[-79.17865,43.14617],[-79.1795,43.14703],[-79.18045,43.14764],[-79.1808,43.14832],[-79.18003,43.14989],[-79.17978,43.15046]]]}},{"type":"Feature","properties":{"serie":"Peel","texture":"loam limono-argileux","code_texture":"SICL","drainage":"imparfait","pente":1.2,"classe_agricole":"2"},"geometry":{"type":"Polygon","coordinates":[[[-79.17227,43.14302],[-79.17215,43.14388],[-79.1724,43.14458],[-79.1722,43.14551],[-79.1717,43.14651],[-79.17172,43.14705],[-79.17202,43.14746],[-79.17263,43.14758],[-79.17324,43.14741],[-79.17454,43.14643],[-79.17453,43.14495],[-79.17431,43.14403],[-79.17395,43.14322],[-79.17351,43.14273],[-79.17295,43.14256],[-79.17227,43.14302]]]}},{"type":"Feature","properties":{"serie":"Peel","texture":"loam limono-argileux","code_texture":"SICL","drainage":"imparfait","pente":7,"classe_agricole":"3"},"geometry":{"type":"Polygon","coordinates":[[[-79.16494,43.1428],[-79.16461,43.14289],[-79.16434,43.14348],[-79.16326,43.14486],[-79.16285,43.14577],[-79.16138,43.14688],[-79.16125,43.14814],[-79.16445,43.14629],[-79.16477,43.14472],[-79.16572,43.14359],[-79.16583,43.14324],[-79.16571,43.14292],[-79.16539,43.14276],[-79.16494,43.1428]]]}},{"type":"Feature","properties":{"serie":"Not Mapped","texture":"NA","code_texture":"NA","drainage":null,"pente":-9,"classe_agricole":"0"},"geometry":{"type":"Polygon","coordinates":[[[-79.16764,43.14457],[-79.16755,43.14511],[-79.16767,43.1458],[-79.16926,43.14508],[-79.16912,43.14449],[-79.16892,43.14416],[-79.16764,43.14457]]]}},{"type":"Feature","properties":{"serie":"Lincoln","texture":"argile","code_texture":"C","drainage":"pauvre","pente":1.2,"classe_agricole":"3"},"geometry":{"type":"Polygon","coordinates":[[[-79.17235,43.14845],[-79.17195,43.14906],[-79.1716,43.14994],[-79.17167,43.15083],[-79.17142,43.15168],[-79.17139,43.15233],[-79.17365,43.15146],[-79.17252,43.14976],[-79.17237,43.14914],[-79.17248,43.14887],[-79.17272,43.14868],[-79.17417,43.14824],[-79.17456,43.14683],[-79.17454,43.14643],[-79.17324,43.14741],[-79.17263,43.14758],[-79.17202,43.14746],[-79.17172,43.14705],[-79.1717,43.14651],[-79.17084,43.14667],[-79.16964,43.14727],[-79.16927,43.14712],[-79.16911,43.1465],[-79.16885,43.14602],[-79.16835,43.14627],[-79.16799,43.14679],[-79.16729,43.14706],[-79.16699,43.14749],[-79.16698,43.14838],[-79.16718,43.14834],[-79.16867,43.14873],[-79.16895,43.14922],[-79.16931,43.14949],[-79.16989,43.14882],[-79.17067,43.14882],[-79.1715,43.14847],[-79.17222,43.14801],[-79.17235,43.14845]]]}},{"type":"Feature","properties":{"serie":"Haldimand","texture":"argile limoneuse","code_texture":"SIC","drainage":"imparfait","pente":3.5,"classe_agricole":"3"},"geometry":{"type":"Polygon","coordinates":[[[-79.16573,43.15569],[-79.16555,43.15643],[-79.16614,43.15706],[-79.16662,43.15688],[-79.16777,43.15598],[-79.1687,43.15567],[-79.16948,43.1557],[-79.17044,43.15599],[-79.17062,43.15493],[-79.17053,43.15436],[-79.1698,43.1529],[-79.17139,43.15233],[-79.17142,43.15168],[-79.17167,43.15083],[-79.1716,43.14994],[-79.17195,43.14906],[-79.17235,43.14845],[-79.17222,43.14801],[-79.1715,43.14847],[-79.17067,43.14882],[-79.16989,43.14882],[-79.16931,43.14949],[-79.16895,43.14922],[-79.16867,43.14873],[-79.16718,43.14834],[-79.16555,43.14875],[-79.16491,43.14907],[-79.16353,43.15051],[-79.16302,43.15082],[-79.16252,43.15097],[-79.16276,43.1522],[-79.1632,43.15202],[-79.1634,43.15143],[-79.16379,43.15126],[-79.16413,43.15169],[-79.16437,43.1525],[-79.16487,43.1533],[-79.16567,43.15367],[-79.16596,43.15409],[-79.16659,43.15349],[-79.16582,43.15305],[-79.16507,43.15122],[-79.16466,43.15061],[-79.16465,43.15005],[-79.16519,43.14981],[-79.16592,43.14997],[-79.16702,43.1511],[-79.16736,43.15175],[-79.16731,43.15213],[-79.16815,43.15214],[-79.16896,43.15134],[-79.16923,43.15074],[-79.16966,43.15036],[-79.17009,43.1508],[-79.17004,43.1517],[-79.16957,43.15215],[-79.1691,43.15283],[-79.16869,43.15297],[-79.16826,43.15294],[-79.16825,43.15376],[-79.16802,43.15418],[-79.16747,43.1541],[-79.16675,43.15417],[-79.16614,43.15487],[-79.16573,43.15569]]]}},{"type":"Feature","properties":{"serie":"Haldimand","texture":"argile limoneuse","code_texture":"SIC","drainage":"imparfait","pente":7,"classe_agricole":"3"},"geometry":{"type":"Polygon","coordinates":[[[-79.16824,43.15279],[-79.16826,43.15294],[-79.16869,43.15297],[-79.1691,43.15283],[-79.16957,43.15215],[-79.17004,43.1517],[-79.17009,43.1508],[-79.16966,43.15036],[-79.16923,43.15074],[-79.16896,43.15134],[-79.16815,43.15214],[-79.16731,43.15213],[-79.16726,43.15248],[-79.16735,43.15284],[-79.16774,43.15265],[-79.16824,43.15279]]]}},{"type":"Feature","properties":{"serie":"Haldimand","texture":"argile limoneuse","code_texture":"SIC","drainage":"imparfait","pente":3.5,"classe_agricole":"3"},"geometry":{"type":"Polygon","coordinates":[[[-79.16465,43.15005],[-79.16466,43.15061],[-79.16507,43.15122],[-79.16582,43.15305],[-79.16659,43.15349],[-79.16701,43.15303],[-79.16735,43.15284],[-79.16726,43.15248],[-79.16736,43.15175],[-79.16702,43.1511],[-79.16592,43.14997],[-79.16519,43.14981],[-79.16465,43.15005]]]}},{"type":"Feature","properties":{"serie":"Haldimand","texture":"argile limoneuse","code_texture":"SIC","drainage":"imparfait","pente":1.2,"classe_agricole":"3"},"geometry":{"type":"Polygon","coordinates":[[[-79.1634,43.15143],[-79.1632,43.15202],[-79.16276,43.1522],[-79.16288,43.15305],[-79.16311,43.15308],[-79.1635,43.15336],[-79.16344,43.15379],[-79.16313,43.15415],[-79.16333,43.155],[-79.16393,43.15502],[-79.16501,43.15465],[-79.16596,43.15409],[-79.16567,43.15367],[-79.16487,43.1533],[-79.16437,43.1525],[-79.16413,43.15169],[-79.16379,43.15126],[-79.1634,43.15143]]]}},{"type":"Feature","properties":{"serie":"Cashel","texture":"loam limono-argileux","code_texture":"SICL","drainage":"modérément bon","pente":7,"classe_agricole":"3"},"geometry":{"type":"Polygon","coordinates":[[[-79.15969,43.15342],[-79.15895,43.15427],[-79.16085,43.1535],[-79.15959,43.15116],[-79.1591,43.15125],[-79.15857,43.15153],[-79.15829,43.15213],[-79.15853,43.15263],[-79.15798,43.15303],[-79.15659,43.15339],[-79.1562,43.15284],[-79.15574,43.15377],[-79.15699,43.1542],[-79.15763,43.15371],[-79.15856,43.15336],[-79.15924,43.15327],[-79.15969,43.15342]]]}},{"type":"Feature","properties":{"serie":"Lincoln","texture":"argile","code_texture":"C","drainage":"pauvre","pente":1.2,"classe_agricole":"3"},"geometry":{"type":"Polygon","coordinates":[[[-79.16289,43.15318],[-79.16313,43.15415],[-79.16344,43.15379],[-79.1635,43.15336],[-79.16311,43.15308],[-79.16288,43.15305],[-79.16289,43.15318]]]}},{"type":"Feature","properties":{"serie":"Toledo","texture":"loam limono-argileux","code_texture":"SICL","drainage":"pauvre","pente":1.2,"classe_agricole":"3"},"geometry":{"type":"Polygon","coordinates":[[[-79.15856,43.15336],[-79.15763,43.15371],[-79.15699,43.1542],[-79.15968,43.15517],[-79.16004,43.15512],[-79.16001,43.15498],[-79.1589,43.15445],[-79.15895,43.15427],[-79.15969,43.15342],[-79.15924,43.15327],[-79.15856,43.15336]]]}},{"type":"Feature","properties":{"serie":"Haldimand","texture":"argile limoneuse","code_texture":"SIC","drainage":"imparfait","pente":1.2,"classe_agricole":"3"},"geometry":{"type":"Polygon","coordinates":[[[-79.16777,43.15598],[-79.16662,43.15688],[-79.16614,43.15706],[-79.17013,43.15843],[-79.17063,43.15765],[-79.17076,43.15704],[-79.17044,43.15599],[-79.16948,43.1557],[-79.1687,43.15567],[-79.16777,43.15598]]]}},{"type":"Feature","properties":{"serie":"Lincoln","texture":"argile","code_texture":"C","drainage":"pauvre","pente":1.2,"classe_agricole":"3"},"geometry":{"type":"Polygon","coordinates":[[[-79.17587,43.16043],[-79.17683,43.16067],[-79.17776,43.16113],[-79.17855,43.16138],[-79.17929,43.16144],[-79.17958,43.16167],[-79.17971,43.1623],[-79.18134,43.16313],[-79.18137,43.16274],[-79.18091,43.16218],[-79.18054,43.16139],[-79.181,43.1609],[-79.18235,43.16076],[-79.18238,43.16042],[-79.17952,43.16029],[-79.17836,43.16001],[-79.17763,43.15996],[-79.1773,43.15963],[-79.17707,43.1591],[-79.17643,43.15893],[-79.17482,43.15944],[-79.17352,43.15916],[-79.17299,43.15951],[-79.17293,43.15974],[-79.17481,43.16054],[-79.17527,43.16038],[-79.17587,43.16043]]]}},{"type":"Feature","properties":{"serie":"Cashel","texture":"loam limono-argileux","code_texture":"SICL","drainage":"modérément bon","pente":12,"classe_agricole":"4"},"geometry":{"type":"Polygon","coordinates":[[[-79.16366,43.16374],[-79.16484,43.16374],[-79.16509,43.16323],[-79.165,43.16294],[-79.16584,43.16288],[-79.16566,43.16252],[-79.16569,43.16223],[-79.16642,43.16232],[-79.16699,43.16221],[-79.1673,43.16199],[-79.16718,43.16001],[-79.16793,43.15996],[-79.16817,43.15974],[-79.16725,43.15929],[-79.16654,43.15981],[-79.16593,43.15989],[-79.16631,43.16027],[-79.16613,43.16141],[-79.16571,43.16145],[-79.16542,43.16069],[-79.16509,43.16093],[-79.16494,43.16147],[-79.16455,43.16163],[-79.16475,43.16213],[-79.16432,43.16248],[-79.16371,43.16231],[-79.16384,43.16166],[-79.16322,43.16167],[-79.16255,43.16195],[-79.16243,43.16162],[-79.16286,43.16093],[-79.16287,43.16021],[-79.1633,43.15983],[-79.16294,43.15931],[-79.1624,43.15899],[-79.16178,43.15877],[-79.16139,43.15835],[-79.16113,43.15744],[-79.16081,43.15701],[-79.16026,43.15674],[-79.16008,43.15704],[-79.16001,43.15761],[-79.16104,43.15876],[-79.16071,43.15901],[-79.15973,43.15865],[-79.1601,43.1594],[-79.15992,43.15946],[-79.16081,43.16002],[-79.16119,43.16051],[-79.16119,43.16085],[-79.15946,43.16078],[-79.15988,43.16136],[-79.16135,43.16217],[-79.1623,43.16249],[-79.16304,43.16329],[-79.16373,43.16328],[-79.16366,43.16374]]]}},{"type":"Feature","properties":{"serie":"Beverly","texture":"loam limono-argileux","code_texture":"SICL","drainage":"imparfait","pente":3.5,"classe_agricole":"2"},"geometry":{"type":"Polygon","coordinates":[[[-79.15858,43.15663],[-79.15918,43.15738],[-79.15973,43.15865],[-79.16071,43.15901],[-79.16104,43.15876],[-79.16001,43.15761],[-79.16008,43.15704],[-79.16026,43.15674],[-79.15905,43.15663],[-79.15858,43.15663]]]}},{"type":"Feature","properties":{"serie":"Haldimand","texture":"argile limoneuse","code_texture":"SIC","drainage":"imparfait","pente":3.5,"classe_agricole":"3"},"geometry":{"type":"Polygon","coordinates":[[[-79.17481,43.16054],[-79.17971,43.1623],[-79.17958,43.16167],[-79.17929,43.16144],[-79.17855,43.16138],[-79.17776,43.16113],[-79.17683,43.16067],[-79.17527,43.16038],[-79.17481,43.16054]]]}},{"type":"Feature","properties":{"serie":"Haldimand","texture":"argile limoneuse","code_texture":"SIC","drainage":"imparfait","pente":3.5,"classe_agricole":"3"},"geometry":{"type":"Polygon","coordinates":[[[-79.16371,43.16231],[-79.16432,43.16248],[-79.16475,43.16213],[-79.16455,43.16163],[-79.16494,43.16147],[-79.16509,43.16093],[-79.16542,43.16069],[-79.16571,43.16145],[-79.16613,43.16141],[-79.16631,43.16027],[-79.16593,43.15989],[-79.16654,43.15981],[-79.16725,43.15929],[-79.16553,43.15863],[-79.16507,43.15934],[-79.16455,43.15974],[-79.16386,43.15993],[-79.1633,43.15983],[-79.16287,43.16021],[-79.16286,43.16093],[-79.16243,43.16162],[-79.16255,43.16195],[-79.16322,43.16167],[-79.16384,43.16166],[-79.16371,43.16231]]]}},{"type":"Feature","properties":{"serie":"Cashel","texture":"loam limono-argileux","code_texture":"SICL","drainage":"modérément bon","pente":12,"classe_agricole":"4"},"geometry":{"type":"Polygon","coordinates":[[[-79.17147,43.16088],[-79.17077,43.16169],[-79.17091,43.16194],[-79.17148,43.1621],[-79.17296,43.16305],[-79.17358,43.16409],[-79.17366,43.16455],[-79.17448,43.16465],[-79.17446,43.16338],[-79.1742,43.16271],[-79.17346,43.16206],[-79.17279,43.16178],[-79.17299,43.16142],[-79.17282,43.161],[-79.17169,43.16067],[-79.17147,43.16088]]]}},{"type":"Feature","properties":{"serie":"Haldimand","texture":"argile limoneuse","code_texture":"SIC","drainage":"imparfait","pente":3.5,"classe_agricole":"3"},"geometry":{"type":"Polygon","coordinates":[[[-79.1757,43.16229],[-79.17532,43.16421],[-79.18442,43.16605],[-79.18383,43.16531],[-79.17611,43.1622],[-79.1757,43.16229]]]}},{"type":"Feature","properties":{"serie":"Haldimand","texture":"argile limoneuse","code_texture":"SIC","drainage":"imparfait","pente":1.2,"classe_agricole":"3"},"geometry":{"type":"Polygon","coordinates":[[[-79.16509,43.16323],[-79.16661,43.16331],[-79.16661,43.16383],[-79.16748,43.16388],[-79.16754,43.16312],[-79.16883,43.16321],[-79.16889,43.16219],[-79.17002,43.1623],[-79.17001,43.16322],[-79.17313,43.16334],[-79.17296,43.16305],[-79.17148,43.1621],[-79.17091,43.16194],[-79.17077,43.16169],[-79.16825,43.16079],[-79.16828,43.16206],[-79.1673,43.16199],[-79.16699,43.16221],[-79.16642,43.16232],[-79.16569,43.16223],[-79.16566,43.16252],[-79.16584,43.16288],[-79.165,43.16294],[-79.16509,43.16323]]]}},{"type":"Feature","properties":{"serie":"Beverly","texture":"loam limono-argileux","code_texture":"SICL","drainage":"imparfait","pente":3.5,"classe_agricole":"2"},"geometry":{"type":"Polygon","coordinates":[[[-79.15946,43.16078],[-79.16119,43.16085],[-79.16119,43.16051],[-79.16081,43.16002],[-79.16033,43.15966],[-79.15992,43.15946],[-79.15943,43.1594],[-79.1577,43.15934],[-79.15728,43.15959],[-79.15775,43.16004],[-79.15872,43.16033],[-79.15946,43.16078]]]}},{"type":"Feature","properties":{"serie":"Not Mapped","texture":"NA","code_texture":"NA","drainage":null,"pente":-9,"classe_agricole":"0"},"geometry":{"type":"Polygon","coordinates":[[[-79.17279,43.16448],[-79.17366,43.16455],[-79.17358,43.16409],[-79.17313,43.16334],[-79.17001,43.16322],[-79.17002,43.1623],[-79.16889,43.16219],[-79.16883,43.16321],[-79.16754,43.16312],[-79.16748,43.16388],[-79.17285,43.16409],[-79.17283,43.16437],[-79.17279,43.16448]]]}},{"type":"Feature","properties":{"serie":"Beverly","texture":"loam limono-argileux","code_texture":"SICL","drainage":"imparfait","pente":3.5,"classe_agricole":"2"},"geometry":{"type":"Polygon","coordinates":[[[-79.15818,43.16333],[-79.15879,43.16328],[-79.15894,43.16396],[-79.1598,43.16396],[-79.16007,43.16331],[-79.16304,43.16329],[-79.1623,43.16249],[-79.16135,43.16217],[-79.15988,43.16136],[-79.15946,43.16078],[-79.15914,43.1608],[-79.15852,43.16102],[-79.15802,43.16134],[-79.15725,43.16155],[-79.15737,43.16197],[-79.15791,43.16245],[-79.15813,43.16299],[-79.15818,43.16333]]]}},{"type":"Feature","properties":{"serie":"Cashel","texture":"loam limono-argileux","code_texture":"SICL","drainage":"modérément bon","pente":22.5,"classe_agricole":"5"},"geometry":{"type":"Polygon","coordinates":[[[-79.17451,43.16449],[-79.17448,43.16465],[-79.17885,43.16556],[-79.18251,43.16611],[-79.18463,43.16675],[-79.18442,43.16605],[-79.17532,43.16421],[-79.17451,43.16415],[-79.17451,43.16449]]]}},{"type":"Feature","properties":{"serie":"Cashel","texture":"loam limono-argileux","code_texture":"SICL","drainage":"modérément bon","pente":22.5,"classe_agricole":"5"},"geometry":{"type":"Polygon","coordinates":[[[-79.16888,43.16437],[-79.17279,43.16448],[-79.17285,43.16409],[-79.16572,43.1638],[-79.16529,43.16385],[-79.16543,43.16426],[-79.16723,43.1643],[-79.16888,43.16437]]]}},{"type":"Feature","properties":{"serie":"Lincoln","texture":"argile","code_texture":"C","drainage":"pauvre","pente":1.2,"classe_agricole":"3"},"geometry":{"type":"Polygon","coordinates":[[[-79.16918,43.17261],[-79.17175,43.17293],[-79.17288,43.17317],[-79.1769,43.17421],[-79.17969,43.17437],[-79.1825,43.17426],[-79.18506,43.17378],[-79.18638,43.17325],[-79.1862,43.17269],[-79.18618,43.17221],[-79.1866,43.17172],[-79.18707,43.17087],[-79.18746,43.16964],[-79.18479,43.16978],[-79.18449,43.16784],[-79.18463,43.16675],[-79.18328,43.1663],[-79.1817,43.16597],[-79.17885,43.16556],[-79.17733,43.16523],[-79.17697,43.16554],[-79.17538,43.16619],[-79.17448,43.16619],[-79.1734,43.16569],[-79.17256,43.16567],[-79.17221,43.16538],[-79.17231,43.16491],[-79.17279,43.16448],[-79.16888,43.16437],[-79.16699,43.16533],[-79.16591,43.16566],[-79.16541,43.16643],[-79.165,43.1668],[-79.16454,43.16638],[-79.16443,43.16569],[-79.16458,43.16533],[-79.16478,43.16518],[-79.16413,43.16437],[-79.16357,43.16459],[-79.16397,43.16519],[-79.16403,43.16549],[-79.16394,43.16713],[-79.1636,43.16751],[-79.16325,43.16751],[-79.16289,43.16701],[-79.16252,43.16622],[-79.16179,43.16568],[-79.1613,43.16511],[-79.16052,43.16482],[-79.15826,43.16505],[-79.15658,43.16479],[-79.15611,43.16483],[-79.15627,43.16546],[-79.15672,43.16586],[-79.15742,43.16632],[-79.15914,43.16719],[-79.15991,43.16771],[-79.15979,43.16824],[-79.15934,43.16869],[-79.15985,43.16888],[-79.16056,43.16884],[-79.161,43.16897],[-79.16136,43.16948],[-79.16142,43.16998],[-79.16222,43.1704],[-79.16259,43.17112],[-79.16257,43.17154],[-79.16208,43.17224],[-79.16121,43.17267],[-79.16027,43.17272],[-79.1583,43.1724],[-79.15761,43.17245],[-79.15685,43.17289],[-79.15628,43.17354],[-79.15666,43.17356],[-79.15759,43.17386],[-79.15981,43.17383],[-79.16191,43.17354],[-79.16585,43.17276],[-79.16788,43.17259],[-79.16918,43.17261]]]}},{"type":"Feature","properties":{"serie":"Haldimand","texture":"argile limoneuse","code_texture":"SIC","drainage":"imparfait","pente":3.5,"classe_agricole":"3"},"geometry":{"type":"Polygon","coordinates":[[[-79.17279,43.16448],[-79.17231,43.16491],[-79.17221,43.16538],[-79.17256,43.16567],[-79.1734,43.16569],[-79.17448,43.16619],[-79.17538,43.16619],[-79.17697,43.16554],[-79.17733,43.16523],[-79.17552,43.16483],[-79.17366,43.16455],[-79.17279,43.16448]]]}},{"type":"Feature","properties":{"serie":"Not Mapped","texture":"NA","code_texture":"NA","drainage":null,"pente":-9,"classe_agricole":"0"},"geometry":{"type":"Polygon","coordinates":[[[-79.16357,43.16459],[-79.16413,43.16437],[-79.16478,43.16518],[-79.16559,43.16479],[-79.16529,43.16385],[-79.16661,43.16383],[-79.16661,43.16331],[-79.16509,43.16323],[-79.16484,43.16374],[-79.16366,43.16374],[-79.16373,43.16328],[-79.16007,43.16331],[-79.1598,43.16396],[-79.1623,43.16384],[-79.1623,43.16506],[-79.16357,43.16459]]]}},{"type":"Feature","properties":{"serie":"Haldimand","texture":"argile limoneuse","code_texture":"SIC","drainage":"imparfait","pente":3.5,"classe_agricole":"3"},"geometry":{"type":"Polygon","coordinates":[[[-79.16478,43.16518],[-79.16458,43.16533],[-79.16443,43.16569],[-79.16454,43.16638],[-79.165,43.1668],[-79.16541,43.16643],[-79.16591,43.16566],[-79.16699,43.16533],[-79.16888,43.16437],[-79.16543,43.16426],[-79.16559,43.16479],[-79.16542,43.16487],[-79.16478,43.16518]]]}},{"type":"Feature","properties":{"serie":"Cashel","texture":"loam limono-argileux","code_texture":"SICL","drainage":"modérément bon","pente":22.5,"classe_agricole":"5"},"geometry":{"type":"Polygon","coordinates":[[[-79.15395,43.16474],[-79.15396,43.16497],[-79.15658,43.16479],[-79.15703,43.16489],[-79.15726,43.16473],[-79.15815,43.16452],[-79.1623,43.16431],[-79.1623,43.16384],[-79.15845,43.16397],[-79.15418,43.16449],[-79.15395,43.16474]]]}},{"type":"Feature","properties":{"serie":"Not Mapped","texture":"NA","code_texture":"NA","drainage":null,"pente":-9,"classe_agricole":"0"},"geometry":{"type":"Polygon","coordinates":[[[-79.15487,43.1639],[-79.15452,43.16394],[-79.15476,43.16445],[-79.15717,43.16409],[-79.15894,43.16396],[-79.15879,43.16328],[-79.15789,43.16336],[-79.15778,43.16301],[-79.1571,43.16309],[-79.15697,43.16368],[-79.15607,43.16377],[-79.15487,43.1639]]]}},{"type":"Feature","properties":{"serie":"Haldimand","texture":"argile limoneuse","code_texture":"SIC","drainage":"imparfait","pente":3.5,"classe_agricole":"3"},"geometry":{"type":"Polygon","coordinates":[[[-79.15703,43.16489],[-79.15826,43.16505],[-79.16052,43.16482],[-79.1613,43.16511],[-79.16179,43.16568],[-79.16252,43.16622],[-79.16289,43.16701],[-79.16325,43.16751],[-79.1636,43.16751],[-79.16394,43.16713],[-79.16403,43.16549],[-79.16397,43.16519],[-79.16357,43.16459],[-79.1623,43.16506],[-79.1623,43.16431],[-79.15943,43.1644],[-79.15815,43.16452],[-79.15726,43.16473],[-79.15703,43.16489]]]}},{"type":"Feature","properties":{"serie":"Beverly","texture":"loam limono-argileux","code_texture":"SICL","drainage":"imparfait","pente":1.2,"classe_agricole":"2"},"geometry":{"type":"Polygon","coordinates":[[[-79.1544,43.16798],[-79.15463,43.16831],[-79.15492,43.16843],[-79.15552,43.16816],[-79.15614,43.16809],[-79.15651,43.16819],[-79.15683,43.16859],[-79.15704,43.16916],[-79.15778,43.16964],[-79.15787,43.16986],[-79.15738,43.1704],[-79.15753,43.17061],[-79.15866,43.1709],[-79.15988,43.17095],[-79.16094,43.17053],[-79.16142,43.16998],[-79.16136,43.16948],[-79.161,43.16897],[-79.16056,43.16884],[-79.15985,43.16888],[-79.15934,43.16869],[-79.15979,43.16824],[-79.15991,43.16771],[-79.15914,43.16719],[-79.15742,43.16632],[-79.15672,43.16586],[-79.15627,43.16546],[-79.15611,43.16483],[-79.15396,43.16497],[-79.15425,43.1652],[-79.1548,43.16542],[-79.15518,43.16577],[-79.15511,43.16627],[-79.15531,43.16661],[-79.15604,43.16651],[-79.15694,43.16703],[-79.15758,43.16718],[-79.15788,43.1676],[-79.15836,43.16796],[-79.15813,43.16823],[-79.15768,43.16819],[-79.15598,43.16754],[-79.15562,43.16714],[-79.15493,43.16714],[-79.15452,43.16767],[-79.1544,43.16798]]]}},{"type":"Feature","properties":{"serie":"Beverly","texture":"loam limono-argileux","code_texture":"SICL","drainage":"imparfait","pente":3.5,"classe_agricole":"2"},"geometry":{"type":"Polygon","coordinates":[[[-79.15493,43.16714],[-79.15562,43.16714],[-79.15598,43.16754],[-79.15768,43.16819],[-79.15813,43.16823],[-79.15836,43.16796],[-79.15788,43.1676],[-79.15758,43.16718],[-79.15694,43.16703],[-79.15604,43.16651],[-79.15531,43.16661],[-79.15511,43.16627],[-79.15518,43.16577],[-79.1548,43.16542],[-79.15425,43.1652],[-79.15396,43.16497],[-79.15298,43.16519],[-79.15387,43.16572],[-79.15413,43.16626],[-79.15423,43.16687],[-79.15467,43.16718],[-79.15493,43.16714]]]}},{"type":"Feature","properties":{"serie":"Beverly","texture":"loam limono-argileux","code_texture":"SICL","drainage":"imparfait","pente":1.2,"classe_agricole":"2"},"geometry":{"type":"Polygon","coordinates":[[[-79.15009,43.16966],[-79.14976,43.16961],[-79.14914,43.16983],[-79.14859,43.17032],[-79.14826,43.1708],[-79.14822,43.17146],[-79.14847,43.17208],[-79.14886,43.17258],[-79.14977,43.17296],[-79.1507,43.17315],[-79.15154,43.17344],[-79.15319,43.17423],[-79.15419,43.1743],[-79.15477,43.17389],[-79.15628,43.17354],[-79.15685,43.17289],[-79.15761,43.17245],[-79.1583,43.1724],[-79.16027,43.17272],[-79.16121,43.17267],[-79.16208,43.17224],[-79.16238,43.17189],[-79.16257,43.17154],[-79.16259,43.17112],[-79.16248,43.17078],[-79.16222,43.1704],[-79.16142,43.16998],[-79.16094,43.17053],[-79.15988,43.17095],[-79.15866,43.1709],[-79.15753,43.17061],[-79.15738,43.1704],[-79.15787,43.16986],[-79.15778,43.16964],[-79.15704,43.16916],[-79.15683,43.16859],[-79.15651,43.16819],[-79.15614,43.16809],[-79.15552,43.16816],[-79.15492,43.16843],[-79.15463,43.16831],[-79.1544,43.16798],[-79.15414,43.16791],[-79.15364,43.16796],[-79.15298,43.16856],[-79.15253,43.16925],[-79.15189,43.16978],[-79.15108,43.16991],[-79.15037,43.1697],[-79.15009,43.16966]]]}},{"type":"Feature","properties":{"serie":"Not Mapped","texture":"NA","code_texture":"NA","drainage":null,"pente":-9,"classe_agricole":"0"},"geometry":{"type":"Polygon","coordinates":[[[-79.16385,43.17476],[-79.16394,43.17544],[-79.16605,43.17448],[-79.16595,43.17344],[-79.1638,43.17424],[-79.16385,43.17476]]]}},{"type":"Feature","properties":{"serie":"Toledo","texture":"loam limono-argileux","code_texture":"SICL","drainage":"pauvre","pente":1.2,"classe_agricole":"3"},"geometry":{"type":"Polygon","coordinates":[[[-79.16385,43.17476],[-79.16214,43.17479],[-79.16015,43.17582],[-79.15879,43.17614],[-79.15798,43.17643],[-79.15753,43.17709],[-79.15737,43.17778],[-79.15782,43.17828],[-79.15965,43.17874],[-79.16175,43.17793],[-79.16332,43.17747],[-79.1642,43.17666],[-79.16565,43.17576],[-79.16655,43.17499],[-79.16657,43.17434],[-79.16625,43.17411],[-79.16601,43.17408],[-79.16605,43.17448],[-79.16394,43.17544],[-79.16385,43.17476]]]}},{"type":"Feature","properties":{"serie":"Escarpment","texture":"roc","code_texture":"R","drainage":"rapide","pente":22.5,"classe_agricole":"7"},"geometry":{"type":"Polygon","coordinates":[[[-79.12225,43.15097],[-79.12308,43.15106],[-79.12402,43.15146],[-79.12484,43.15152],[-79.12627,43.15066],[-79.12691,43.15071],[-79.12744,43.1504],[-79.12826,43.15034],[-79.12835,43.14992],[-79.12859,43.14973],[-79.12892,43.14977],[-79.12956,43.14951],[-79.13037,43.14958],[-79.1309,43.14934],[-79.13151,43.14921],[-79.13202,43.14924],[-79.13294,43.14909],[-79.13397,43.14864],[-79.13642,43.14735],[-79.13694,43.14717],[-79.13783,43.1471],[-79.13922,43.14623],[-79.13954,43.14562],[-79.13925,43.14516],[-79.13938,43.14503],[-79.1406,43.1449],[-79.14254,43.14385],[-79.14536,43.14191],[-79.1481,43.13957],[-79.14887,43.13912],[-79.14976,43.13885],[-79.15166,43.13849],[-79.15374,43.1384],[-79.15552,43.13768],[-79.15724,43.13735],[-79.15824,43.13736],[-79.15917,43.13721],[-79.16026,43.13678],[-79.16095,43.13697],[-79.16168,43.13768],[-79.16225,43.13714],[-79.16285,43.13676],[-79.16377,43.1365],[-79.16452,43.1365],[-79.16606,43.13676],[-79.1666,43.13636],[-79.16682,43.1363],[-79.16709,43.13675],[-79.16738,43.13695],[-79.16741,43.13677],[-79.16783,43.13655],[-79.16983,43.13613],[-79.16972,43.13598],[-79.16913,43.13592],[-79.16884,43.13575],[-79.1688,43.13554],[-79.16889,43.13532],[-79.16781,43.13554],[-79.16656,43.13601],[-79.16612,43.13594],[-79.16542,43.1353],[-79.16445,43.13511],[-79.16342,43.13518],[-79.16305,43.13526],[-79.1622,43.13601],[-79.1613,43.13639],[-79.16002,43.13644],[-79.15941,43.13622],[-79.15855,43.13611],[-79.15715,43.13629],[-79.15619,43.13647],[-79.15554,43.13693],[-79.15446,43.13741],[-79.15366,43.13765],[-79.15238,43.13785],[-79.15124,43.13774],[-79.1506,43.13745],[-79.15022,43.13743],[-79.15015,43.13783],[-79.15029,43.13819],[-79.15001,43.13846],[-79.14952,43.13829],[-79.149,43.13827],[-79.14836,43.13858],[-79.14803,43.13848],[-79.14784,43.13827],[-79.14729,43.13824],[-79.14704,43.13857],[-79.14717,43.13904],[-79.14701,43.13953],[-79.14588,43.14037],[-79.14557,43.1409],[-79.1451,43.14109],[-79.14481,43.14084],[-79.14443,43.14021],[-79.14421,43.14023],[-79.14415,43.14114],[-79.144,43.1417],[-79.14369,43.14197],[-79.1415,43.14319],[-79.14087,43.14393],[-79.13901,43.14448],[-79.13879,43.14438],[-79.13868,43.14419],[-79.13784,43.14435],[-79.13744,43.14457],[-79.13786,43.14477],[-79.13842,43.14522],[-79.13854,43.14584],[-79.13841,43.14605],[-79.13756,43.14645],[-79.13713,43.14653],[-79.13668,43.14647],[-79.13627,43.14607],[-79.13535,43.14629],[-79.13558,43.14673],[-79.13552,43.14719],[-79.13499,43.1476],[-79.13288,43.14841],[-79.13156,43.14874],[-79.1294,43.14897],[-79.12825,43.1493],[-79.12613,43.15031],[-79.12508,43.15048],[-79.12498,43.15062],[-79.12437,43.15083],[-79.12382,43.15084],[-79.12326,43.15066],[-79.1227,43.15026],[-79.1228,43.14937],[-79.12172,43.14959],[-79.12082,43.14965],[-79.12019,43.14951],[-79.11974,43.14891],[-79.11951,43.14818],[-79.11963,43.14776],[-79.11908,43.14774],[-79.11853,43.14784],[-79.11823,43.14806],[-79.11852,43.14803],[-79.11893,43.14832],[-79.11891,43.14897],[-79.11946,43.14935],[-79.11975,43.14993],[-79.12012,43.15015],[-79.12136,43.15],[-79.12185,43.15019],[-79.1221,43.1507],[-79.12225,43.15097]]]}},{"type":"Feature","properties":{"serie":"Beverly","texture":"loam limono-argileux","code_texture":"SICL","drainage":"imparfait","pente":3.5,"classe_agricole":"2"},"geometry":{"type":"Polygon","coordinates":[[[-79.1393,43.15854],[-79.13993,43.15919],[-79.1395,43.15966],[-79.13987,43.16079],[-79.14092,43.16145],[-79.1416,43.16201],[-79.14237,43.16218],[-79.1427,43.16279],[-79.14309,43.16262],[-79.1431,43.16178],[-79.14298,43.16129],[-79.14324,43.16109],[-79.14413,43.16143],[-79.14443,43.16204],[-79.14429,43.16255],[-79.14543,43.16277],[-79.14566,43.16254],[-79.14579,43.16184],[-79.14527,43.16126],[-79.14379,43.16044],[-79.14351,43.15968],[-79.14298,43.15895],[-79.14253,43.15801],[-79.14177,43.15741],[-79.14039,43.15685],[-79.13979,43.15631],[-79.13868,43.1557],[-79.13805,43.15634],[-79.13803,43.1568],[-79.13876,43.15731],[-79.1394,43.1576],[-79.13948,43.15796],[-79.13924,43.15844],[-79.1393,43.15854]]]}},{"type":"Feature","properties":{"serie":"Oneida - Red Phase","texture":"loam argileux","code_texture":"CL","drainage":"modérément bon","pente":12,"classe_agricole":"4"},"geometry":{"type":"Polygon","coordinates":[[[-79.14325,43.14768],[-79.14385,43.14831],[-79.14507,43.14898],[-79.14531,43.14965],[-79.146,43.14953],[-79.14706,43.14885],[-79.14757,43.14868],[-79.14805,43.14797],[-79.14771,43.14759],[-79.14687,43.14768],[-79.14639,43.14692],[-79.14587,43.14655],[-79.14543,43.14574],[-79.14543,43.14539],[-79.14603,43.14396],[-79.1479,43.14113],[-79.14909,43.14053],[-79.14941,43.14011],[-79.14961,43.13971],[-79.14976,43.13885],[-79.14887,43.13912],[-79.1481,43.13957],[-79.14569,43.14164],[-79.14586,43.14182],[-79.14592,43.14209],[-79.14575,43.14244],[-79.14446,43.14404],[-79.14409,43.1447],[-79.14409,43.1451],[-79.14449,43.14598],[-79.14416,43.14653],[-79.14366,43.14673],[-79.14249,43.14609],[-79.14179,43.1461],[-79.14131,43.14622],[-79.14187,43.14645],[-79.14266,43.14704],[-79.14325,43.14768]]]}},{"type":"Feature","properties":{"serie":"Peel","texture":"loam limono-argileux","code_texture":"SICL","drainage":"imparfait","pente":3.5,"classe_agricole":"2"},"geometry":{"type":"Polygon","coordinates":[[[-79.14225,43.15015],[-79.1426,43.15061],[-79.14369,43.15124],[-79.14411,43.15175],[-79.14426,43.15218],[-79.1455,43.15205],[-79.14477,43.14991],[-79.14502,43.14964],[-79.14531,43.14965],[-79.14507,43.14898],[-79.14385,43.14831],[-79.14266,43.14704],[-79.14187,43.14645],[-79.14107,43.14611],[-79.1406,43.14641],[-79.14051,43.14709],[-79.14014,43.14719],[-79.13988,43.14661],[-79.13946,43.14629],[-79.13922,43.14623],[-79.13783,43.1471],[-79.13761,43.14771],[-79.13822,43.14805],[-79.13864,43.14799],[-79.13877,43.14763],[-79.13941,43.1485],[-79.14018,43.14854],[-79.14054,43.14835],[-79.1404,43.14789],[-79.14045,43.14755],[-79.14076,43.14758],[-79.14157,43.14864],[-79.14193,43.14947],[-79.14225,43.15015]]]}},{"type":"Feature","properties":{"serie":"Beverly","texture":"loam limono-argileux","code_texture":"SICL","drainage":"imparfait","pente":3.5,"classe_agricole":"2"},"geometry":{"type":"Polygon","coordinates":[[[-79.14144,43.15573],[-79.14174,43.15668],[-79.14255,43.15711],[-79.14306,43.15711],[-79.14351,43.15695],[-79.14344,43.15663],[-79.14401,43.15661],[-79.14369,43.15621],[-79.14292,43.15563],[-79.14293,43.15493],[-79.14224,43.15424],[-79.14184,43.15368],[-79.14095,43.15353],[-79.14037,43.15376],[-79.14051,43.15441],[-79.14105,43.1551],[-79.14144,43.15573]]]}},{"type":"Feature","properties":{"serie":"Oneida","texture":"loam argileux","code_texture":"CL","drainage":"modérément bon","pente":12,"classe_agricole":"4"},"geometry":{"type":"Polygon","coordinates":[[[-79.13864,43.14894],[-79.13909,43.14955],[-79.14072,43.15024],[-79.14145,43.15076],[-79.14174,43.15137],[-79.14248,43.15185],[-79.14278,43.15232],[-79.14426,43.15218],[-79.14411,43.15175],[-79.14369,43.15124],[-79.1426,43.15061],[-79.14225,43.15015],[-79.14157,43.14864],[-79.14076,43.14758],[-79.14045,43.14755],[-79.1404,43.14789],[-79.14054,43.14835],[-79.14018,43.14854],[-79.13941,43.1485],[-79.13877,43.14763],[-79.13864,43.14799],[-79.13822,43.14805],[-79.13761,43.14771],[-79.13783,43.1471],[-79.13694,43.14717],[-79.13642,43.14735],[-79.13785,43.14845],[-79.13864,43.14894]]]}},{"type":"Feature","properties":{"serie":"Oneida - Red Phase","texture":"loam argileux","code_texture":"CL","drainage":"modérément bon","pente":7,"classe_agricole":"3"},"geometry":{"type":"Polygon","coordinates":[[[-79.13922,43.14623],[-79.13946,43.14629],[-79.13988,43.14661],[-79.14014,43.14719],[-79.14051,43.14709],[-79.1406,43.14641],[-79.14107,43.14611],[-79.14131,43.14622],[-79.14179,43.1461],[-79.14249,43.14609],[-79.14366,43.14673],[-79.14416,43.14653],[-79.14445,43.14611],[-79.14448,43.14589],[-79.14409,43.1451],[-79.14405,43.14484],[-79.14446,43.14404],[-79.14575,43.14244],[-79.14592,43.14209],[-79.14586,43.14182],[-79.14569,43.14164],[-79.14254,43.14385],[-79.14112,43.14468],[-79.1406,43.1449],[-79.13938,43.14503],[-79.13925,43.14516],[-79.13954,43.14562],[-79.13932,43.14601],[-79.13922,43.14623]]]}},{"type":"Feature","properties":{"serie":"Beverly","texture":"loam limono-argileux","code_texture":"SICL","drainage":"imparfait","pente":3.5,"classe_agricole":"2"},"geometry":{"type":"Polygon","coordinates":[[[-79.12753,43.1549],[-79.12735,43.15517],[-79.12772,43.15525],[-79.12824,43.15513],[-79.12867,43.15483],[-79.12941,43.15503],[-79.13012,43.15496],[-79.13084,43.15464],[-79.13142,43.1548],[-79.13208,43.1552],[-79.13398,43.1546],[-79.13482,43.15473],[-79.1357,43.15506],[-79.13656,43.1551],[-79.13704,43.15484],[-79.13677,43.15374],[-79.13725,43.15356],[-79.13841,43.15421],[-79.139,43.15424],[-79.14043,43.15403],[-79.14037,43.15376],[-79.14095,43.15353],[-79.14184,43.15368],[-79.14213,43.1536],[-79.14333,43.15423],[-79.14348,43.15394],[-79.14297,43.15304],[-79.1389,43.15329],[-79.13612,43.15333],[-79.13427,43.15354],[-79.1286,43.15369],[-79.12766,43.1547],[-79.12753,43.1549]]]}},{"type":"Feature","properties":{"serie":"Beverly","texture":"loam limono-argileux","code_texture":"SICL","drainage":"imparfait","pente":3.5,"classe_agricole":"2"},"geometry":{"type":"Polygon","coordinates":[[[-79.12897,43.15304],[-79.13224,43.15302],[-79.13983,43.15244],[-79.14278,43.15232],[-79.14248,43.15185],[-79.14174,43.15137],[-79.14145,43.15076],[-79.14072,43.15024],[-79.14016,43.15001],[-79.14008,43.15017],[-79.14009,43.15119],[-79.13987,43.15142],[-79.13963,43.15138],[-79.13867,43.15065],[-79.13816,43.15086],[-79.1377,43.15128],[-79.13704,43.15111],[-79.13656,43.15126],[-79.13606,43.15178],[-79.13529,43.1519],[-79.13462,43.15134],[-79.13226,43.15154],[-79.13112,43.1515],[-79.13035,43.15161],[-79.12976,43.15195],[-79.1293,43.15247],[-79.12897,43.15304]]]}},{"type":"Feature","properties":{"serie":"Toledo","texture":"loam limono-argileux","code_texture":"SICL","drainage":"pauvre","pente":1.2,"classe_agricole":"3"},"geometry":{"type":"Polygon","coordinates":[[[-79.13284,43.16109],[-79.13333,43.16114],[-79.13416,43.16064],[-79.13439,43.16],[-79.13384,43.15932],[-79.13378,43.15865],[-79.13489,43.15877],[-79.13622,43.15868],[-79.13759,43.15883],[-79.13851,43.1595],[-79.13887,43.15929],[-79.1393,43.15854],[-79.13924,43.15844],[-79.13948,43.15796],[-79.1394,43.1576],[-79.13876,43.15731],[-79.13803,43.1568],[-79.13805,43.15634],[-79.13868,43.1557],[-79.13835,43.15547],[-79.13844,43.15516],[-79.13913,43.15527],[-79.13991,43.15563],[-79.1409,43.15641],[-79.14118,43.15623],[-79.14126,43.15587],[-79.14144,43.15573],[-79.14051,43.15441],[-79.14043,43.15403],[-79.139,43.15424],[-79.13841,43.15421],[-79.13725,43.15356],[-79.13677,43.15374],[-79.13704,43.15484],[-79.13656,43.1551],[-79.1357,43.15506],[-79.13482,43.15473],[-79.13398,43.1546],[-79.13208,43.1552],[-79.13142,43.1548],[-79.13084,43.15464],[-79.13012,43.15496],[-79.12941,43.15503],[-79.12867,43.15483],[-79.12824,43.15513],[-79.12772,43.15525],[-79.12735,43.15517],[-79.12639,43.15662],[-79.12484,43.15781],[-79.12435,43.15851],[-79.12381,43.15895],[-79.12383,43.15926],[-79.12481,43.15884],[-79.12551,43.15802],[-79.12589,43.15799],[-79.12569,43.15862],[-79.12615,43.15852],[-79.12686,43.15802],[-79.12759,43.15781],[-79.12797,43.1581],[-79.12773,43.15832],[-79.12836,43.15811],[-79.12975,43.15718],[-79.13069,43.15684],[-79.13134,43.15697],[-79.13128,43.15751],[-79.13092,43.15787],[-79.13106,43.15793],[-79.13095,43.15857],[-79.13082,43.15867],[-79.13104,43.15891],[-79.13111,43.1595],[-79.13069,43.15995],[-79.12985,43.16013],[-79.12999,43.1607],[-79.13105,43.16093],[-79.13232,43.16103],[-79.13284,43.16109]]]}},{"type":"Feature","properties":{"serie":"Cashel","texture":"loam limono-argileux","code_texture":"SICL","drainage":"modérément bon","pente":7,"classe_agricole":"3"},"geometry":{"type":"Polygon","coordinates":[[[-79.13462,43.15134],[-79.13529,43.1519],[-79.13606,43.15178],[-79.13656,43.15126],[-79.13704,43.15111],[-79.1377,43.15128],[-79.13816,43.15086],[-79.13867,43.15065],[-79.13963,43.15138],[-79.13987,43.15142],[-79.14009,43.15119],[-79.14008,43.15017],[-79.14016,43.15001],[-79.13909,43.14955],[-79.13864,43.14894],[-79.13785,43.14845],[-79.13766,43.14865],[-79.13772,43.14893],[-79.13809,43.14939],[-79.13793,43.14994],[-79.13757,43.15039],[-79.13747,43.15072],[-79.13697,43.1509],[-79.13497,43.15131],[-79.13462,43.15134]]]}},{"type":"Feature","properties":{"serie":"Beverly","texture":"loam limono-argileux","code_texture":"SICL","drainage":"imparfait","pente":3.5,"classe_agricole":"2"},"geometry":{"type":"Polygon","coordinates":[[[-79.13233,43.15062],[-79.13277,43.15075],[-79.13361,43.15078],[-79.13691,43.15024],[-79.13757,43.15039],[-79.13793,43.14994],[-79.13809,43.14939],[-79.13772,43.14893],[-79.13766,43.14865],[-79.13785,43.14845],[-79.13642,43.14735],[-79.13397,43.14864],[-79.13294,43.14909],[-79.13172,43.14922],[-79.13178,43.14966],[-79.13201,43.15019],[-79.13233,43.15062]]]}},{"type":"Feature","properties":{"serie":"Malton - Red Phase","texture":"loam limono-argileux","code_texture":"SICL","drainage":"pauvre","pente":1.2,"classe_agricole":"3"},"geometry":{"type":"Polygon","coordinates":[[[-79.13276,43.14139],[-79.13213,43.14166],[-79.13147,43.14221],[-79.13182,43.14267],[-79.13216,43.14371],[-79.13256,43.1443],[-79.13324,43.14471],[-79.13516,43.14531],[-79.1368,43.14651],[-79.13732,43.14651],[-79.13812,43.14621],[-79.13852,43.14594],[-79.13853,43.14553],[-79.13842,43.14522],[-79.13786,43.14477],[-79.13575,43.14394],[-79.13544,43.14366],[-79.13536,43.14337],[-79.13511,43.14315],[-79.13468,43.14301],[-79.13441,43.14279],[-79.13445,43.14238],[-79.13363,43.14211],[-79.13288,43.14132],[-79.13276,43.14139]]]}},{"type":"Feature","properties":{"serie":"Oneida","texture":"loam argileux","code_texture":"CL","drainage":"modérément bon","pente":12,"classe_agricole":"4"},"geometry":{"type":"Polygon","coordinates":[[[-79.13233,43.15062],[-79.1317,43.15071],[-79.13167,43.151],[-79.13207,43.15131],[-79.13254,43.1515],[-79.13564,43.15119],[-79.13747,43.15072],[-79.13757,43.15039],[-79.13691,43.15024],[-79.13361,43.15078],[-79.13277,43.15075],[-79.13245,43.15063],[-79.13233,43.15062]]]}},{"type":"Feature","properties":{"serie":"Malton - Red Phase","texture":"loam limono-argileux","code_texture":"SICL","drainage":"pauvre","pente":1.2,"classe_agricole":"3"},"geometry":{"type":"Polygon","coordinates":[[[-79.1306,43.14528],[-79.13026,43.14562],[-79.12879,43.14616],[-79.12865,43.1463],[-79.12868,43.1466],[-79.12924,43.14713],[-79.1293,43.14763],[-79.12904,43.14795],[-79.12921,43.14805],[-79.12977,43.14807],[-79.13027,43.1476],[-79.13036,43.14618],[-79.13058,43.1459],[-79.13104,43.14565],[-79.13178,43.14549],[-79.13221,43.14526],[-79.13385,43.14533],[-79.13496,43.14581],[-79.13535,43.14629],[-79.13627,43.14607],[-79.13516,43.14531],[-79.13324,43.14471],[-79.13256,43.1443],[-79.13216,43.14371],[-79.13182,43.14267],[-79.13159,43.1423],[-79.13076,43.14176],[-79.13058,43.14184],[-79.13068,43.14219],[-79.13107,43.14261],[-79.13114,43.143],[-79.13093,43.14332],[-79.13127,43.1437],[-79.1311,43.14405],[-79.13068,43.14412],[-79.13033,43.14404],[-79.12856,43.14321],[-79.12827,43.14323],[-79.12817,43.1434],[-79.12853,43.14374],[-79.12905,43.14389],[-79.13054,43.14469],[-79.13069,43.14492],[-79.1306,43.14528]]]}},{"type":"Feature","properties":{"serie":"Peel - Loamy Red Phase","texture":"loam","code_texture":"L","drainage":"imparfait","pente":1.2,"classe_agricole":"2"},"geometry":{"type":"Polygon","coordinates":[[[-79.12837,43.14826],[-79.12757,43.14841],[-79.12705,43.14897],[-79.12637,43.14949],[-79.1254,43.15005],[-79.12508,43.15048],[-79.12613,43.15031],[-79.12825,43.1493],[-79.1294,43.14897],[-79.13156,43.14874],[-79.13288,43.14841],[-79.13499,43.1476],[-79.13552,43.14719],[-79.13558,43.14673],[-79.13512,43.14594],[-79.13385,43.14533],[-79.13221,43.14526],[-79.13178,43.14549],[-79.13104,43.14565],[-79.13058,43.1459],[-79.13036,43.14618],[-79.13027,43.1476],[-79.12977,43.14807],[-79.12921,43.14805],[-79.12904,43.14795],[-79.12837,43.14826]]]}},{"type":"Feature","properties":{"serie":"Peel - Red Phase","texture":"argile limoneuse","code_texture":"SIC","drainage":"imparfait","pente":3.5,"classe_agricole":"2"},"geometry":{"type":"Polygon","coordinates":[[[-79.15111,43.14857],[-79.15075,43.14925],[-79.15006,43.14971],[-79.14991,43.15119],[-79.15119,43.1518],[-79.15114,43.15092],[-79.1514,43.14999],[-79.1519,43.14906],[-79.15252,43.14854],[-79.1531,43.14848],[-79.15357,43.14811],[-79.15397,43.1481],[-79.15397,43.1485],[-79.15355,43.14897],[-79.15446,43.14952],[-79.15548,43.14793],[-79.15611,43.14725],[-79.15653,43.14652],[-79.15687,43.14633],[-79.15745,43.14624],[-79.15791,43.14622],[-79.15813,43.14636],[-79.15809,43.14667],[-79.15776,43.14705],[-79.1581,43.14732],[-79.15814,43.14768],[-79.15763,43.14843],[-79.15804,43.14889],[-79.15788,43.14962],[-79.15711,43.15004],[-79.15628,43.15027],[-79.15509,43.15172],[-79.15604,43.15155],[-79.15689,43.15114],[-79.16125,43.14814],[-79.16138,43.14688],[-79.16285,43.14577],[-79.16326,43.14486],[-79.16375,43.14422],[-79.16156,43.14396],[-79.16097,43.14363],[-79.15969,43.14323],[-79.1592,43.1428],[-79.15888,43.14213],[-79.15847,43.14225],[-79.1582,43.14258],[-79.15813,43.14305],[-79.1585,43.14344],[-79.15903,43.14375],[-79.15976,43.14397],[-79.161,43.14404],[-79.16104,43.14417],[-79.16,43.14426],[-79.15976,43.14442],[-79.15995,43.1451],[-79.15967,43.14533],[-79.15935,43.14529],[-79.15898,43.14467],[-79.15863,43.14452],[-79.15812,43.14457],[-79.15776,43.14481],[-79.15781,43.1451],[-79.15808,43.14555],[-79.15776,43.1456],[-79.15726,43.14528],[-79.1562,43.14556],[-79.15556,43.1458],[-79.15511,43.14631],[-79.15448,43.14662],[-79.15421,43.14698],[-79.15486,43.14695],[-79.15586,43.14664],[-79.15612,43.14666],[-79.15567,43.14692],[-79.15492,43.14731],[-79.15318,43.14772],[-79.15249,43.14815],[-79.15167,43.14809],[-79.15111,43.14857]]]}},{"type":"Feature","properties":{"serie":"Cashel - Heavy Red Phase","texture":"argile","code_texture":"C","drainage":"modérément bon","pente":12,"classe_agricole":"4"},"geometry":{"type":"Polygon","coordinates":[[[-79.14995,43.14848],[-79.15006,43.14851],[-79.15013,43.14901],[-79.15037,43.14951],[-79.15075,43.14925],[-79.15111,43.14857],[-79.15167,43.14809],[-79.15249,43.14815],[-79.15318,43.14772],[-79.15492,43.14731],[-79.15612,43.14666],[-79.15586,43.14664],[-79.15486,43.14695],[-79.15421,43.14698],[-79.15448,43.14662],[-79.15511,43.14631],[-79.15556,43.1458],[-79.15726,43.14528],[-79.15776,43.1456],[-79.15808,43.14555],[-79.15781,43.1451],[-79.15776,43.14481],[-79.15812,43.14457],[-79.15863,43.14452],[-79.15898,43.14467],[-79.15935,43.14529],[-79.15967,43.14533],[-79.15995,43.1451],[-79.15976,43.14442],[-79.16,43.14426],[-79.16104,43.14417],[-79.161,43.14404],[-79.15976,43.14397],[-79.15903,43.14375],[-79.1585,43.14344],[-79.15813,43.14305],[-79.1582,43.14258],[-79.15762,43.14253],[-79.15712,43.14287],[-79.15725,43.14299],[-79.15733,43.14345],[-79.15724,43.14386],[-79.15704,43.14422],[-79.15664,43.14445],[-79.15525,43.14461],[-79.15487,43.14475],[-79.15471,43.14492],[-79.15424,43.14594],[-79.15309,43.14674],[-79.15235,43.14696],[-79.15219,43.14685],[-79.15296,43.14634],[-79.15302,43.14588],[-79.15229,43.14599],[-79.15114,43.14652],[-79.15047,43.14712],[-79.1502,43.14787],[-79.14995,43.14848]]]}},{"type":"Feature","properties":{"serie":"Beverly","texture":"loam limono-argileux","code_texture":"SICL","drainage":"imparfait","pente":3.5,"classe_agricole":"2"},"geometry":{"type":"Polygon","coordinates":[[[-79.15498,43.15296],[-79.15405,43.15326],[-79.15574,43.15377],[-79.1562,43.15284],[-79.15659,43.15339],[-79.15798,43.15303],[-79.15853,43.15263],[-79.15829,43.15213],[-79.15857,43.15153],[-79.1591,43.15125],[-79.15959,43.15116],[-79.15956,43.15065],[-79.15601,43.15253],[-79.15498,43.15296]]]}},{"type":"Feature","properties":{"serie":"Beverly","texture":"loam limono-argileux","code_texture":"SICL","drainage":"imparfait","pente":3.5,"classe_agricole":"2"},"geometry":{"type":"Polygon","coordinates":[[[-79.15412,43.16175],[-79.15438,43.16199],[-79.15457,43.16163],[-79.15512,43.1618],[-79.15512,43.16168],[-79.15567,43.16109],[-79.15575,43.16034],[-79.15672,43.15924],[-79.15607,43.15931],[-79.15521,43.15908],[-79.15332,43.15793],[-79.15296,43.1572],[-79.15298,43.15671],[-79.15182,43.15672],[-79.15247,43.15823],[-79.15238,43.15878],[-79.15265,43.15915],[-79.15354,43.15932],[-79.15419,43.15976],[-79.15438,43.16044],[-79.15355,43.1607],[-79.15252,43.16008],[-79.1524,43.16097],[-79.15353,43.16142],[-79.15412,43.16175]]]}},{"type":"Feature","properties":{"serie":"Peel","texture":"loam limono-argileux","code_texture":"SICL","drainage":"imparfait","pente":1.2,"classe_agricole":"2"},"geometry":{"type":"Polygon","coordinates":[[[-79.15731,43.14694],[-79.15693,43.14718],[-79.15606,43.14835],[-79.15487,43.15084],[-79.15427,43.15148],[-79.15445,43.15192],[-79.15501,43.15182],[-79.15628,43.15027],[-79.15711,43.15004],[-79.15788,43.14962],[-79.15804,43.14889],[-79.15763,43.14843],[-79.15809,43.1478],[-79.15816,43.14749],[-79.158,43.14721],[-79.15749,43.14691],[-79.15731,43.14694]]]}},{"type":"Feature","properties":{"serie":"Cashel","texture":"loam limono-argileux","code_texture":"SICL","drainage":"modérément bon","pente":22.5,"classe_agricole":"5"},"geometry":{"type":"Polygon","coordinates":[[[-79.15283,43.165],[-79.15298,43.16519],[-79.15396,43.16497],[-79.15395,43.16474],[-79.15348,43.16416],[-79.15254,43.16336],[-79.15238,43.16249],[-79.15132,43.16116],[-79.15136,43.16082],[-79.15041,43.16031],[-79.15042,43.15979],[-79.15148,43.1593],[-79.15139,43.15876],[-79.14987,43.15783],[-79.14934,43.15737],[-79.14902,43.1569],[-79.14834,43.15659],[-79.14742,43.15529],[-79.14755,43.15451],[-79.14796,43.15435],[-79.14785,43.15315],[-79.14813,43.15273],[-79.1467,43.15285],[-79.14675,43.15334],[-79.14623,43.15338],[-79.14559,43.15325],[-79.14548,43.15361],[-79.14572,43.15432],[-79.14549,43.15448],[-79.14515,43.1543],[-79.14459,43.15367],[-79.14427,43.15311],[-79.14346,43.15299],[-79.14297,43.15304],[-79.14348,43.15394],[-79.14333,43.15423],[-79.14213,43.1536],[-79.14184,43.15368],[-79.14224,43.15424],[-79.14293,43.15493],[-79.14292,43.15563],[-79.14369,43.15621],[-79.14401,43.15661],[-79.14454,43.15658],[-79.14488,43.15608],[-79.14546,43.15586],[-79.14673,43.15659],[-79.14721,43.15708],[-79.14775,43.1581],[-79.14873,43.15875],[-79.14911,43.15932],[-79.14838,43.15954],[-79.14816,43.16012],[-79.14822,43.16048],[-79.14903,43.16115],[-79.1498,43.16193],[-79.15056,43.16219],[-79.15103,43.16304],[-79.15068,43.16346],[-79.15032,43.16303],[-79.15,43.16292],[-79.14994,43.16353],[-79.14919,43.16363],[-79.14846,43.16334],[-79.14808,43.16273],[-79.14702,43.16297],[-79.14659,43.16282],[-79.14588,43.16303],[-79.14568,43.16322],[-79.14757,43.16396],[-79.14866,43.16423],[-79.14982,43.16421],[-79.15085,43.16432],[-79.15158,43.16471],[-79.15166,43.1649],[-79.15228,43.16479],[-79.15283,43.165]]]}},{"type":"Feature","properties":{"serie":"Beverly","texture":"loam limono-argileux","code_texture":"SICL","drainage":"imparfait","pente":1.2,"classe_agricole":"2"},"geometry":{"type":"Polygon","coordinates":[[[-79.15041,43.16031],[-79.15136,43.16082],[-79.1519,43.16084],[-79.1524,43.16097],[-79.15252,43.16008],[-79.15355,43.1607],[-79.15438,43.16044],[-79.15419,43.15976],[-79.15354,43.15932],[-79.15265,43.15915],[-79.15238,43.15878],[-79.15247,43.15823],[-79.15151,43.15603],[-79.15103,43.1556],[-79.1504,43.15531],[-79.15026,43.15469],[-79.14982,43.15416],[-79.14903,43.15378],[-79.14849,43.15337],[-79.14813,43.15273],[-79.14785,43.15315],[-79.14796,43.15435],[-79.14755,43.15451],[-79.14742,43.15529],[-79.14834,43.15659],[-79.14902,43.1569],[-79.14934,43.15737],[-79.14987,43.15783],[-79.15139,43.15876],[-79.15148,43.1593],[-79.15042,43.15979],[-79.15041,43.16031]]]}},{"type":"Feature","properties":{"serie":"Peel - Red Phase","texture":"argile limoneuse","code_texture":"SIC","drainage":"imparfait","pente":3.5,"classe_agricole":"2"},"geometry":{"type":"Polygon","coordinates":[[[-79.15047,43.14605],[-79.15014,43.14639],[-79.15051,43.14656],[-79.15022,43.14694],[-79.15047,43.14712],[-79.15114,43.14652],[-79.15229,43.14599],[-79.15302,43.14588],[-79.15296,43.14634],[-79.15219,43.14685],[-79.15235,43.14696],[-79.15309,43.14674],[-79.15424,43.14594],[-79.15471,43.14492],[-79.15487,43.14475],[-79.15525,43.14461],[-79.15664,43.14445],[-79.15704,43.14422],[-79.15724,43.14386],[-79.15733,43.14345],[-79.15725,43.14299],[-79.15705,43.14279],[-79.15618,43.1424],[-79.15557,43.14167],[-79.15493,43.14119],[-79.15322,43.14044],[-79.15264,43.13987],[-79.15191,43.13948],[-79.15197,43.14035],[-79.15177,43.14073],[-79.15227,43.14133],[-79.15273,43.14167],[-79.15447,43.14215],[-79.15439,43.14241],[-79.15363,43.14278],[-79.15179,43.143],[-79.15144,43.14317],[-79.15132,43.1434],[-79.15219,43.14349],[-79.15213,43.14366],[-79.15169,43.14395],[-79.15153,43.14426],[-79.15165,43.14435],[-79.15251,43.14409],[-79.15296,43.14408],[-79.15309,43.14431],[-79.15136,43.14563],[-79.15047,43.14605]]]}},{"type":"Feature","properties":{"serie":"Cashel","texture":"loam limono-argileux","code_texture":"SICL","drainage":"modérément bon","pente":12,"classe_agricole":"4"},"geometry":{"type":"Polygon","coordinates":[[[-79.1514,43.14999],[-79.15114,43.15092],[-79.15119,43.1518],[-79.15199,43.15214],[-79.15187,43.1515],[-79.15199,43.15066],[-79.15251,43.14991],[-79.15289,43.14967],[-79.15322,43.15016],[-79.15361,43.15027],[-79.15446,43.14952],[-79.15355,43.14897],[-79.15397,43.1485],[-79.15397,43.1481],[-79.15357,43.14811],[-79.1531,43.14848],[-79.15252,43.14854],[-79.1519,43.14906],[-79.1514,43.14999]]]}},{"type":"Feature","properties":{"serie":"Cashel","texture":"loam limono-argileux","code_texture":"SICL","drainage":"modérément bon","pente":12,"classe_agricole":"4"},"geometry":{"type":"Polygon","coordinates":[[[-79.14813,43.15273],[-79.14849,43.15337],[-79.14903,43.15378],[-79.14982,43.15416],[-79.15026,43.15469],[-79.1504,43.15531],[-79.15103,43.1556],[-79.15151,43.15603],[-79.15182,43.15672],[-79.15242,43.15672],[-79.15253,43.15518],[-79.1513,43.15475],[-79.15096,43.15391],[-79.15054,43.15351],[-79.1498,43.15329],[-79.14929,43.15289],[-79.14922,43.15269],[-79.14813,43.15273]]]}},{"type":"Feature","properties":{"serie":"Peel","texture":"loam limono-argileux","code_texture":"SICL","drainage":"imparfait","pente":3.5,"classe_agricole":"2"},"geometry":{"type":"Polygon","coordinates":[[[-79.14922,43.15269],[-79.14929,43.15289],[-79.1498,43.15329],[-79.15054,43.15351],[-79.15096,43.15391],[-79.1513,43.15475],[-79.15253,43.15518],[-79.15267,43.15314],[-79.14975,43.15268],[-79.14922,43.15269]]]}},{"type":"Feature","properties":{"serie":"Oneida - Red Phase","texture":"loam argileux","code_texture":"CL","drainage":"modérément bon","pente":12,"classe_agricole":"4"},"geometry":{"type":"Polygon","coordinates":[[[-79.14871,43.14849],[-79.14852,43.14919],[-79.14912,43.14895],[-79.14978,43.14844],[-79.14995,43.14848],[-79.15047,43.14712],[-79.15022,43.14694],[-79.15051,43.14656],[-79.15014,43.14639],[-79.15047,43.14605],[-79.15165,43.14544],[-79.15309,43.14431],[-79.15296,43.14408],[-79.15251,43.14409],[-79.15165,43.14435],[-79.15153,43.14426],[-79.15169,43.14395],[-79.15213,43.14366],[-79.15219,43.14349],[-79.15186,43.1434],[-79.15038,43.14339],[-79.14957,43.14369],[-79.1473,43.14394],[-79.14676,43.14417],[-79.14642,43.1445],[-79.14595,43.14537],[-79.14598,43.14568],[-79.14685,43.14613],[-79.14735,43.14656],[-79.14701,43.14715],[-79.1474,43.14762],[-79.14771,43.14759],[-79.14805,43.14797],[-79.14757,43.14868],[-79.14787,43.14879],[-79.14843,43.14834],[-79.14871,43.14849]],[[-79.14948,43.1445],[-79.14843,43.14528],[-79.14844,43.14552],[-79.14886,43.14593],[-79.149,43.14646],[-79.14862,43.14692],[-79.14764,43.14594],[-79.14713,43.14565],[-79.14701,43.14538],[-79.14708,43.14486],[-79.14748,43.14463],[-79.14812,43.14445],[-79.14932,43.14434],[-79.14948,43.1445]]]}},{"type":"Feature","properties":{"serie":"Beverly","texture":"loam limono-argileux","code_texture":"SICL","drainage":"imparfait","pente":3.5,"classe_agricole":"2"},"geometry":{"type":"Polygon","coordinates":[[[-79.14461,43.15765],[-79.14501,43.15756],[-79.1453,43.15786],[-79.14568,43.15772],[-79.14568,43.1573],[-79.14581,43.15699],[-79.146,43.15696],[-79.14661,43.15817],[-79.1472,43.15851],[-79.1474,43.15916],[-79.14787,43.15991],[-79.14816,43.16012],[-79.14838,43.15954],[-79.14911,43.15932],[-79.14873,43.15875],[-79.14775,43.1581],[-79.14721,43.15708],[-79.14673,43.15659],[-79.14546,43.15586],[-79.14488,43.15608],[-79.14457,43.15648],[-79.14459,43.15718],[-79.14461,43.15765]]]}},{"type":"Feature","properties":{"serie":"Cashel","texture":"loam limono-argileux","code_texture":"SICL","drainage":"modérément bon","pente":22.5,"classe_agricole":"5"},"geometry":{"type":"Polygon","coordinates":[[[-79.1455,43.15205],[-79.14661,43.15194],[-79.14937,43.15191],[-79.14733,43.15105],[-79.14681,43.1506],[-79.14681,43.14991],[-79.14703,43.1497],[-79.14991,43.15119],[-79.15006,43.14971],[-79.15037,43.14951],[-79.15013,43.14901],[-79.15006,43.14851],[-79.14978,43.14844],[-79.14912,43.14895],[-79.14852,43.14919],[-79.14871,43.14849],[-79.14843,43.14834],[-79.14787,43.14879],[-79.14757,43.14868],[-79.14706,43.14885],[-79.146,43.14953],[-79.14502,43.14964],[-79.14477,43.14991],[-79.14534,43.15159],[-79.1455,43.15205]]]}},{"type":"Feature","properties":{"serie":"Beverly","texture":"loam limono-argileux","code_texture":"SICL","drainage":"imparfait","pente":7,"classe_agricole":"3"},"geometry":{"type":"Polygon","coordinates":[[[-79.14543,43.16277],[-79.14498,43.16336],[-79.14568,43.16322],[-79.14588,43.16303],[-79.14659,43.16282],[-79.14684,43.16292],[-79.14717,43.16251],[-79.14707,43.16225],[-79.14669,43.16186],[-79.1459,43.16042],[-79.14526,43.16051],[-79.14446,43.16033],[-79.14439,43.15949],[-79.1442,43.15873],[-79.14364,43.15828],[-79.1434,43.15771],[-79.14304,43.15772],[-79.14306,43.15711],[-79.14255,43.15711],[-79.14174,43.15668],[-79.14144,43.15573],[-79.14126,43.15587],[-79.14118,43.15623],[-79.1409,43.15641],[-79.13991,43.15563],[-79.13913,43.15527],[-79.13844,43.15516],[-79.13835,43.15547],[-79.13979,43.15631],[-79.14039,43.15685],[-79.14177,43.15741],[-79.14253,43.15801],[-79.14298,43.15895],[-79.14351,43.15968],[-79.14379,43.16044],[-79.14527,43.16126],[-79.14579,43.16184],[-79.14566,43.16254],[-79.14551,43.16269],[-79.14543,43.16277]]]}},{"type":"Feature","properties":{"serie":"Peel - Red Phase","texture":"argile limoneuse","code_texture":"SIC","drainage":"imparfait","pente":3.5,"classe_agricole":"2"},"geometry":{"type":"Polygon","coordinates":[[[-79.14708,43.14236],[-79.14577,43.14444],[-79.14541,43.14555],[-79.14547,43.14583],[-79.14587,43.14655],[-79.14639,43.14692],[-79.14687,43.14768],[-79.1474,43.14762],[-79.14701,43.14715],[-79.14735,43.14656],[-79.14685,43.14613],[-79.14605,43.14576],[-79.14595,43.14563],[-79.14595,43.14537],[-79.14642,43.1445],[-79.14676,43.14417],[-79.1473,43.14394],[-79.14957,43.14369],[-79.15038,43.14339],[-79.1503,43.14322],[-79.15,43.14302],[-79.14907,43.14274],[-79.14894,43.14247],[-79.14793,43.14221],[-79.14743,43.1418],[-79.14708,43.14236]]]}},{"type":"Feature","properties":{"serie":"Peel - Red Phase","texture":"argile limoneuse","code_texture":"SIC","drainage":"imparfait","pente":3.5,"classe_agricole":"2"},"geometry":{"type":"Polygon","coordinates":[[[-79.14764,43.14594],[-79.14862,43.14692],[-79.149,43.14646],[-79.14886,43.14593],[-79.14844,43.14552],[-79.14843,43.14528],[-79.14948,43.1445],[-79.14932,43.14434],[-79.14812,43.14445],[-79.14748,43.14463],[-79.14708,43.14486],[-79.14703,43.1455],[-79.14732,43.14578],[-79.14764,43.14594]]]}},{"type":"Feature","properties":{"serie":"Peel","texture":"loam limono-argileux","code_texture":"SICL","drainage":"imparfait","pente":3.5,"classe_agricole":"2"},"geometry":{"type":"Polygon","coordinates":[[[-79.14459,43.15367],[-79.14515,43.1543],[-79.14549,43.15448],[-79.14572,43.15432],[-79.14548,43.15361],[-79.14559,43.15325],[-79.14623,43.15338],[-79.14675,43.15334],[-79.1467,43.15285],[-79.145,43.15291],[-79.14427,43.15311],[-79.14459,43.15367]]]}},{"type":"Feature","properties":{"serie":"Not Mapped","texture":"NA","code_texture":"NA","drainage":null,"pente":-9,"classe_agricole":"0"},"geometry":{"type":"Polygon","coordinates":[[[-79.14306,43.15711],[-79.14304,43.15772],[-79.14461,43.15765],[-79.14454,43.15658],[-79.14344,43.15663],[-79.14351,43.15695],[-79.14306,43.15711]]]}},{"type":"Feature","properties":{"serie":"Water","texture":"NA","code_texture":"NA","drainage":null,"pente":-9,"classe_agricole":"W"},"geometry":{"type":"Polygon","coordinates":[[[-79.21555,43.24489],[-79.21582,43.24481],[-79.2176,43.24489],[-79.21773,43.24463],[-79.21806,43.24453],[-79.21751,43.2445],[-79.21807,43.24326],[-79.21827,43.24329],[-79.21838,43.24307],[-79.21874,43.24155],[-79.21879,43.24072],[-79.21866,43.23953],[-79.21864,43.236],[-79.21871,43.23563],[-79.21862,43.2317],[-79.21871,43.2305],[-79.21845,43.22881],[-79.21857,43.22857],[-79.2183,43.2284],[-79.2181,43.22845],[-79.21518,43.22087],[-79.21409,43.21896],[-79.21398,43.21844],[-79.21292,43.21589],[-79.21223,43.21329],[-79.21147,43.21127],[-79.21071,43.2097],[-79.2109,43.2096],[-79.21029,43.20827],[-79.209,43.20466],[-79.20844,43.20353],[-79.20726,43.20017],[-79.20708,43.20015],[-79.20569,43.19773],[-79.20337,43.19442],[-79.20163,43.19153],[-79.20047,43.18922],[-79.1982,43.18527],[-79.19843,43.18515],[-79.19805,43.18421],[-79.19784,43.18333],[-79.19594,43.16948],[-79.196,43.1694],[-79.19574,43.16824],[-79.19577,43.16798],[-79.19618,43.16759],[-79.19618,43.16732],[-79.19596,43.1669],[-79.1956,43.16679],[-79.19531,43.16579],[-79.19537,43.16548],[-79.19526,43.16362],[-79.19531,43.16282],[-79.19519,43.16134],[-79.19474,43.15908],[-79.19496,43.16035],[-79.1951,43.16208],[-79.19528,43.16267],[-79.19527,43.16313],[-79.19505,43.16314],[-79.19448,43.15906],[-79.19394,43.15692],[-79.19358,43.15391],[-79.19353,43.15153],[-79.19304,43.14736],[-79.19321,43.14735],[-79.19372,43.15129],[-79.19383,43.15116],[-79.1935,43.14896],[-79.19362,43.14861],[-79.19336,43.14692],[-79.19302,43.14548],[-79.19275,43.14543],[-79.19265,43.14531],[-79.19265,43.14519],[-79.19285,43.14501],[-79.19277,43.14477],[-79.19284,43.14445],[-79.19275,43.14362],[-79.19282,43.14325],[-79.19274,43.14296],[-79.19275,43.14138],[-79.1925,43.14138],[-79.19258,43.1378],[-79.19321,43.12987],[-79.19371,43.12681],[-79.19361,43.12476],[-79.19281,43.12684],[-79.19276,43.12896],[-79.19209,43.13567],[-79.19201,43.13757],[-79.19167,43.14046],[-79.19133,43.14065],[-79.19139,43.1413],[-79.19133,43.14187],[-79.19172,43.14517],[-79.19198,43.14534],[-79.19193,43.1455],[-79.19175,43.14561],[-79.19235,43.15182],[-79.19162,43.15181],[-79.19156,43.15142],[-79.19132,43.15115],[-79.19127,43.15093],[-79.19112,43.15012],[-79.19116,43.14954],[-79.19046,43.14949],[-79.19004,43.14887],[-79.18999,43.14843],[-79.1898,43.14813],[-79.18972,43.14829],[-79.18975,43.14894],[-79.18992,43.14928],[-79.19046,43.14989],[-79.19053,43.15015],[-79.19033,43.15024],[-79.18966,43.15025],[-79.18956,43.15011],[-79.18962,43.14994],[-79.18956,43.14975],[-79.18839,43.14843],[-79.1881,43.14822],[-79.1872,43.14849],[-79.18706,43.14822],[-79.18692,43.14818],[-79.18692,43.14844],[-79.18721,43.14894],[-79.18803,43.14967],[-79.18809,43.14992],[-79.18796,43.15005],[-79.1878,43.15],[-79.18724,43.14922],[-79.18599,43.1479],[-79.18382,43.14527],[-79.18296,43.14442],[-79.18216,43.14338],[-79.18183,43.14315],[-79.18144,43.1426],[-79.18083,43.14201],[-79.17843,43.13917],[-79.17781,43.13787],[-79.17849,43.13703],[-79.1791,43.13646],[-79.1789,43.13615],[-79.17816,43.13682],[-79.17785,43.13737],[-79.1777,43.13593],[-79.17794,43.13514],[-79.17832,43.13526],[-79.17849,43.13553],[-79.17875,43.13566],[-79.17919,43.13536],[-79.17971,43.13438],[-79.1789,43.13512],[-79.17849,43.13492],[-79.17849,43.1346],[-79.17925,43.13381],[-79.17976,43.13339],[-79.18004,43.13329],[-79.18022,43.13305],[-79.18118,43.13115],[-79.18142,43.13046],[-79.18133,43.13032],[-79.18176,43.1303],[-79.18335,43.13151],[-79.18498,43.13108],[-79.19074,43.13162],[-79.19116,43.13136],[-79.19204,43.13058],[-79.19228,43.13023],[-79.19225,43.12996],[-79.19248,43.12884],[-79.19229,43.12855],[-79.19221,43.12816],[-79.19214,43.1268],[-79.1924,43.12628],[-79.19276,43.12607],[-79.19304,43.12548],[-79.193,43.12489],[-79.19325,43.12463],[-79.19298,43.12445],[-79.19273,43.12504],[-79.19272,43.12557],[-79.19259,43.12592],[-79.19245,43.12556],[-79.19249,43.12469],[-79.19213,43.12501],[-79.19218,43.12602],[-79.19162,43.1267],[-79.19143,43.12766],[-79.19113,43.12789],[-79.1903,43.12799],[-79.19037,43.12774],[-79.19111,43.12708],[-79.18935,43.12797],[-79.18936,43.12771],[-79.18958,43.12753],[-79.18789,43.1277],[-79.18825,43.12814],[-79.18866,43.12816],[-79.18895,43.12801],[-79.1887,43.12828],[-79.18863,43.1286],[-79.18918,43.12854],[-79.18978,43.12819],[-79.18953,43.12856],[-79.18892,43.12888],[-79.18843,43.12895],[-79.18766,43.12939],[-79.18758,43.12914],[-79.18723,43.12915],[-79.18737,43.12894],[-79.18793,43.1286],[-79.18775,43.12834],[-79.1866,43.12818],[-79.18647,43.12847],[-79.18625,43.12789],[-79.18636,43.1276],[-79.18591,43.12787],[-79.1857,43.12821],[-79.18525,43.12845],[-79.18456,43.12866],[-79.18374,43.12877],[-79.18271,43.12965],[-79.18239,43.12982],[-79.1815,43.12992],[-79.18115,43.13009],[-79.18122,43.13031],[-79.181,43.13095],[-79.18025,43.13243],[-79.1786,43.13411],[-79.17729,43.13493],[-79.17707,43.13515],[-79.17707,43.13559],[-79.17726,43.13593],[-79.17765,43.13743],[-79.17755,43.13788],[-79.17771,43.13851],[-79.17812,43.13932],[-79.18023,43.14151],[-79.18151,43.14297],[-79.18173,43.14337],[-79.1838,43.14564],[-79.18399,43.14598],[-79.18471,43.14662],[-79.18624,43.14853],[-79.18666,43.14889],[-79.18745,43.14992],[-79.1875,43.15021],[-79.18694,43.15043],[-79.18653,43.15032],[-79.18647,43.14997],[-79.18603,43.1499],[-79.18614,43.15032],[-79.18634,43.15044],[-79.18615,43.15051],[-79.18617,43.15075],[-79.18682,43.15098],[-79.18676,43.15138],[-79.18631,43.15172],[-79.18582,43.15166],[-79.18538,43.1518],[-79.18518,43.15208],[-79.18452,43.15224],[-79.18415,43.15205],[-79.18412,43.15171],[-79.18393,43.15162],[-79.18358,43.15168],[-79.18347,43.15182],[-79.18302,43.15168],[-79.18248,43.15128],[-79.18239,43.15111],[-79.18241,43.15079],[-79.18224,43.15064],[-79.18155,43.15044],[-79.18138,43.15052],[-79.18223,43.15086],[-79.18201,43.15117],[-79.18203,43.15142],[-79.18245,43.15204],[-79.18234,43.1523],[-79.18257,43.1524],[-79.18295,43.1524],[-79.18339,43.15313],[-79.18386,43.1533],[-79.18545,43.15358],[-79.18541,43.15383],[-79.18487,43.15484],[-79.18444,43.15523],[-79.18427,43.15527],[-79.18418,43.15542],[-79.18415,43.15558],[-79.18429,43.15569],[-79.18407,43.15589],[-79.18404,43.15617],[-79.1839,43.15638],[-79.18384,43.15659],[-79.18396,43.1568],[-79.18419,43.15689],[-79.19165,43.15659],[-79.19177,43.15452],[-79.19321,43.15431],[-79.19294,43.15307],[-79.19314,43.15319],[-79.19339,43.15419],[-79.19366,43.15684],[-79.19346,43.157],[-79.19309,43.15691],[-79.19279,43.15702],[-79.19306,43.15783],[-79.19342,43.15844],[-79.19335,43.15888],[-79.19418,43.16535],[-79.194,43.16707],[-79.19387,43.16729],[-79.19419,43.16783],[-79.19415,43.16805],[-79.19447,43.17004],[-79.19427,43.1704],[-79.19413,43.17115],[-79.19384,43.17125],[-79.19329,43.17111],[-79.19205,43.17118],[-79.18999,43.17107],[-79.18969,43.17092],[-79.18851,43.16977],[-79.18836,43.16945],[-79.1884,43.16886],[-79.18892,43.16795],[-79.18891,43.16777],[-79.18855,43.16766],[-79.18831,43.16784],[-79.18809,43.16831],[-79.18804,43.16915],[-79.18818,43.16995],[-79.18882,43.17024],[-79.18887,43.17047],[-79.18927,43.17102],[-79.19371,43.17507],[-79.19366,43.17534],[-79.19778,43.19013],[-79.19829,43.19078],[-79.1997,43.19194],[-79.2004,43.19205],[-79.20135,43.19172],[-79.20314,43.1945],[-79.20304,43.19461],[-79.20262,43.1946],[-79.20211,43.19477],[-79.20221,43.19493],[-79.20205,43.19529],[-79.20211,43.19554],[-79.20488,43.1996],[-79.20506,43.20008],[-79.20558,43.20044],[-79.2063,43.20218],[-79.20619,43.20281],[-79.20668,43.20324],[-79.20789,43.20626],[-79.20756,43.20665],[-79.20752,43.20691],[-79.20771,43.20712],[-79.20876,43.20758],[-79.209,43.20783],[-79.20932,43.20843],[-79.20942,43.20876],[-79.20934,43.2091],[-79.20854,43.20944],[-79.20828,43.21008],[-79.20853,43.21068],[-79.20854,43.21187],[-79.20876,43.21205],[-79.20903,43.21205],[-79.20905,43.21216],[-79.20862,43.21228],[-79.20983,43.21552],[-79.20966,43.21561],[-79.20937,43.21537],[-79.20716,43.21638],[-79.20752,43.21685],[-79.21008,43.21577],[-79.21056,43.2163],[-79.21263,43.21576],[-79.21363,43.2186],[-79.21382,43.21895],[-79.2138,43.21912],[-79.2137,43.21916],[-79.21336,43.21888],[-79.21256,43.21684],[-79.21263,43.21667],[-79.21201,43.21678],[-79.21219,43.21692],[-79.21298,43.21895],[-79.21292,43.21901],[-79.21301,43.21955],[-79.21354,43.22009],[-79.21443,43.22226],[-79.21449,43.22244],[-79.2142,43.2225],[-79.21443,43.22302],[-79.21471,43.223],[-79.21447,43.2231],[-79.21485,43.22408],[-79.21514,43.22421],[-79.21575,43.22571],[-79.21598,43.22581],[-79.21598,43.22747],[-79.21562,43.22753],[-79.21514,43.22747],[-79.21513,43.22803],[-79.21598,43.22808],[-79.21598,43.22856],[-79.21528,43.22855],[-79.21507,43.22866],[-79.21442,43.23004],[-79.2144,43.23408],[-79.2143,43.23562],[-79.2144,43.23653],[-79.21428,43.23796],[-79.21439,43.23902],[-79.21427,43.24174],[-79.21439,43.24242],[-79.21492,43.24331],[-79.21508,43.24328],[-79.21563,43.24443],[-79.21512,43.24447],[-79.2154,43.24461],[-79.21555,43.24489]],[[-79.19308,43.12937],[-79.19248,43.13841],[-79.19228,43.1385],[-79.19217,43.13844],[-79.19234,43.13554],[-79.19305,43.12937],[-79.19308,43.12937]],[[-79.19037,43.15176],[-79.19039,43.15189],[-79.18979,43.15178],[-79.18837,43.15096],[-79.18853,43.15082],[-79.18901,43.15107],[-79.18959,43.1512],[-79.18939,43.15098],[-79.18845,43.15041],[-79.1885,43.1502],[-79.18891,43.15018],[-79.18942,43.15033],[-79.18981,43.15103],[-79.19026,43.15131],[-79.19088,43.15154],[-79.19068,43.15158],[-79.18971,43.15132],[-79.19,43.15149],[-79.19037,43.15176]]]}},{"type":"Feature","properties":{"serie":"Not Mapped","texture":"NA","code_texture":"NA","drainage":null,"pente":-9,"classe_agricole":"0"},"geometry":{"type":"Polygon","coordinates":[[[-79.20316,43.19868],[-79.20383,43.19943],[-79.20498,43.202],[-79.20539,43.20166],[-79.20583,43.20103],[-79.20558,43.20044],[-79.20506,43.20008],[-79.20488,43.1996],[-79.20211,43.19554],[-79.20205,43.19529],[-79.20221,43.19493],[-79.20211,43.19477],[-79.20262,43.1946],[-79.20304,43.19461],[-79.20314,43.1945],[-79.20135,43.19172],[-79.2004,43.19205],[-79.1997,43.19194],[-79.1988,43.19125],[-79.19786,43.19028],[-79.19366,43.17534],[-79.19371,43.17507],[-79.1916,43.17315],[-79.19177,43.17353],[-79.1935,43.18339],[-79.19373,43.18419],[-79.19406,43.18484],[-79.19499,43.18602],[-79.19524,43.1866],[-79.19576,43.19135],[-79.19754,43.19067],[-79.19797,43.19098],[-79.19786,43.19103],[-79.19796,43.19133],[-79.19892,43.19224],[-79.19625,43.1931],[-79.19667,43.19349],[-79.19795,43.19391],[-79.19892,43.19448],[-79.19911,43.19473],[-79.19696,43.19542],[-79.19783,43.19634],[-79.19886,43.19603],[-79.19907,43.19625],[-79.20021,43.1959],[-79.2007,43.19644],[-79.198,43.19718],[-79.19816,43.19879],[-79.2003,43.19832],[-79.20042,43.19922],[-79.19921,43.19974],[-79.19929,43.20054],[-79.19994,43.20053],[-79.19999,43.20108],[-79.2011,43.20102],[-79.20092,43.19675],[-79.20316,43.19868]]]}},{"type":"Feature","properties":{"serie":"Jeddo","texture":"loam argileux","code_texture":"CL","drainage":"pauvre","pente":1.2,"classe_agricole":"3"},"geometry":{"type":"Polygon","coordinates":[[[-79.18522,43.18803],[-79.18542,43.18886],[-79.1857,43.18878],[-79.18646,43.18828],[-79.18669,43.18783],[-79.18705,43.18761],[-79.18774,43.18769],[-79.18873,43.1885],[-79.18926,43.18877],[-79.18991,43.18881],[-79.19155,43.18832],[-79.19271,43.18689],[-79.19362,43.18626],[-79.19476,43.18576],[-79.19406,43.18484],[-79.19373,43.18419],[-79.1932,43.18192],[-79.19261,43.18226],[-79.19123,43.18442],[-79.19062,43.18513],[-79.18978,43.18505],[-79.18938,43.18424],[-79.18939,43.18307],[-79.18976,43.18231],[-79.1905,43.1815],[-79.19069,43.18091],[-79.19046,43.18026],[-79.18968,43.18023],[-79.18809,43.17907],[-79.18723,43.17877],[-79.18638,43.17902],[-79.1856,43.179],[-79.18512,43.17877],[-79.18387,43.17905],[-79.18398,43.17972],[-79.18374,43.18023],[-79.18385,43.18186],[-79.18336,43.18257],[-79.18193,43.18342],[-79.1818,43.18359],[-79.18309,43.18415],[-79.18421,43.18432],[-79.18463,43.18449],[-79.18499,43.18442],[-79.18559,43.18458],[-79.18605,43.18492],[-79.1865,43.18559],[-79.18734,43.18532],[-79.18737,43.18714],[-79.18539,43.18781],[-79.18533,43.18794],[-79.18522,43.18803]]]}},{"type":"Feature","properties":{"serie":"Chinguacousy","texture":"loam argileux","code_texture":"CL","drainage":"imparfait","pente":1.2,"classe_agricole":"2"},"geometry":{"type":"Polygon","coordinates":[[[-79.19069,43.18091],[-79.1905,43.1815],[-79.18976,43.18231],[-79.18939,43.18307],[-79.18938,43.18424],[-79.18978,43.18505],[-79.19062,43.18513],[-79.19123,43.18442],[-79.19261,43.18226],[-79.1932,43.18192],[-79.19304,43.18073],[-79.19207,43.18133],[-79.19146,43.18132],[-79.191,43.181],[-79.19069,43.18091]]]}},{"type":"Feature","properties":{"serie":"Beverly","texture":"loam limono-argileux","code_texture":"SICL","drainage":"imparfait","pente":1.2,"classe_agricole":"2"},"geometry":{"type":"Polygon","coordinates":[[[-79.19046,43.18026],[-79.19069,43.18091],[-79.191,43.181],[-79.19146,43.18132],[-79.19207,43.18133],[-79.19304,43.18073],[-79.19289,43.18002],[-79.19249,43.18007],[-79.19171,43.17996],[-79.19094,43.17968],[-79.19081,43.1792],[-79.19159,43.17875],[-79.19262,43.17858],[-79.19188,43.17431],[-79.19126,43.17428],[-79.19084,43.17407],[-79.19002,43.17325],[-79.18943,43.17328],[-79.1884,43.17369],[-79.18836,43.17386],[-79.18849,43.17403],[-79.18896,43.174],[-79.18953,43.17381],[-79.19019,43.17401],[-79.19052,43.17448],[-79.18997,43.17505],[-79.19104,43.17522],[-79.19152,43.17559],[-79.19162,43.17627],[-79.19162,43.1771],[-79.1914,43.17795],[-79.1901,43.17905],[-79.1902,43.17983],[-79.19046,43.18026]]]}},{"type":"Feature","properties":{"serie":"Fonthill","texture":"CSL","code_texture":"CSL","drainage":"rapide","pente":7,"classe_agricole":"3"},"geometry":{"type":"Polygon","coordinates":[[[-79.19262,43.17858],[-79.19159,43.17875],[-79.19081,43.1792],[-79.19094,43.17968],[-79.19171,43.17996],[-79.19249,43.18007],[-79.19289,43.18002],[-79.19262,43.17858]]]}},{"type":"Feature","properties":{"serie":"Beverly","texture":"loam limono-argileux","code_texture":"SICL","drainage":"imparfait","pente":1.2,"classe_agricole":"2"},"geometry":{"type":"Polygon","coordinates":[[[-79.18809,43.17907],[-79.18968,43.18023],[-79.19046,43.18026],[-79.1902,43.17983],[-79.1901,43.17905],[-79.1914,43.17795],[-79.19162,43.1771],[-79.19162,43.17627],[-79.19152,43.17559],[-79.19104,43.17522],[-79.19053,43.1751],[-79.18949,43.17509],[-79.18846,43.17492],[-79.18664,43.17563],[-79.18611,43.17514],[-79.18505,43.17538],[-79.18437,43.17564],[-79.18288,43.17558],[-79.18261,43.17525],[-79.18286,43.17491],[-79.18344,43.17465],[-79.18603,43.17397],[-79.18748,43.17374],[-79.18741,43.1732],[-79.18638,43.17325],[-79.18506,43.17378],[-79.1826,43.17419],[-79.18161,43.17491],[-79.18126,43.1753],[-79.18128,43.17567],[-79.18284,43.17656],[-79.18341,43.17709],[-79.18389,43.17787],[-79.18466,43.17855],[-79.1856,43.179],[-79.18638,43.17902],[-79.18723,43.17877],[-79.18809,43.17907]]]}},{"type":"Feature","properties":{"serie":"Lincoln","texture":"argile","code_texture":"C","drainage":"pauvre","pente":1.2,"classe_agricole":"3"},"geometry":{"type":"Polygon","coordinates":[[[-79.19043,43.17365],[-79.19084,43.17407],[-79.19126,43.17428],[-79.19188,43.17431],[-79.19177,43.17353],[-79.1916,43.17315],[-79.18955,43.17175],[-79.18813,43.17045],[-79.18812,43.17168],[-79.1884,43.17369],[-79.18943,43.17328],[-79.19002,43.17325],[-79.19043,43.17365]]]}},{"type":"Feature","properties":{"serie":"Cashel","texture":"loam limono-argileux","code_texture":"SICL","drainage":"modérément bon","pente":12,"classe_agricole":"4"},"geometry":{"type":"Polygon","coordinates":[[[-79.18787,43.16477],[-79.18849,43.16486],[-79.18846,43.16562],[-79.18982,43.1659],[-79.19062,43.16588],[-79.19101,43.16548],[-79.19108,43.16521],[-79.19099,43.16444],[-79.18989,43.16473],[-79.18976,43.16417],[-79.18934,43.16346],[-79.18885,43.16374],[-79.18849,43.16425],[-79.18718,43.1637],[-79.18658,43.16381],[-79.18601,43.16332],[-79.18508,43.16321],[-79.18489,43.16244],[-79.18421,43.16206],[-79.18375,43.16158],[-79.18324,43.16137],[-79.18324,43.16189],[-79.18465,43.16345],[-79.18576,43.16385],[-79.18655,43.16438],[-79.1874,43.16463],[-79.18787,43.16477]]]}},{"type":"Feature","properties":{"serie":"Haldimand","texture":"argile limoneuse","code_texture":"SIC","drainage":"imparfait","pente":3.5,"classe_agricole":"3"},"geometry":{"type":"Polygon","coordinates":[[[-79.18989,43.16473],[-79.19099,43.16444],[-79.19075,43.16231],[-79.18874,43.16274],[-79.1884,43.16319],[-79.18885,43.16374],[-79.18934,43.16346],[-79.18976,43.16417],[-79.18989,43.16473]]]}},{"type":"Feature","properties":{"serie":"Haldimand","texture":"argile limoneuse","code_texture":"SIC","drainage":"imparfait","pente":3.5,"classe_agricole":"3"},"geometry":{"type":"Polygon","coordinates":[[[-79.18796,43.16407],[-79.18849,43.16425],[-79.18885,43.16374],[-79.1884,43.16319],[-79.18874,43.16274],[-79.19075,43.16231],[-79.19039,43.15894],[-79.19,43.15748],[-79.18953,43.15668],[-79.18419,43.15689],[-79.18396,43.1568],[-79.18384,43.15659],[-79.1839,43.15638],[-79.18404,43.15617],[-79.18407,43.15589],[-79.18429,43.15569],[-79.18415,43.15558],[-79.18418,43.15542],[-79.18427,43.15527],[-79.18444,43.15523],[-79.18487,43.15484],[-79.18541,43.15383],[-79.18545,43.15358],[-79.18386,43.1533],[-79.18339,43.15313],[-79.18295,43.1524],[-79.18257,43.1524],[-79.18234,43.1523],[-79.18245,43.15204],[-79.18203,43.15142],[-79.18196,43.15105],[-79.18136,43.15073],[-79.17978,43.15046],[-79.1808,43.14832],[-79.18045,43.14764],[-79.1795,43.14703],[-79.17865,43.14617],[-79.17855,43.14527],[-79.17906,43.14458],[-79.17892,43.14345],[-79.17852,43.14324],[-79.17787,43.14346],[-79.17745,43.14335],[-79.17732,43.1436],[-79.17762,43.14464],[-79.17753,43.14625],[-79.17817,43.14717],[-79.17833,43.14789],[-79.17798,43.14872],[-79.17817,43.14961],[-79.17838,43.14994],[-79.17857,43.15737],[-79.17731,43.15759],[-79.17352,43.15916],[-79.17482,43.15944],[-79.17643,43.15893],[-79.17707,43.1591],[-79.1773,43.15963],[-79.17763,43.15996],[-79.17836,43.16001],[-79.17952,43.16029],[-79.18003,43.16032],[-79.17995,43.15828],[-79.18309,43.15809],[-79.18315,43.1604],[-79.18238,43.16042],[-79.18235,43.16076],[-79.18286,43.16075],[-79.18325,43.16113],[-79.18324,43.16137],[-79.18375,43.16158],[-79.18421,43.16206],[-79.18489,43.16244],[-79.18508,43.16321],[-79.18601,43.16332],[-79.18658,43.16381],[-79.18718,43.1637],[-79.18796,43.16407]]]}},{"type":"Feature","properties":{"serie":"Haldimand","texture":"argile limoneuse","code_texture":"SIC","drainage":"imparfait","pente":3.5,"classe_agricole":"3"},"geometry":{"type":"Polygon","coordinates":[[[-79.18235,43.16076],[-79.181,43.1609],[-79.18054,43.16139],[-79.18091,43.16218],[-79.18137,43.16274],[-79.18134,43.16313],[-79.18846,43.16562],[-79.18849,43.16486],[-79.18655,43.16438],[-79.18576,43.16385],[-79.18465,43.16345],[-79.18324,43.16189],[-79.18325,43.16113],[-79.18286,43.16075],[-79.18235,43.16076]]]}},{"type":"Feature","properties":{"serie":"Not Mapped","texture":"NA","code_texture":"NA","drainage":null,"pente":-9,"classe_agricole":"0"},"geometry":{"type":"Polygon","coordinates":[[[-79.1885,43.1502],[-79.18845,43.15041],[-79.18939,43.15098],[-79.18971,43.15132],[-79.19068,43.15158],[-79.19088,43.15154],[-79.19026,43.15131],[-79.18981,43.15103],[-79.18942,43.15033],[-79.18891,43.15018],[-79.1885,43.1502]]]}},{"type":"Feature","properties":{"serie":"Not Mapped","texture":"NA","code_texture":"NA","drainage":null,"pente":-9,"classe_agricole":"0"},"geometry":{"type":"Polygon","coordinates":[[[-79.18837,43.15096],[-79.18979,43.15178],[-79.19039,43.15189],[-79.19037,43.15176],[-79.18959,43.1512],[-79.18901,43.15107],[-79.18853,43.15082],[-79.18837,43.15096]]]}},{"type":"Feature","properties":{"serie":"Fonthill","texture":"CSL","code_texture":"CSL","drainage":"rapide","pente":7,"classe_agricole":"3"},"geometry":{"type":"Polygon","coordinates":[[[-79.18437,43.17564],[-79.18505,43.17538],[-79.18444,43.17443],[-79.18344,43.17465],[-79.18286,43.17491],[-79.18261,43.17525],[-79.18288,43.17558],[-79.18359,43.17557],[-79.18437,43.17564]]]}},{"type":"Feature","properties":{"serie":"Jeddo - Red Washed Phase","texture":"loam","code_texture":"L","drainage":"pauvre","pente":1.2,"classe_agricole":"3"},"geometry":{"type":"Polygon","coordinates":[[[-79.18387,43.17905],[-79.18338,43.17912],[-79.18251,43.17975],[-79.18181,43.18046],[-79.18171,43.18112],[-79.18209,43.18157],[-79.18261,43.18197],[-79.18302,43.18278],[-79.18336,43.18257],[-79.18385,43.18186],[-79.18374,43.18023],[-79.18398,43.17972],[-79.18395,43.17917],[-79.18387,43.17905]]]}},{"type":"Feature","properties":{"serie":"Not Mapped","texture":"NA","code_texture":"NA","drainage":null,"pente":-9,"classe_agricole":"0"},"geometry":{"type":"Polygon","coordinates":[[[-79.18003,43.16032],[-79.18315,43.1604],[-79.18309,43.15809],[-79.17995,43.15828],[-79.18003,43.16032]]]}},{"type":"Feature","properties":{"serie":"Not Mapped","texture":"NA","code_texture":"NA","drainage":null,"pente":-9,"classe_agricole":"0"},"geometry":{"type":"Polygon","coordinates":[[[-79.19116,43.14954],[-79.19112,43.15012],[-79.19127,43.15093],[-79.19132,43.15115],[-79.19156,43.15142],[-79.19162,43.15181],[-79.19235,43.15182],[-79.19175,43.14561],[-79.19193,43.1455],[-79.19198,43.14534],[-79.19172,43.14517],[-79.19133,43.14187],[-79.19139,43.1413],[-79.19133,43.14065],[-79.19167,43.14046],[-79.19201,43.13757],[-79.19209,43.13567],[-79.19276,43.12896],[-79.19281,43.12684],[-79.19361,43.12476],[-79.19445,43.1208],[-79.19422,43.12098],[-79.19411,43.12165],[-79.19367,43.12178],[-79.19333,43.12176],[-79.19304,43.122],[-79.19246,43.12403],[-79.1912,43.12502],[-79.19117,43.12557],[-79.19088,43.12543],[-79.19076,43.12512],[-79.19079,43.12487],[-79.19223,43.12384],[-79.19278,43.12194],[-79.19322,43.12143],[-79.19336,43.12097],[-79.19195,43.12062],[-79.19185,43.11981],[-79.19194,43.11944],[-79.19271,43.11825],[-79.19338,43.11847],[-79.19342,43.11814],[-79.19334,43.11704],[-79.19245,43.11665],[-79.19153,43.11597],[-79.1911,43.11602],[-79.19072,43.11578],[-79.19073,43.11547],[-79.19165,43.11518],[-79.19216,43.11434],[-79.19262,43.11445],[-79.19358,43.11283],[-79.19226,43.11288],[-79.19148,43.11272],[-79.19067,43.11281],[-79.18989,43.11302],[-79.1883,43.11302],[-79.18817,43.11279],[-79.18833,43.11236],[-79.1888,43.11228],[-79.18909,43.1121],[-79.18899,43.11154],[-79.1885,43.1114],[-79.18813,43.11108],[-79.18757,43.11096],[-79.18688,43.11115],[-79.18641,43.11109],[-79.18604,43.11121],[-79.1858,43.11095],[-79.18562,43.1103],[-79.18588,43.11],[-79.18589,43.10955],[-79.18573,43.10665],[-79.18577,43.10593],[-79.18568,43.10539],[-79.18536,43.10527],[-79.18501,43.10537],[-79.185,43.10564],[-79.18438,43.10564],[-79.18374,43.10536],[-79.18342,43.10591],[-79.18356,43.1068],[-79.18402,43.10718],[-79.18499,43.10709],[-79.18518,43.10837],[-79.18505,43.10897],[-79.18518,43.10909],[-79.18534,43.10969],[-79.18549,43.11311],[-79.18584,43.11749],[-79.18685,43.1178],[-79.18711,43.11917],[-79.18712,43.11976],[-79.18738,43.11955],[-79.18879,43.11988],[-79.18923,43.11983],[-79.18982,43.12005],[-79.19108,43.11978],[-79.1913,43.12003],[-79.19115,43.12036],[-79.19123,43.12076],[-79.19091,43.12091],[-79.189,43.12065],[-79.18675,43.12058],[-79.1863,43.12046],[-79.18615,43.12068],[-79.18606,43.12115],[-79.18613,43.12241],[-79.19059,43.12241],[-79.19036,43.12333],[-79.18595,43.12343],[-79.18593,43.12484],[-79.18122,43.12485],[-79.18102,43.12197],[-79.17858,43.1215],[-79.18003,43.12137],[-79.18097,43.12145],[-79.18071,43.1177],[-79.17629,43.11782],[-79.1764,43.12033],[-79.17572,43.12046],[-79.17443,43.12089],[-79.17375,43.12123],[-79.17343,43.12152],[-79.17293,43.12205],[-79.17221,43.1232],[-79.16888,43.12765],[-79.16836,43.12812],[-79.16429,43.13079],[-79.16429,43.13178],[-79.16696,43.13184],[-79.16707,43.13249],[-79.16887,43.13395],[-79.16903,43.13441],[-79.16902,43.13486],[-79.1688,43.13554],[-79.16884,43.13575],[-79.16913,43.13592],[-79.16972,43.13598],[-79.16983,43.13613],[-79.16783,43.13655],[-79.16741,43.13677],[-79.16735,43.13716],[-79.1678,43.13758],[-79.16856,43.13795],[-79.16987,43.13811],[-79.1717,43.13793],[-79.17208,43.13797],[-79.17121,43.13874],[-79.17126,43.13896],[-79.17197,43.13904],[-79.17537,43.1382],[-79.17669,43.13772],[-79.17671,43.14105],[-79.17871,43.14036],[-79.17953,43.14146],[-79.1816,43.14369],[-79.18338,43.1458],[-79.18412,43.14645],[-79.18488,43.14727],[-79.18496,43.14748],[-79.1848,43.1476],[-79.18366,43.14806],[-79.18343,43.14897],[-79.18315,43.14932],[-79.18321,43.14954],[-79.1853,43.14956],[-79.18589,43.14977],[-79.18603,43.1499],[-79.18647,43.14997],[-79.18653,43.15032],[-79.18694,43.15043],[-79.1875,43.15021],[-79.18745,43.14992],[-79.18701,43.14931],[-79.18624,43.14853],[-79.18471,43.14662],[-79.18399,43.14598],[-79.1838,43.14564],[-79.18173,43.14337],[-79.18151,43.14297],[-79.18023,43.14151],[-79.17796,43.13908],[-79.17755,43.13788],[-79.17765,43.13743],[-79.17726,43.13593],[-79.17707,43.13559],[-79.17707,43.13515],[-79.1786,43.13411],[-79.18025,43.13243],[-79.181,43.13095],[-79.18122,43.13031],[-79.18115,43.13009],[-79.1815,43.12992],[-79.18239,43.12982],[-79.18271,43.12965],[-79.18374,43.12877],[-79.18456,43.12866],[-79.18525,43.12845],[-79.1857,43.12821],[-79.18591,43.12787],[-79.18636,43.1276],[-79.18625,43.12789],[-79.18647,43.12847],[-79.1866,43.12818],[-79.18775,43.12834],[-79.18793,43.1286],[-79.18737,43.12894],[-79.18723,43.12915],[-79.18758,43.12914],[-79.18766,43.12939],[-79.18843,43.12895],[-79.18892,43.12888],[-79.18953,43.12856],[-79.18978,43.12819],[-79.18918,43.12854],[-79.18863,43.1286],[-79.1887,43.12828],[-79.18895,43.12801],[-79.18866,43.12816],[-79.18825,43.12814],[-79.18789,43.1277],[-79.18958,43.12753],[-79.18936,43.12771],[-79.18935,43.12797],[-79.19111,43.12708],[-79.19037,43.12774],[-79.1903,43.12799],[-79.19113,43.12789],[-79.19143,43.12766],[-79.19162,43.1267],[-79.19218,43.12602],[-79.19213,43.12501],[-79.19249,43.12469],[-79.19245,43.12556],[-79.19259,43.12592],[-79.19272,43.12557],[-79.19273,43.12504],[-79.19298,43.12445],[-79.19325,43.12463],[-79.193,43.12489],[-79.19304,43.12548],[-79.19276,43.12607],[-79.1924,43.12628],[-79.19214,43.1268],[-79.19221,43.12816],[-79.19229,43.12855],[-79.19248,43.12884],[-79.19225,43.12996],[-79.19228,43.13023],[-79.19204,43.13058],[-79.19116,43.13136],[-79.19074,43.13162],[-79.18498,43.13108],[-79.18335,43.13151],[-79.18176,43.1303],[-79.18133,43.13032],[-79.18142,43.13046],[-79.18118,43.13115],[-79.18022,43.13305],[-79.18004,43.13329],[-79.17976,43.13339],[-79.17925,43.13381],[-79.17849,43.1346],[-79.17849,43.13492],[-79.1789,43.13512],[-79.17971,43.13438],[-79.17919,43.13536],[-79.17875,43.13566],[-79.17849,43.13553],[-79.17832,43.13526],[-79.17794,43.13514],[-79.1777,43.13593],[-79.17785,43.13737],[-79.17816,43.13682],[-79.1789,43.13615],[-79.1791,43.13646],[-79.17849,43.13703],[-79.17781,43.13787],[-79.17843,43.13917],[-79.18083,43.14201],[-79.18144,43.1426],[-79.18183,43.14315],[-79.18216,43.14338],[-79.18296,43.14442],[-79.18382,43.14527],[-79.18599,43.1479],[-79.18724,43.14922],[-79.1878,43.15],[-79.18796,43.15005],[-79.18809,43.14992],[-79.18803,43.14967],[-79.18721,43.14894],[-79.18692,43.14844],[-79.18692,43.14818],[-79.18706,43.14822],[-79.1872,43.14849],[-79.1881,43.14822],[-79.18839,43.14843],[-79.18956,43.14975],[-79.18962,43.14994],[-79.18956,43.15011],[-79.18966,43.15025],[-79.19033,43.15024],[-79.19053,43.15015],[-79.19046,43.14989],[-79.18992,43.14928],[-79.18975,43.14894],[-79.18972,43.14829],[-79.1898,43.14813],[-79.18999,43.14843],[-79.19004,43.14887],[-79.19046,43.14949],[-79.19072,43.14956],[-79.19099,43.14947],[-79.19116,43.14954]],[[-79.18929,43.11367],[-79.18817,43.1136],[-79.18657,43.11333],[-79.18612,43.11323],[-79.18602,43.11297],[-79.18712,43.11307],[-79.18749,43.113],[-79.18797,43.11333],[-79.18984,43.11337],[-79.19008,43.11359],[-79.1896,43.11357],[-79.18929,43.11367]],[[-79.17924,43.13089],[-79.17904,43.1308],[-79.17852,43.13021],[-79.17781,43.12995],[-79.17763,43.12962],[-79.17775,43.12933],[-79.17862,43.12978],[-79.1791,43.12982],[-79.17923,43.13044],[-79.17948,43.13064],[-79.17925,43.1309],[-79.17924,43.13089]]]}},{"type":"Feature","properties":{"serie":"Peel - Red Phase","texture":"argile limoneuse","code_texture":"SIC","drainage":"imparfait","pente":3.5,"classe_agricole":"2"},"geometry":{"type":"Polygon","coordinates":[[[-79.12329,43.14852],[-79.12318,43.14884],[-79.1253,43.1474],[-79.12622,43.14692],[-79.12727,43.14701],[-79.12928,43.14743],[-79.12924,43.14713],[-79.12868,43.1466],[-79.12865,43.1463],[-79.12879,43.14616],[-79.13026,43.14562],[-79.1306,43.14528],[-79.13069,43.14492],[-79.13054,43.14469],[-79.12905,43.14389],[-79.12853,43.14374],[-79.12817,43.1434],[-79.12827,43.14323],[-79.12856,43.14321],[-79.12977,43.14381],[-79.13068,43.14412],[-79.1311,43.14405],[-79.13127,43.1437],[-79.13093,43.14332],[-79.13031,43.14336],[-79.1295,43.14298],[-79.12894,43.14219],[-79.12839,43.14197],[-79.12792,43.14163],[-79.1274,43.141],[-79.12586,43.14016],[-79.12541,43.14007],[-79.12531,43.144],[-79.12431,43.14387],[-79.12302,43.14522],[-79.12185,43.14582],[-79.12132,43.14631],[-79.12158,43.14701],[-79.12161,43.14735],[-79.12113,43.14823],[-79.121,43.14878],[-79.12148,43.14878],[-79.12218,43.14857],[-79.12312,43.14815],[-79.12329,43.14852]]]}},{"type":"Feature","properties":{"serie":"Oneida - Red Phase","texture":"loam argileux","code_texture":"CL","drainage":"modérément bon","pente":12,"classe_agricole":"4"},"geometry":{"type":"Polygon","coordinates":[[[-79.11704,43.14775],[-79.11771,43.14812],[-79.11823,43.14806],[-79.11853,43.14784],[-79.11908,43.14774],[-79.11963,43.14776],[-79.12021,43.1476],[-79.12073,43.14727],[-79.12061,43.14691],[-79.11978,43.14689],[-79.11876,43.14716],[-79.11826,43.14715],[-79.11802,43.14693],[-79.11802,43.14675],[-79.11852,43.14635],[-79.11857,43.14618],[-79.11849,43.14603],[-79.11809,43.14584],[-79.11787,43.14554],[-79.1193,43.14449],[-79.11988,43.14353],[-79.12071,43.14283],[-79.12055,43.14264],[-79.1199,43.14231],[-79.1191,43.14205],[-79.11839,43.14195],[-79.11861,43.14284],[-79.11847,43.14311],[-79.11607,43.14515],[-79.11476,43.14641],[-79.11474,43.14648],[-79.11603,43.14657],[-79.11639,43.14682],[-79.1167,43.1472],[-79.11704,43.14775]]]}},{"type":"Feature","properties":{"serie":"Brant - Red Phase","texture":"loam limoneux","code_texture":"SIL","drainage":"bon","pente":22.5,"classe_agricole":"5"},"geometry":{"type":"Polygon","coordinates":[[[-79.10352,43.14691],[-79.10941,43.14849],[-79.10955,43.14797],[-79.10912,43.14762],[-79.10722,43.14682],[-79.10628,43.14681],[-79.10585,43.14665],[-79.10529,43.14598],[-79.10522,43.14545],[-79.10531,43.14505],[-79.10563,43.14479],[-79.10622,43.1449],[-79.10656,43.14445],[-79.10652,43.14395],[-79.10593,43.14221],[-79.10606,43.14174],[-79.107,43.14158],[-79.10765,43.14093],[-79.10812,43.1407],[-79.10794,43.14046],[-79.10786,43.14013],[-79.10742,43.14016],[-79.10663,43.13995],[-79.10639,43.13979],[-79.10617,43.13946],[-79.10551,43.13961],[-79.10506,43.13992],[-79.10446,43.14046],[-79.10291,43.1422],[-79.10246,43.1425],[-79.1012,43.14258],[-79.10104,43.14294],[-79.10093,43.14371],[-79.10162,43.14318],[-79.10204,43.14306],[-79.10301,43.14353],[-79.10346,43.14351],[-79.1041,43.14326],[-79.10496,43.14312],[-79.10508,43.14378],[-79.10432,43.14418],[-79.10304,43.14447],[-79.10243,43.14508],[-79.1024,43.14572],[-79.10251,43.14627],[-79.10237,43.14655],[-79.10352,43.14691]]]}},{"type":"Feature","properties":{"serie":"Oneida - Washed Phase","texture":"loam","code_texture":"L","drainage":"modérément bon","pente":3.5,"classe_agricole":"2"},"geometry":{"type":"Polygon","coordinates":[[[-79.11974,43.14891],[-79.12019,43.14951],[-79.12082,43.14965],[-79.12172,43.14959],[-79.1228,43.14937],[-79.12318,43.14884],[-79.12329,43.14852],[-79.12312,43.14815],[-79.12218,43.14857],[-79.12148,43.14878],[-79.121,43.14878],[-79.12113,43.14823],[-79.12161,43.14735],[-79.12158,43.14701],[-79.12132,43.14631],[-79.12185,43.14582],[-79.12302,43.14522],[-79.12431,43.14387],[-79.12211,43.14342],[-79.12071,43.14283],[-79.12038,43.14305],[-79.11988,43.14353],[-79.1193,43.14449],[-79.11787,43.14554],[-79.11809,43.14584],[-79.11849,43.14603],[-79.11857,43.14618],[-79.11852,43.14635],[-79.11802,43.14675],[-79.11802,43.14693],[-79.11826,43.14715],[-79.11876,43.14716],[-79.11978,43.14689],[-79.12061,43.14691],[-79.12073,43.14727],[-79.12021,43.1476],[-79.11963,43.14776],[-79.11951,43.14818],[-79.11974,43.14891]]]}},{"type":"Feature","properties":{"serie":"Not Mapped","texture":"NA","code_texture":"NA","drainage":null,"pente":-9,"classe_agricole":"0"},"geometry":{"type":"Polygon","coordinates":[[[-79.1134,43.14774],[-79.11401,43.14788],[-79.11508,43.14721],[-79.11477,43.14661],[-79.1148,43.14634],[-79.11799,43.14355],[-79.11406,43.14327],[-79.11408,43.14241],[-79.11285,43.14235],[-79.11295,43.14659],[-79.11223,43.14661],[-79.11263,43.14728],[-79.11303,43.14761],[-79.1134,43.14774]]]}},{"type":"Feature","properties":{"serie":"Brant","texture":"loam limoneux","code_texture":"SIL","drainage":"bon","pente":22.5,"classe_agricole":"5"},"geometry":{"type":"Polygon","coordinates":[[[-79.11123,43.14534],[-79.11077,43.14603],[-79.1108,43.14633],[-79.11164,43.14723],[-79.11289,43.14813],[-79.11307,43.1481],[-79.1134,43.14774],[-79.11303,43.14761],[-79.11263,43.14728],[-79.11223,43.14661],[-79.11219,43.14566],[-79.11199,43.14502],[-79.1123,43.14473],[-79.1129,43.1445],[-79.11288,43.14394],[-79.11197,43.14398],[-79.10993,43.14431],[-79.10944,43.14409],[-79.10882,43.14409],[-79.10818,43.14424],[-79.10732,43.14421],[-79.10696,43.14456],[-79.10672,43.14508],[-79.1071,43.14535],[-79.10727,43.14567],[-79.10688,43.14615],[-79.10698,43.14679],[-79.10739,43.14688],[-79.10798,43.14594],[-79.10829,43.14561],[-79.10905,43.14533],[-79.10953,43.14538],[-79.10961,43.14571],[-79.1088,43.14689],[-79.10903,43.14719],[-79.10946,43.14722],[-79.10958,43.14712],[-79.1096,43.14656],[-79.10986,43.14584],[-79.11063,43.14511],[-79.11114,43.14503],[-79.11123,43.14534]]]}},{"type":"Feature","properties":{"serie":"Peel - Loamy Red Phase","texture":"loam","code_texture":"L","drainage":"imparfait","pente":3.5,"classe_agricole":"2"},"geometry":{"type":"Polygon","coordinates":[[[-79.1253,43.1474],[-79.12318,43.14884],[-79.1228,43.14937],[-79.1227,43.15026],[-79.12326,43.15066],[-79.12382,43.15084],[-79.12437,43.15083],[-79.12498,43.15062],[-79.1254,43.15005],[-79.12637,43.14949],[-79.12705,43.14897],[-79.12757,43.14841],[-79.12837,43.14826],[-79.12904,43.14795],[-79.1293,43.14763],[-79.12928,43.14743],[-79.12827,43.14719],[-79.12622,43.14692],[-79.1253,43.1474]]]}},{"type":"Feature","properties":{"serie":"Not Mapped","texture":"NA","code_texture":"NA","drainage":null,"pente":-9,"classe_agricole":"0"},"geometry":{"type":"Polygon","coordinates":[[[-79.07586,43.26192],[-79.07639,43.26213],[-79.09018,43.2618],[-79.09205,43.26156],[-79.09321,43.26137],[-79.09339,43.26111],[-79.09404,43.26084],[-79.10036,43.25911],[-79.10165,43.25883],[-79.10547,43.25835],[-79.10726,43.25799],[-79.11182,43.25681],[-79.11519,43.25639],[-79.11872,43.25635],[-79.11851,43.25603],[-79.11758,43.2556],[-79.11583,43.2554],[-79.1158,43.25512],[-79.11666,43.255],[-79.11638,43.25473],[-79.11475,43.25409],[-79.11456,43.25391],[-79.11462,43.25371],[-79.11287,43.25365],[-79.11345,43.25315],[-79.11321,43.2529],[-79.11253,43.25288],[-79.11047,43.25313],[-79.10835,43.25258],[-79.10429,43.25282],[-79.10085,43.25266],[-79.10081,43.25222],[-79.1006,43.2518],[-79.09984,43.25131],[-79.09958,43.25095],[-79.09888,43.24916],[-79.09862,43.24866],[-79.0984,43.24844],[-79.09697,43.24857],[-79.09735,43.24929],[-79.09733,43.24941],[-79.09693,43.2496],[-79.09625,43.24975],[-79.09489,43.24986],[-79.09275,43.24965],[-79.09151,43.2493],[-79.09048,43.24883],[-79.09015,43.2491],[-79.08993,43.24955],[-79.09026,43.25033],[-79.09051,43.25065],[-79.09148,43.25065],[-79.09071,43.25117],[-79.09058,43.25134],[-79.09088,43.25158],[-79.09079,43.25186],[-79.09092,43.25205],[-79.09245,43.25194],[-79.09251,43.25255],[-79.09331,43.25286],[-79.0952,43.25251],[-79.09623,43.25366],[-79.09563,43.25387],[-79.09218,43.25451],[-79.0918,43.25397],[-79.09168,43.25398],[-79.09137,43.25371],[-79.09087,43.25363],[-79.09072,43.2533],[-79.09004,43.25316],[-79.08949,43.25333],[-79.08847,43.25225],[-79.08832,43.25196],[-79.08803,43.25191],[-79.08803,43.25176],[-79.08888,43.25145],[-79.09011,43.25121],[-79.08896,43.25135],[-79.08895,43.25103],[-79.08872,43.25097],[-79.08871,43.25083],[-79.089,43.25071],[-79.08907,43.25031],[-79.08934,43.25008],[-79.08935,43.24997],[-79.08923,43.2498],[-79.08896,43.24981],[-79.08904,43.24958],[-79.08891,43.24937],[-79.089,43.24923],[-79.08881,43.24907],[-79.08879,43.24892],[-79.08864,43.2489],[-79.08828,43.24859],[-79.08854,43.24839],[-79.08823,43.24809],[-79.08827,43.24801],[-79.08818,43.24787],[-79.088,43.24775],[-79.08789,43.24779],[-79.08735,43.24744],[-79.08744,43.24683],[-79.08727,43.24692],[-79.08726,43.24655],[-79.08637,43.24677],[-79.08611,43.24724],[-79.08601,43.24801],[-79.08591,43.24806],[-79.08467,43.24508],[-79.08234,43.24658],[-79.08098,43.24589],[-79.08174,43.24533],[-79.08161,43.24524],[-79.08176,43.24514],[-79.08123,43.2448],[-79.08151,43.24461],[-79.08195,43.24487],[-79.08213,43.24474],[-79.08233,43.24487],[-79.08256,43.24487],[-79.08232,43.24461],[-79.08248,43.24451],[-79.08211,43.24421],[-79.08279,43.24375],[-79.08327,43.24429],[-79.08361,43.24407],[-79.08384,43.24431],[-79.08422,43.24407],[-79.08401,43.24348],[-79.08449,43.24335],[-79.08442,43.24299],[-79.08457,43.24295],[-79.08452,43.24277],[-79.08374,43.24284],[-79.08349,43.2422],[-79.08412,43.24214],[-79.08398,43.24173],[-79.08423,43.24167],[-79.08419,43.24154],[-79.0843,43.24133],[-79.08417,43.24105],[-79.083,43.24108],[-79.08267,43.24035],[-79.08336,43.24028],[-79.08308,43.23946],[-79.08229,43.23949],[-79.08124,43.23707],[-79.0804,43.23711],[-79.0805,43.23799],[-79.07647,43.238],[-79.07528,43.23927],[-79.07409,43.23951],[-79.07458,43.24083],[-79.07381,43.24202],[-79.07348,43.24244],[-79.07265,43.24209],[-79.07122,43.24372],[-79.07072,43.24393],[-79.07036,43.24307],[-79.07011,43.24305],[-79.06978,43.24342],[-79.06878,43.24293],[-79.06807,43.24372],[-79.0653,43.24237],[-79.06436,43.24206],[-79.06103,43.24163],[-79.06091,43.23888],[-79.06108,43.2375],[-79.06101,43.23608],[-79.06115,43.23496],[-79.06126,43.23458],[-79.06291,43.23462],[-79.06276,43.2343],[-79.06292,43.23351],[-79.06207,43.23345],[-79.06232,43.23277],[-79.06265,43.23278],[-79.06294,43.23202],[-79.06299,43.23123],[-79.06226,43.23134],[-79.06167,43.23162],[-79.06121,43.23103],[-79.06058,43.22933],[-79.05941,43.22957],[-79.0591,43.22848],[-79.06013,43.22827],[-79.05984,43.22777],[-79.05965,43.22762],[-79.0588,43.22771],[-79.05811,43.22586],[-79.05833,43.22554],[-79.05833,43.22478],[-79.05848,43.22457],[-79.05884,43.22435],[-79.05925,43.22174],[-79.05977,43.21997],[-79.06034,43.21894],[-79.06065,43.21776],[-79.06138,43.21764],[-79.06149,43.2172],[-79.06153,43.21699],[-79.06,43.21692],[-79.06028,43.21617],[-79.06122,43.21632],[-79.062,43.21176],[-79.06118,43.21176],[-79.06107,43.21054],[-79.06341,43.21038],[-79.06344,43.20987],[-79.06187,43.20992],[-79.06074,43.20569],[-79.05973,43.20572],[-79.05947,43.20511],[-79.05853,43.20529],[-79.05816,43.20493],[-79.05903,43.2047],[-79.05795,43.20301],[-79.05723,43.20233],[-79.0569,43.20188],[-79.05627,43.20056],[-79.05602,43.20058],[-79.05402,43.1949],[-79.05525,43.19471],[-79.05603,43.19485],[-79.0562,43.19376],[-79.05597,43.1919],[-79.05563,43.19057],[-79.05587,43.1904],[-79.05662,43.19064],[-79.05709,43.19029],[-79.05736,43.1895],[-79.05749,43.18853],[-79.05773,43.18768],[-79.05823,43.18709],[-79.05893,43.18708],[-79.05908,43.18748],[-79.05981,43.18747],[-79.05995,43.18676],[-79.05929,43.18681],[-79.05918,43.18602],[-79.05814,43.1858],[-79.0583,43.1852],[-79.06113,43.18507],[-79.061,43.18381],[-79.05938,43.18383],[-79.05925,43.18278],[-79.05809,43.18248],[-79.0581,43.1809],[-79.05892,43.18086],[-79.059,43.17907],[-79.05819,43.17903],[-79.05829,43.17845],[-79.05904,43.17842],[-79.05918,43.17425],[-79.05833,43.1742],[-79.05845,43.17327],[-79.06634,43.17315],[-79.06621,43.17082],[-79.06605,43.17092],[-79.06566,43.17093],[-79.06541,43.17079],[-79.05902,43.17138],[-79.05912,43.17077],[-79.05967,43.17025],[-79.0606,43.16991],[-79.0615,43.16945],[-79.06171,43.16894],[-79.06167,43.16825],[-79.06231,43.16791],[-79.06261,43.16748],[-79.06222,43.16705],[-79.06113,43.16661],[-79.06039,43.16595],[-79.05939,43.16558],[-79.05863,43.16485],[-79.05721,43.16235],[-79.05671,43.16168],[-79.05637,43.16142],[-79.05563,43.16128],[-79.05541,43.161],[-79.05868,43.15958],[-79.05794,43.15707],[-79.0723,43.15397],[-79.0726,43.15532],[-79.0767,43.15527],[-79.07789,43.15537],[-79.07987,43.15588],[-79.08176,43.15621],[-79.08272,43.1562],[-79.08363,43.15601],[-79.08478,43.15608],[-79.08526,43.15655],[-79.08585,43.15654],[-79.08632,43.15636],[-79.08673,43.1553],[-79.08733,43.15528],[-79.08753,43.15541],[-79.08791,43.15594],[-79.0887,43.15606],[-79.08953,43.15583],[-79.09035,43.15542],[-79.09125,43.15544],[-79.09166,43.15528],[-79.09203,43.15499],[-79.09328,43.15527],[-79.09364,43.15482],[-79.09369,43.15432],[-79.09457,43.15434],[-79.09534,43.15418],[-79.09613,43.1538],[-79.09848,43.15221],[-79.09899,43.1516],[-79.09907,43.15106],[-79.09888,43.15045],[-79.09833,43.14976],[-79.09731,43.14802],[-79.09695,43.14756],[-79.09654,43.14737],[-79.09479,43.1472],[-79.09296,43.14722],[-79.09276,43.14936],[-79.09148,43.14963],[-79.09036,43.14973],[-79.08967,43.14948],[-79.08942,43.14916],[-79.08936,43.14866],[-79.08945,43.14733],[-79.08809,43.14731],[-79.08894,43.14675],[-79.08999,43.14639],[-79.09022,43.14647],[-79.09038,43.14706],[-79.09062,43.14687],[-79.0911,43.14619],[-79.09139,43.14601],[-79.09339,43.14577],[-79.09428,43.14581],[-79.09734,43.14633],[-79.09819,43.14656],[-79.09897,43.147],[-79.09966,43.14827],[-79.09978,43.14881],[-79.09971,43.14901],[-79.09978,43.14992],[-79.10027,43.1509],[-79.10019,43.15158],[-79.09988,43.15216],[-79.0994,43.15275],[-79.09609,43.1549],[-79.09554,43.15534],[-79.09561,43.1558],[-79.09558,43.15924],[-79.09584,43.15901],[-79.09635,43.15887],[-79.09691,43.159],[-79.09681,43.15939],[-79.0972,43.15941],[-79.09767,43.15903],[-79.09777,43.15927],[-79.09768,43.15962],[-79.0974,43.15978],[-79.09771,43.16006],[-79.09809,43.16022],[-79.09808,43.16138],[-79.09728,43.1614],[-79.09742,43.16372],[-79.09567,43.16383],[-79.09569,43.16571],[-79.0974,43.16572],[-79.09735,43.16403],[-79.09966,43.16399],[-79.09966,43.16312],[-79.10071,43.16305],[-79.1008,43.16265],[-79.1007,43.16187],[-79.10057,43.16166],[-79.10069,43.16116],[-79.1015,43.16016],[-79.10265,43.15912],[-79.1063,43.1591],[-79.10643,43.16049],[-79.10558,43.16048],[-79.10565,43.16208],[-79.10745,43.16215],[-79.10734,43.16255],[-79.1088,43.16269],[-79.10878,43.16211],[-79.11416,43.1619],[-79.11428,43.16211],[-79.11473,43.16236],[-79.11496,43.16219],[-79.11525,43.16213],[-79.11518,43.16183],[-79.1153,43.1616],[-79.11497,43.16145],[-79.11527,43.16106],[-79.11521,43.16067],[-79.11533,43.15997],[-79.11566,43.15953],[-79.11658,43.15899],[-79.11714,43.15844],[-79.11756,43.15785],[-79.11752,43.15746],[-79.11733,43.15734],[-79.11567,43.1573],[-79.11543,43.1575],[-79.11546,43.15784],[-79.11453,43.15789],[-79.11448,43.15639],[-79.11332,43.15638],[-79.11332,43.15687],[-79.11322,43.15688],[-79.11313,43.15575],[-79.11248,43.15594],[-79.11225,43.15556],[-79.11113,43.15585],[-79.11131,43.15622],[-79.11005,43.15651],[-79.11002,43.156],[-79.10936,43.15602],[-79.10939,43.15491],[-79.11136,43.15482],[-79.11132,43.15454],[-79.11207,43.15453],[-79.11203,43.15326],[-79.10958,43.15336],[-79.10955,43.15306],[-79.10944,43.15308],[-79.10945,43.15264],[-79.10963,43.15241],[-79.11212,43.15239],[-79.11205,43.15029],[-79.10957,43.15047],[-79.1095,43.15041],[-79.10952,43.1498],[-79.10981,43.14955],[-79.10984,43.14932],[-79.10954,43.14923],[-79.12141,43.15236],[-79.12118,43.15385],[-79.1227,43.15368],[-79.12435,43.15314],[-79.12498,43.15308],[-79.1284,43.15369],[-79.12973,43.1537],[-79.13427,43.15354],[-79.13612,43.15333],[-79.1389,43.15329],[-79.14346,43.15299],[-79.14427,43.15311],[-79.145,43.15291],[-79.14975,43.15268],[-79.15267,43.15314],[-79.15242,43.15672],[-79.15565,43.15665],[-79.15563,43.15767],[-79.15716,43.15768],[-79.15713,43.15661],[-79.15825,43.15658],[-79.16026,43.15674],[-79.16059,43.15684],[-79.16097,43.1572],[-79.16126,43.15778],[-79.16139,43.15835],[-79.16178,43.15877],[-79.1624,43.15899],[-79.16294,43.15931],[-79.1633,43.15983],[-79.16386,43.15993],[-79.16455,43.15974],[-79.16507,43.15934],[-79.16553,43.15863],[-79.16817,43.15974],[-79.16793,43.15996],[-79.16718,43.16001],[-79.1673,43.16199],[-79.16828,43.16206],[-79.16825,43.16079],[-79.17077,43.16169],[-79.17169,43.16067],[-79.17282,43.161],[-79.17299,43.16142],[-79.17279,43.16178],[-79.17346,43.16206],[-79.1742,43.16271],[-79.17446,43.16338],[-79.17451,43.16415],[-79.17532,43.16421],[-79.1757,43.16229],[-79.17611,43.1622],[-79.18383,43.16531],[-79.1845,43.16618],[-79.18463,43.16675],[-79.18449,43.16784],[-79.18479,43.16978],[-79.18746,43.16964],[-79.18707,43.17087],[-79.1866,43.17172],[-79.18618,43.17221],[-79.1862,43.17269],[-79.18638,43.17325],[-79.18741,43.1732],[-79.18748,43.17374],[-79.18603,43.17397],[-79.18444,43.17443],[-79.18505,43.17538],[-79.18611,43.17514],[-79.18664,43.17563],[-79.18846,43.17492],[-79.18949,43.17509],[-79.18997,43.17505],[-79.19052,43.17448],[-79.19019,43.17401],[-79.18953,43.17381],[-79.18896,43.174],[-79.18849,43.17403],[-79.18836,43.17386],[-79.18812,43.17168],[-79.18813,43.17045],[-79.18955,43.17175],[-79.1916,43.17315],[-79.1892,43.17094],[-79.18887,43.17047],[-79.18882,43.17024],[-79.18818,43.16995],[-79.18804,43.16915],[-79.18806,43.16854],[-79.1882,43.16805],[-79.18844,43.16771],[-79.18855,43.16766],[-79.18891,43.16777],[-79.18892,43.16795],[-79.1884,43.16886],[-79.18836,43.16945],[-79.18851,43.16977],[-79.18969,43.17092],[-79.18999,43.17107],[-79.19205,43.17118],[-79.19329,43.17111],[-79.19384,43.17125],[-79.19413,43.17115],[-79.19427,43.1704],[-79.19447,43.17004],[-79.19415,43.16805],[-79.19419,43.16783],[-79.19387,43.16729],[-79.194,43.16707],[-79.19418,43.16535],[-79.19335,43.15888],[-79.19342,43.15844],[-79.19306,43.15783],[-79.19279,43.15702],[-79.19309,43.15691],[-79.19346,43.157],[-79.19366,43.15684],[-79.19339,43.15419],[-79.19314,43.15319],[-79.19294,43.15307],[-79.19321,43.15431],[-79.19177,43.15452],[-79.19165,43.15659],[-79.18953,43.15668],[-79.19,43.15748],[-79.19039,43.15894],[-79.19108,43.16521],[-79.19101,43.16548],[-79.19062,43.16588],[-79.18982,43.1659],[-79.18833,43.16559],[-79.18539,43.1645],[-79.18367,43.16399],[-79.18095,43.16296],[-79.17971,43.1623],[-79.17481,43.16054],[-79.17293,43.15974],[-79.17299,43.15951],[-79.17352,43.15916],[-79.17636,43.15795],[-79.17731,43.15759],[-79.17857,43.15737],[-79.17838,43.14994],[-79.17817,43.14961],[-79.17798,43.14872],[-79.17833,43.14789],[-79.17809,43.14704],[-79.17272,43.14868],[-79.17248,43.14887],[-79.17237,43.14914],[-79.17252,43.14976],[-79.17365,43.15146],[-79.1698,43.1529],[-79.17053,43.15436],[-79.17062,43.15493],[-79.17044,43.15599],[-79.17076,43.15704],[-79.17063,43.15765],[-79.17013,43.15843],[-79.16614,43.15706],[-79.16555,43.15643],[-79.16573,43.15569],[-79.16614,43.15487],[-79.16675,43.15417],[-79.16747,43.1541],[-79.16802,43.15418],[-79.16825,43.15376],[-79.16824,43.15279],[-79.16774,43.15265],[-79.16701,43.15303],[-79.16574,43.15428],[-79.16501,43.15465],[-79.16393,43.15502],[-79.16333,43.155],[-79.16289,43.15318],[-79.16224,43.149],[-79.15956,43.15065],[-79.15964,43.15137],[-79.16085,43.1535],[-79.15895,43.15427],[-79.1589,43.15445],[-79.16001,43.15498],[-79.16004,43.15512],[-79.15968,43.15517],[-79.15827,43.1546],[-79.15574,43.15377],[-79.15405,43.15326],[-79.15379,43.15333],[-79.15311,43.15217],[-79.15306,43.1513],[-79.15331,43.15057],[-79.15361,43.15027],[-79.15322,43.15016],[-79.15289,43.14967],[-79.15251,43.14991],[-79.15199,43.15066],[-79.15187,43.1515],[-79.15199,43.15214],[-79.14857,43.15055],[-79.14703,43.1497],[-79.14681,43.14991],[-79.14681,43.1506],[-79.14733,43.15105],[-79.14937,43.15191],[-79.14661,43.15194],[-79.14278,43.15232],[-79.13983,43.15244],[-79.13224,43.15302],[-79.13067,43.15308],[-79.1275,43.15297],[-79.12435,43.1524],[-79.12084,43.15147],[-79.11777,43.15078],[-79.11656,43.15037],[-79.10352,43.14691],[-79.10237,43.14655],[-79.102,43.14619],[-79.10087,43.14562],[-79.10081,43.14518],[-79.10089,43.14404],[-79.10104,43.14294],[-79.1012,43.14258],[-79.10246,43.1425],[-79.10291,43.1422],[-79.10446,43.14046],[-79.10506,43.13992],[-79.10551,43.13961],[-79.10657,43.13938],[-79.10841,43.13966],[-79.10929,43.13968],[-79.11268,43.13922],[-79.11279,43.13928],[-79.11278,43.1398],[-79.11286,43.13994],[-79.11268,43.14019],[-79.11274,43.14044],[-79.11298,43.1408],[-79.11339,43.14114],[-79.11411,43.14157],[-79.1154,43.14151],[-79.1168,43.14184],[-79.1191,43.14205],[-79.1199,43.14231],[-79.12055,43.14264],[-79.12071,43.14283],[-79.12211,43.14342],[-79.12288,43.14363],[-79.12531,43.144],[-79.12541,43.14007],[-79.12524,43.12695],[-79.13784,43.12243],[-79.13771,43.11906],[-79.13376,43.11917],[-79.13293,43.11934],[-79.13231,43.119],[-79.133,43.11827],[-79.13328,43.11829],[-79.13386,43.11812],[-79.13389,43.11773],[-79.13414,43.11752],[-79.13447,43.11734],[-79.13477,43.11743],[-79.13516,43.11732],[-79.13525,43.11709],[-79.13548,43.11692],[-79.13597,43.11685],[-79.13646,43.11664],[-79.13809,43.11536],[-79.13896,43.11415],[-79.13944,43.11414],[-79.1395,43.11326],[-79.13949,43.11301],[-79.13934,43.11295],[-79.13938,43.11245],[-79.13893,43.11262],[-79.13865,43.11251],[-79.13863,43.11203],[-79.13867,43.1115],[-79.13943,43.11133],[-79.1394,43.11074],[-79.1383,43.11074],[-79.1384,43.11067],[-79.1384,43.10977],[-79.13723,43.10978],[-79.13678,43.10266],[-79.13668,43.09866],[-79.13634,43.09543],[-79.13771,43.09558],[-79.13742,43.09531],[-79.13752,43.09527],[-79.1377,43.0953],[-79.13786,43.09552],[-79.13814,43.09555],[-79.13876,43.09506],[-79.13875,43.09487],[-79.13811,43.09473],[-79.13809,43.09339],[-79.13815,43.09323],[-79.13966,43.09263],[-79.13966,43.0927],[-79.14869,43.08962],[-79.14892,43.08959],[-79.14906,43.0911],[-79.15403,43.091],[-79.15395,43.09212],[-79.15974,43.09198],[-79.15943,43.08618],[-79.15402,43.08578],[-79.15398,43.08478],[-79.1608,43.08464],[-79.16172,43.08429],[-79.16144,43.08406],[-79.16139,43.08102],[-79.149,43.08122],[-79.14901,43.081],[-79.14836,43.08097],[-79.14489,43.08105],[-79.14481,43.07881],[-79.14532,43.07764],[-79.14534,43.07684],[-79.14646,43.07671],[-79.146,43.07554],[-79.14609,43.07468],[-79.1485,43.07463],[-79.14825,43.06961],[-79.13526,43.07002],[-79.13528,43.07041],[-79.13523,43.06985],[-79.13031,43.06993],[-79.1301,43.06488],[-79.1288,43.0649],[-79.12881,43.06407],[-79.12295,43.0639],[-79.12269,43.05572],[-79.12289,43.05578],[-79.12269,43.05572],[-79.12266,43.0546],[-79.12284,43.05074],[-79.12364,43.05066],[-79.12371,43.05032],[-79.12354,43.04905],[-79.12373,43.04897],[-79.12415,43.04908],[-79.12537,43.04972],[-79.12536,43.04763],[-79.12425,43.04727],[-79.12277,43.04713],[-79.12174,43.04659],[-79.12097,43.04638],[-79.12071,43.04643],[-79.12002,43.047],[-79.11752,43.0485],[-79.11729,43.04884],[-79.11717,43.04979],[-79.11734,43.05122],[-79.11726,43.05155],[-79.11731,43.05216],[-79.11725,43.05276],[-79.11732,43.05284],[-79.11776,43.05279],[-79.11802,43.05308],[-79.11832,43.05316],[-79.11803,43.05317],[-79.11751,43.0529],[-79.11735,43.05291],[-79.11725,43.05304],[-79.11716,43.05836],[-79.11704,43.05867],[-79.11705,43.05975],[-79.11688,43.06068],[-79.11679,43.06206],[-79.1165,43.06273],[-79.11647,43.0637],[-79.11629,43.0637],[-79.11633,43.06278],[-79.11585,43.06187],[-79.11523,43.06121],[-79.11528,43.06082],[-79.11517,43.06055],[-79.11556,43.05857],[-79.11551,43.05819],[-79.11579,43.05735],[-79.11582,43.05579],[-79.11605,43.05341],[-79.11602,43.05137],[-79.11612,43.05099],[-79.11605,43.04834],[-79.1159,43.04809],[-79.11511,43.04793],[-79.11289,43.04672],[-79.11224,43.04657],[-79.10718,43.04607],[-79.10626,43.04614],[-79.10574,43.04635],[-79.10577,43.04683],[-79.10559,43.04735],[-79.10499,43.04758],[-79.10413,43.04773],[-79.10353,43.04862],[-79.10323,43.04872],[-79.10336,43.04901],[-79.10411,43.04988],[-79.10523,43.0506],[-79.10581,43.0508],[-79.10649,43.0509],[-79.10864,43.05091],[-79.11003,43.05155],[-79.11043,43.05165],[-79.1137,43.0496],[-79.11547,43.04959],[-79.11525,43.05326],[-79.11472,43.0534],[-79.1145,43.05648],[-79.11413,43.05732],[-79.11207,43.05734],[-79.11221,43.06039],[-79.11464,43.06048],[-79.11463,43.06134],[-79.11562,43.06294],[-79.10803,43.06307],[-79.10231,43.0658],[-79.10185,43.06573],[-79.10175,43.06546],[-79.10141,43.06517],[-79.0998,43.0647],[-79.09896,43.06432],[-79.09825,43.06394],[-79.09798,43.06362],[-79.09789,43.06326],[-79.09798,43.06273],[-79.09821,43.06222],[-79.09876,43.06168],[-79.10066,43.06078],[-79.10111,43.06044],[-79.10119,43.06017],[-79.10029,43.05895],[-79.10058,43.05847],[-79.10322,43.05639],[-79.10619,43.05449],[-79.10817,43.05336],[-79.10785,43.05291],[-79.1069,43.05329],[-79.10487,43.05392],[-79.10238,43.05492],[-79.10023,43.05591],[-79.09824,43.05709],[-79.09669,43.05819],[-79.09534,43.05929],[-79.09446,43.05985],[-79.09313,43.06048],[-79.09302,43.06128],[-79.08969,43.06324],[-79.08887,43.06385],[-79.08793,43.06425],[-79.08763,43.0642],[-79.08744,43.06392],[-79.08752,43.0624],[-79.08733,43.06173],[-79.08692,43.06156],[-79.08353,43.06164],[-79.08356,43.0598],[-79.09341,43.05942],[-79.09339,43.05628],[-79.09755,43.05622],[-79.09829,43.05642],[-79.09888,43.05598],[-79.09911,43.05562],[-79.09882,43.055],[-79.09428,43.05493],[-79.09413,43.052],[-79.09432,43.05167],[-79.09464,43.05166],[-79.09524,43.05185],[-79.09566,43.05177],[-79.096,43.05138],[-79.09611,43.05093],[-79.09604,43.05049],[-79.0958,43.05001],[-79.09532,43.0498],[-79.09428,43.04977],[-79.09406,43.04956],[-79.09384,43.04906],[-79.09311,43.0489],[-79.08865,43.04812],[-79.08518,43.04783],[-79.07867,43.04872],[-79.07733,43.04862],[-79.07671,43.04841],[-79.07468,43.04802],[-79.07288,43.04801],[-79.07207,43.04817],[-79.0684,43.04935],[-79.06335,43.05145],[-79.0618,43.05228],[-79.06063,43.05309],[-79.05992,43.05386],[-79.05929,43.05474],[-79.05861,43.05536],[-79.05816,43.05605],[-79.05782,43.05617],[-79.05534,43.05794],[-79.053,43.05925],[-79.05243,43.05969],[-79.05138,43.06059],[-79.04996,43.06202],[-79.04982,43.06262],[-79.04939,43.06288],[-79.0483,43.06281],[-79.04559,43.06389],[-79.0455,43.06379],[-79.04542,43.06385],[-79.04447,43.0627],[-79.04554,43.064],[-79.04572,43.06411],[-79.04576,43.06406],[-79.04616,43.06427],[-79.04639,43.06417],[-79.05008,43.06513],[-79.05489,43.06763],[-79.05604,43.06797],[-79.05733,43.06866],[-79.05813,43.069],[-79.0588,43.06918],[-79.05913,43.06947],[-79.05992,43.06939],[-79.06169,43.06987],[-79.06452,43.07001],[-79.0646,43.06988],[-79.06621,43.06965],[-79.06649,43.0693],[-79.06684,43.06911],[-79.0667,43.06905],[-79.06689,43.06909],[-79.06728,43.06879],[-79.06785,43.06868],[-79.06818,43.06842],[-79.0691,43.068],[-79.07016,43.06704],[-79.07104,43.06679],[-79.07115,43.06686],[-79.07104,43.06707],[-79.07124,43.06726],[-79.0712,43.06741],[-79.07046,43.06765],[-79.07029,43.06761],[-79.07052,43.06736],[-79.07088,43.06731],[-79.07093,43.0672],[-79.07081,43.06713],[-79.06994,43.06742],[-79.06991,43.06764],[-79.07015,43.06764],[-79.07005,43.06786],[-79.06909,43.06851],[-79.06905,43.06875],[-79.06924,43.06902],[-79.0692,43.06908],[-79.06896,43.06902],[-79.06884,43.06856],[-79.06918,43.06832],[-79.06922,43.06816],[-79.06905,43.06816],[-79.06804,43.06865],[-79.06829,43.06898],[-79.06811,43.06904],[-79.06772,43.06967],[-79.06783,43.06975],[-79.06787,43.06968],[-79.068,43.06971],[-79.06815,43.06951],[-79.06861,43.06932],[-79.06924,43.0694],[-79.06958,43.06954],[-79.06941,43.06994],[-79.06951,43.07019],[-79.0702,43.0703],[-79.07121,43.07066],[-79.07126,43.07022],[-79.0715,43.06982],[-79.07146,43.06964],[-79.07161,43.06946],[-79.07171,43.06907],[-79.07227,43.06867],[-79.07248,43.06824],[-79.07225,43.06776],[-79.07145,43.06739],[-79.07171,43.06717],[-79.07149,43.06681],[-79.07172,43.06672],[-79.07227,43.0668],[-79.07321,43.06727],[-79.07342,43.06778],[-79.07259,43.06909],[-79.07147,43.07017],[-79.07148,43.07057],[-79.07165,43.07062],[-79.07233,43.07147],[-79.07405,43.07265],[-79.0742,43.07255],[-79.07519,43.07319],[-79.07628,43.07369],[-79.07688,43.0741],[-79.07718,43.07445],[-79.07768,43.07449],[-79.07788,43.07432],[-79.07791,43.07394],[-79.07803,43.0739],[-79.07904,43.07518],[-79.07842,43.07641],[-79.07846,43.07667],[-79.07883,43.07738],[-79.07869,43.07826],[-79.07856,43.07847],[-79.07803,43.07869],[-79.07789,43.07903],[-79.07756,43.07921],[-79.07745,43.07941],[-79.07755,43.07973],[-79.07752,43.08017],[-79.07765,43.08027],[-79.07794,43.08026],[-79.07784,43.08041],[-79.07801,43.08035],[-79.07805,43.08042],[-79.07755,43.08068],[-79.07748,43.08099],[-79.0773,43.08121],[-79.07744,43.08126],[-79.07734,43.08129],[-79.07676,43.08299],[-79.07647,43.08327],[-79.07615,43.08401],[-79.07546,43.08489],[-79.07498,43.08513],[-79.07458,43.08552],[-79.07413,43.08557],[-79.07394,43.08593],[-79.07416,43.08609],[-79.07407,43.08625],[-79.07417,43.08664],[-79.07388,43.08704],[-79.07366,43.08715],[-79.07296,43.08705],[-79.07263,43.08711],[-79.07239,43.08733],[-79.07229,43.08768],[-79.07218,43.08766],[-79.07218,43.08758],[-79.07205,43.08772],[-79.0722,43.08773],[-79.07213,43.08786],[-79.07248,43.08799],[-79.07248,43.08809],[-79.07216,43.08823],[-79.0717,43.08819],[-79.07114,43.08885],[-79.07097,43.08922],[-79.06984,43.09001],[-79.06915,43.09066],[-79.06742,43.09156],[-79.06734,43.09208],[-79.06713,43.09232],[-79.06709,43.09261],[-79.06642,43.09347],[-79.06597,43.09427],[-79.06606,43.09504],[-79.06598,43.09592],[-79.06567,43.0963],[-79.06481,43.09675],[-79.06447,43.09715],[-79.06465,43.09807],[-79.06461,43.09834],[-79.06447,43.09853],[-79.06364,43.09911],[-79.06283,43.09937],[-79.06264,43.1],[-79.06261,43.1005],[-79.06197,43.10127],[-79.06153,43.10277],[-79.06124,43.10325],[-79.06047,43.10407],[-79.05988,43.10597],[-79.05966,43.10628],[-79.05876,43.10703],[-79.05852,43.10751],[-79.05849,43.10814],[-79.05886,43.10969],[-79.05943,43.11128],[-79.05984,43.11189],[-79.06011,43.11275],[-79.06045,43.11347],[-79.06065,43.1137],[-79.06227,43.11518],[-79.06315,43.11584],[-79.0636,43.11605],[-79.06475,43.11601],[-79.06595,43.11652],[-79.06634,43.1168],[-79.06684,43.11739],[-79.06698,43.11802],[-79.06755,43.11842],[-79.0682,43.11874],[-79.06967,43.11878],[-79.07019,43.11889],[-79.07196,43.11985],[-79.07344,43.12106],[-79.07317,43.12166],[-79.07314,43.12215],[-79.0719,43.1229],[-79.07107,43.12308],[-79.07023,43.12293],[-79.06899,43.1221],[-79.06849,43.12195],[-79.06782,43.12199],[-79.06734,43.12231],[-79.06695,43.12289],[-79.06662,43.12317],[-79.06571,43.12376],[-79.06298,43.1252],[-79.06225,43.12572],[-79.06085,43.12706],[-79.06058,43.12718],[-79.0606,43.12751],[-79.06046,43.1277],[-79.06025,43.1277],[-79.05998,43.12752],[-79.05969,43.12756],[-79.0591,43.1272],[-79.0584,43.12715],[-79.05694,43.12767],[-79.05595,43.12828],[-79.05485,43.12922],[-79.05477,43.12964],[-79.0544,43.13018],[-79.05325,43.13139],[-79.05285,43.13213],[-79.0522,43.13266],[-79.05205,43.1335],[-79.05135,43.1345],[-79.05126,43.13475],[-79.05085,43.13492],[-79.05088,43.13517],[-79.05066,43.13546],[-79.04942,43.13625],[-79.04896,43.13643],[-79.04731,43.13742],[-79.04616,43.13793],[-79.04445,43.1392],[-79.04403,43.13998],[-79.04377,43.1411],[-79.04325,43.14255],[-79.0432,43.1431],[-79.04324,43.14399],[-79.04334,43.14418],[-79.04367,43.14415],[-79.04369,43.14379],[-79.04393,43.14392],[-79.04425,43.1439],[-79.04442,43.14424],[-79.04442,43.14443],[-79.04547,43.14441],[-79.04574,43.14501],[-79.04593,43.14506],[-79.04597,43.14495],[-79.04606,43.14497],[-79.04603,43.14509],[-79.04616,43.14511],[-79.05522,43.14095],[-79.05566,43.14069],[-79.05608,43.14029],[-79.05882,43.1361],[-79.05925,43.13559],[-79.07302,43.12901],[-79.07454,43.12821],[-79.08095,43.12522],[-79.08119,43.12503],[-79.08206,43.12371],[-79.08221,43.12381],[-79.08133,43.12512],[-79.07988,43.12606],[-79.07321,43.12925],[-79.07218,43.12956],[-79.07126,43.13],[-79.05954,43.13558],[-79.0592,43.13582],[-79.05637,43.14056],[-79.05644,43.1406],[-79.08191,43.12789],[-79.082,43.12799],[-79.08144,43.12847],[-79.08223,43.12825],[-79.08234,43.12837],[-79.07013,43.13437],[-79.05747,43.14077],[-79.0573,43.14112],[-79.05742,43.14141],[-79.05958,43.14362],[-79.06054,43.14405],[-79.06061,43.14416],[-79.06067,43.14414],[-79.06056,43.14396],[-79.0607,43.14392],[-79.06084,43.14417],[-79.06124,43.14406],[-79.06134,43.14424],[-79.06081,43.1444],[-79.06102,43.14458],[-79.06015,43.14484],[-79.06009,43.14493],[-79.06006,43.14487],[-79.05924,43.14511],[-79.05903,43.14471],[-79.05908,43.14448],[-79.05893,43.14394],[-79.05843,43.14323],[-79.05668,43.14133],[-79.05639,43.14129],[-79.05576,43.14156],[-79.05262,43.14682],[-79.05204,43.14711],[-79.04897,43.1479],[-79.04628,43.14924],[-79.04601,43.14952],[-79.04447,43.14986],[-79.04422,43.15015],[-79.04542,43.15219],[-79.04543,43.15375],[-79.04563,43.15562],[-79.04629,43.15725],[-79.04649,43.15805],[-79.04727,43.15964],[-79.0474,43.1603],[-79.04739,43.16142],[-79.0476,43.16203],[-79.04809,43.16269],[-79.04899,43.16348],[-79.0505,43.16442],[-79.05118,43.16472],[-79.05214,43.16562],[-79.05246,43.16573],[-79.05305,43.16681],[-79.05296,43.16684],[-79.05341,43.16755],[-79.05354,43.16751],[-79.05433,43.16854],[-79.05515,43.1691],[-79.0551,43.16924],[-79.05576,43.16977],[-79.05653,43.17081],[-79.0567,43.17108],[-79.05711,43.17236],[-79.05711,43.17409],[-79.05703,43.17515],[-79.05691,43.17539],[-79.05692,43.17589],[-79.05646,43.1768],[-79.05641,43.17724],[-79.05608,43.17815],[-79.05598,43.17813],[-79.05604,43.17846],[-79.05599,43.17913],[-79.05606,43.17961],[-79.05648,43.18068],[-79.05696,43.18118],[-79.05758,43.1827],[-79.05786,43.18433],[-79.05769,43.1853],[-79.05726,43.18651],[-79.05692,43.18697],[-79.05664,43.18762],[-79.05603,43.18862],[-79.05595,43.18904],[-79.05357,43.19336],[-79.05227,43.19735],[-79.0521,43.19883],[-79.05219,43.20019],[-79.0528,43.2018],[-79.05419,43.20301],[-79.05585,43.20405],[-79.0566,43.20484],[-79.0569,43.20494],[-79.05751,43.20542],[-79.05879,43.20665],[-79.05933,43.20759],[-79.05938,43.20821],[-79.05987,43.20859],[-79.06008,43.20997],[-79.06029,43.21061],[-79.06017,43.21161],[-79.06031,43.21256],[-79.06007,43.21365],[-79.05989,43.2152],[-79.05952,43.21666],[-79.05906,43.21773],[-79.05904,43.21816],[-79.05863,43.21888],[-79.05827,43.21995],[-79.05735,43.22187],[-79.05699,43.22423],[-79.05715,43.22494],[-79.05787,43.22654],[-79.05889,43.2296],[-79.05984,43.2349],[-79.05958,43.2349],[-79.05955,43.2343],[-79.05942,43.23431],[-79.05949,43.23434],[-79.0595,43.23557],[-79.05963,43.23553],[-79.05958,43.23495],[-79.05988,43.23493],[-79.06,43.23667],[-79.05949,43.24038],[-79.05882,43.24247],[-79.05854,43.24375],[-79.05855,43.24431],[-79.05831,43.24549],[-79.05837,43.24608],[-79.05823,43.24729],[-79.05803,43.24774],[-79.05821,43.25118],[-79.05849,43.25177],[-79.05861,43.25234],[-79.05992,43.25356],[-79.05978,43.25366],[-79.05983,43.25372],[-79.06002,43.25363],[-79.06007,43.25385],[-79.06026,43.25404],[-79.06046,43.25394],[-79.06033,43.25414],[-79.06088,43.25472],[-79.06131,43.25493],[-79.06126,43.25509],[-79.0614,43.25507],[-79.06259,43.25419],[-79.06278,43.25419],[-79.06285,43.25432],[-79.0628,43.25457],[-79.06238,43.25497],[-79.06235,43.25512],[-79.06267,43.25542],[-79.06284,43.25527],[-79.06267,43.25548],[-79.06282,43.25538],[-79.06278,43.25553],[-79.06339,43.25595],[-79.06308,43.25619],[-79.06178,43.25526],[-79.06149,43.25538],[-79.06157,43.25554],[-79.06275,43.25645],[-79.06299,43.25652],[-79.06292,43.25662],[-79.063,43.25671],[-79.06321,43.25672],[-79.06394,43.25717],[-79.06395,43.25709],[-79.06412,43.2571],[-79.06469,43.2572],[-79.06463,43.25732],[-79.0647,43.2572],[-79.0648,43.25723],[-79.06478,43.2573],[-79.06485,43.25724],[-79.06618,43.25746],[-79.06619,43.25754],[-79.06635,43.25749],[-79.06649,43.25763],[-79.06931,43.25816],[-79.07023,43.25879],[-79.07064,43.25893],[-79.07078,43.25887],[-79.0725,43.25966],[-79.0755,43.26163],[-79.07586,43.26192]],[[-79.05545,43.15631],[-79.05498,43.15634],[-79.05455,43.15622],[-79.0515,43.15424],[-79.05133,43.15395],[-79.05066,43.15124],[-79.05086,43.15093],[-79.0536,43.14926],[-79.05459,43.14856],[-79.05669,43.14641],[-79.05711,43.14615],[-79.0591,43.14543],[-79.06122,43.14488],[-79.06711,43.14306],[-79.06814,43.14294],[-79.06937,43.14302],[-79.0743,43.14146],[-79.07452,43.14122],[-79.07428,43.14086],[-79.07449,43.14062],[-79.0743,43.14027],[-79.07462,43.1385],[-79.07484,43.13833],[-79.07538,43.13819],[-79.07698,43.13824],[-79.07752,43.13813],[-79.07781,43.13775],[-79.07729,43.13744],[-79.07403,43.138],[-79.07296,43.13813],[-79.0721,43.13811],[-79.07193,43.13782],[-79.072,43.13736],[-79.0719,43.13536],[-79.07205,43.1352],[-79.0729,43.13487],[-79.07317,43.13498],[-79.0738,43.13558],[-79.07409,43.13572],[-79.07457,43.13556],[-79.07497,43.13526],[-79.07485,43.13451],[-79.07591,43.13374],[-79.07592,43.13342],[-79.07571,43.13272],[-79.07583,43.13251],[-79.07864,43.13113],[-79.08151,43.12957],[-79.08313,43.12907],[-79.08374,43.12896],[-79.084,43.12922],[-79.08426,43.13003],[-79.0845,43.13044],[-79.08623,43.13306],[-79.08682,43.13358],[-79.0869,43.13441],[-79.08491,43.13444],[-79.08493,43.13539],[-79.08695,43.13543],[-79.08695,43.13581],[-79.08956,43.13574],[-79.0894,43.13556],[-79.08937,43.13531],[-79.08962,43.13511],[-79.08999,43.13543],[-79.09059,43.13522],[-79.0907,43.13504],[-79.09114,43.1355],[-79.0917,43.13533],[-79.09392,43.13509],[-79.09534,43.1353],[-79.09548,43.13493],[-79.0972,43.13485],[-79.09756,43.13531],[-79.10009,43.13515],[-79.10019,43.13527],[-79.10021,43.13582],[-79.10046,43.13615],[-79.10063,43.13624],[-79.10004,43.1363],[-79.09858,43.13625],[-79.09316,43.13697],[-79.09155,43.13757],[-79.09065,43.13759],[-79.08978,43.13727],[-79.08939,43.13694],[-79.08875,43.13708],[-79.08815,43.13737],[-79.08723,43.13786],[-79.08723,43.13907],[-79.08695,43.13997],[-79.0872,43.1405],[-79.08868,43.14182],[-79.08939,43.14228],[-79.09004,43.14297],[-79.09077,43.14453],[-79.09068,43.14502],[-79.09009,43.14515],[-79.08947,43.14552],[-79.08874,43.14571],[-79.08791,43.14572],[-79.08698,43.14531],[-79.08696,43.14629],[-79.08726,43.14638],[-79.0871,43.14658],[-79.08661,43.14659],[-79.08635,43.14671],[-79.08596,43.14735],[-79.08504,43.14737],[-79.08466,43.14812],[-79.08397,43.14855],[-79.08112,43.14989],[-79.07657,43.15011],[-79.07345,43.15245],[-79.07311,43.15261],[-79.06467,43.15395],[-79.05545,43.15631]],[[-79.08101,43.05573],[-79.07796,43.05558],[-79.07688,43.05505],[-79.07513,43.05515],[-79.07453,43.05579],[-79.07388,43.05677],[-79.07376,43.05763],[-79.07355,43.05776],[-79.07336,43.05775],[-79.07272,43.05756],[-79.07217,43.0508],[-79.0738,43.05046],[-79.07533,43.05033],[-79.07606,43.05038],[-79.07619,43.05117],[-79.0809,43.05098],[-79.08101,43.05573]],[[-79.0938,43.07074],[-79.08971,43.07095],[-79.08952,43.07057],[-79.08811,43.06989],[-79.08658,43.06866],[-79.08561,43.06766],[-79.08547,43.0671],[-79.09292,43.0625],[-79.09386,43.06241],[-79.09432,43.06249],[-79.09478,43.06272],[-79.09615,43.06288],[-79.09654,43.06308],[-79.09664,43.06707],[-79.0931,43.06707],[-79.08867,43.06722],[-79.08718,43.06738],[-79.08706,43.0675],[-79.08729,43.06915],[-79.08809,43.06921],[-79.08902,43.06915],[-79.0899,43.06983],[-79.09008,43.07044],[-79.09106,43.07043],[-79.09099,43.07015],[-79.0911,43.07004],[-79.09372,43.06985],[-79.0938,43.07074]],[[-79.08535,43.05673],[-79.08537,43.05523],[-79.092,43.05505],[-79.09177,43.05834],[-79.09036,43.05863],[-79.0892,43.05863],[-79.08866,43.0585],[-79.08531,43.05853],[-79.08535,43.05673]],[[-79.06924,43.05216],[-79.07003,43.05231],[-79.07071,43.05274],[-79.07095,43.05485],[-79.07134,43.05619],[-79.07129,43.05665],[-79.07086,43.05681],[-79.07048,43.05634],[-79.07032,43.05587],[-79.06995,43.05571],[-79.06944,43.05597],[-79.06904,43.05636],[-79.0687,43.05615],[-79.0682,43.05553],[-79.06768,43.0552],[-79.06728,43.05481],[-79.06716,43.05418],[-79.06723,43.05272],[-79.06771,43.05204],[-79.0685,43.05191],[-79.06924,43.05216]],[[-79.10782,43.13525],[-79.11141,43.13734],[-79.11115,43.1375],[-79.11002,43.13767],[-79.10847,43.13763],[-79.10834,43.13803],[-79.10819,43.13817],[-79.10795,43.13815],[-79.10609,43.1378],[-79.10239,43.13676],[-79.10262,43.13617],[-79.1036,43.13635],[-79.10782,43.13525]],[[-79.06303,43.0606],[-79.06293,43.05996],[-79.06296,43.05869],[-79.06305,43.05824],[-79.06327,43.05781],[-79.06527,43.05838],[-79.06539,43.06048],[-79.06739,43.06043],[-79.06756,43.06237],[-79.06303,43.0606]],[[-79.0632,43.06331],[-79.05838,43.06182],[-79.05794,43.06152],[-79.05878,43.06026],[-79.06284,43.06141],[-79.0632,43.06331]]]}},{"type":"Feature","properties":{"serie":"Water","texture":"NA","code_texture":"NA","drainage":null,"pente":-9,"classe_agricole":"W"},"geometry":{"type":"Polygon","coordinates":[[[-79.04449,43.14984],[-79.04533,43.14965],[-79.0454,43.14971],[-79.04601,43.14952],[-79.04628,43.14924],[-79.04897,43.1479],[-79.05204,43.14711],[-79.05262,43.14682],[-79.05576,43.14156],[-79.05639,43.14129],[-79.05668,43.14133],[-79.05843,43.14323],[-79.05893,43.14394],[-79.05908,43.14448],[-79.05903,43.14471],[-79.05924,43.14511],[-79.06006,43.14487],[-79.06009,43.14493],[-79.06015,43.14484],[-79.06102,43.14458],[-79.06081,43.1444],[-79.06134,43.14424],[-79.06124,43.14406],[-79.06084,43.14417],[-79.0607,43.14392],[-79.06056,43.14396],[-79.06067,43.14414],[-79.06061,43.14416],[-79.06054,43.14405],[-79.05958,43.14362],[-79.05742,43.14141],[-79.0573,43.14112],[-79.05747,43.14077],[-79.07013,43.13437],[-79.08234,43.12837],[-79.08223,43.12825],[-79.08144,43.12847],[-79.082,43.12799],[-79.08191,43.12789],[-79.05644,43.1406],[-79.05637,43.14056],[-79.0592,43.13582],[-79.05954,43.13558],[-79.07126,43.13],[-79.07218,43.12956],[-79.07321,43.12925],[-79.07988,43.12606],[-79.08133,43.12512],[-79.08221,43.12381],[-79.08206,43.12371],[-79.08119,43.12503],[-79.08095,43.12522],[-79.07454,43.12821],[-79.07302,43.12901],[-79.05925,43.13559],[-79.05882,43.1361],[-79.05608,43.14029],[-79.05566,43.14069],[-79.05522,43.14095],[-79.04616,43.14511],[-79.04603,43.14509],[-79.04606,43.14497],[-79.04597,43.14495],[-79.04593,43.14506],[-79.04574,43.14501],[-79.04547,43.14441],[-79.04442,43.14443],[-79.04442,43.14424],[-79.04425,43.1439],[-79.04393,43.14392],[-79.04369,43.14379],[-79.04367,43.14415],[-79.04335,43.14415],[-79.04336,43.14433],[-79.04346,43.14433],[-79.04348,43.14676],[-79.04339,43.14675],[-79.04325,43.14718],[-79.04343,43.14807],[-79.0436,43.14832],[-79.04382,43.14843],[-79.04449,43.14984]],[[-79.05561,43.14148],[-79.05237,43.14681],[-79.04866,43.14783],[-79.0462,43.14796],[-79.04679,43.14628],[-79.04705,43.14599],[-79.05022,43.14416],[-79.0556,43.14147],[-79.05561,43.14148]]]}},{"type":"Feature","properties":{"serie":"Peel","texture":"loam limono-argileux","code_texture":"SICL","drainage":"imparfait","pente":7,"classe_agricole":"3"},"geometry":{"type":"Polygon","coordinates":[[[-79.12794,43.15204],[-79.12776,43.15298],[-79.12897,43.15304],[-79.1293,43.15247],[-79.12976,43.15195],[-79.13035,43.15161],[-79.13112,43.1515],[-79.13254,43.1515],[-79.13207,43.15131],[-79.13167,43.151],[-79.1317,43.15071],[-79.13233,43.15062],[-79.13201,43.15019],[-79.13178,43.14966],[-79.13172,43.14922],[-79.1309,43.14934],[-79.13037,43.14958],[-79.12956,43.14951],[-79.12892,43.14977],[-79.12859,43.14973],[-79.12835,43.14992],[-79.12826,43.15034],[-79.12744,43.1504],[-79.12691,43.15071],[-79.12627,43.15066],[-79.12484,43.15152],[-79.12402,43.15146],[-79.12308,43.15106],[-79.1221,43.15095],[-79.12135,43.15127],[-79.12109,43.15156],[-79.12448,43.15243],[-79.12489,43.1521],[-79.12541,43.15201],[-79.12592,43.15225],[-79.12624,43.15223],[-79.12611,43.15166],[-79.12643,43.15109],[-79.12712,43.15099],[-79.12776,43.15133],[-79.12794,43.15204]]]}},{"type":"Feature","properties":{"serie":"Tavistock - Red Phase","texture":"VFSL","code_texture":"VFSL","drainage":"imparfait","pente":3.5,"classe_agricole":"2"},"geometry":{"type":"Polygon","coordinates":[[[-79.10831,43.14732],[-79.10912,43.14762],[-79.10955,43.14797],[-79.11025,43.1479],[-79.111,43.14699],[-79.11127,43.14682],[-79.1108,43.14633],[-79.11075,43.14615],[-79.11089,43.1458],[-79.11123,43.14534],[-79.11114,43.14503],[-79.11063,43.14511],[-79.10986,43.14584],[-79.10967,43.14624],[-79.10959,43.14707],[-79.10951,43.14719],[-79.10903,43.14719],[-79.1088,43.14689],[-79.10961,43.14571],[-79.10953,43.14538],[-79.10905,43.14533],[-79.10829,43.14561],[-79.10798,43.14594],[-79.10739,43.14688],[-79.10761,43.14696],[-79.10831,43.14732]]]}},{"type":"Feature","properties":{"serie":"Escarpment","texture":"roc","code_texture":"R","drainage":"rapide","pente":22.5,"classe_agricole":"7"},"geometry":{"type":"Polygon","coordinates":[[[-79.11626,43.14843],[-79.11701,43.14899],[-79.11742,43.14985],[-79.11766,43.15075],[-79.11936,43.15117],[-79.11961,43.15009],[-79.11975,43.14993],[-79.11946,43.14935],[-79.11891,43.14897],[-79.11893,43.14832],[-79.11852,43.14803],[-79.11771,43.14812],[-79.11704,43.14775],[-79.11639,43.14682],[-79.11578,43.1465],[-79.11474,43.14648],[-79.11549,43.14782],[-79.11626,43.14843]]]}},{"type":"Feature","properties":{"serie":"Cashel","texture":"loam limono-argileux","code_texture":"SICL","drainage":"modérément bon","pente":3.5,"classe_agricole":"2"},"geometry":{"type":"Polygon","coordinates":[[[-79.11475,43.14742],[-79.11401,43.14788],[-79.11478,43.14813],[-79.11495,43.14846],[-79.11554,43.14847],[-79.1162,43.14872],[-79.11655,43.14917],[-79.11668,43.14984],[-79.11656,43.15037],[-79.11766,43.15075],[-79.11742,43.14985],[-79.11701,43.14899],[-79.11549,43.14782],[-79.11508,43.14721],[-79.11475,43.14742]]]}},{"type":"Feature","properties":{"serie":"Water","texture":"NA","code_texture":"NA","drainage":null,"pente":-9,"classe_agricole":"W"},"geometry":{"type":"Polygon","coordinates":[[[-79.06711,43.14306],[-79.06122,43.14488],[-79.0591,43.14543],[-79.05711,43.14615],[-79.05669,43.14641],[-79.05459,43.14856],[-79.0536,43.14926],[-79.05086,43.15093],[-79.05066,43.15124],[-79.05133,43.15395],[-79.0515,43.15424],[-79.05455,43.15622],[-79.05498,43.15634],[-79.05545,43.15631],[-79.06467,43.15395],[-79.07311,43.15261],[-79.07345,43.15245],[-79.07657,43.15011],[-79.08112,43.14989],[-79.08397,43.14855],[-79.08466,43.14812],[-79.08504,43.14737],[-79.08528,43.14737],[-79.08504,43.14163],[-79.08463,43.14121],[-79.07864,43.13989],[-79.07798,43.13987],[-79.07511,43.14068],[-79.07484,43.14083],[-79.0743,43.14146],[-79.07407,43.14157],[-79.06937,43.14302],[-79.06814,43.14294],[-79.06711,43.14306]]]}},{"type":"Feature","properties":{"serie":"Chinguacousy","texture":"loam argileux","code_texture":"CL","drainage":"imparfait","pente":3.5,"classe_agricole":"2"},"geometry":{"type":"Polygon","coordinates":[[[-79.10941,43.14849],[-79.1147,43.1499],[-79.11434,43.1494],[-79.11302,43.14822],[-79.11164,43.14723],[-79.11127,43.14682],[-79.111,43.14699],[-79.11025,43.1479],[-79.10955,43.14797],[-79.10941,43.14849]]]}},{"type":"Feature","properties":{"serie":"Cashel","texture":"loam limono-argileux","code_texture":"SICL","drainage":"modérément bon","pente":22.5,"classe_agricole":"5"},"geometry":{"type":"Polygon","coordinates":[[[-79.11331,43.14788],[-79.11307,43.1481],[-79.11289,43.14813],[-79.11434,43.1494],[-79.1147,43.1499],[-79.11656,43.15037],[-79.11668,43.14984],[-79.11655,43.14917],[-79.1162,43.14872],[-79.11554,43.14847],[-79.11495,43.14846],[-79.11478,43.14813],[-79.1134,43.14774],[-79.11331,43.14788]]]}},{"type":"Feature","properties":{"serie":"Peel","texture":"loam limono-argileux","code_texture":"SICL","drainage":"imparfait","pente":3.5,"classe_agricole":"2"},"geometry":{"type":"Polygon","coordinates":[[[-79.12457,43.15233],[-79.12448,43.15243],[-79.12776,43.15298],[-79.12794,43.15204],[-79.12776,43.15133],[-79.12712,43.15099],[-79.12643,43.15109],[-79.12611,43.15166],[-79.12624,43.15223],[-79.12592,43.15225],[-79.12541,43.15201],[-79.12489,43.1521],[-79.12457,43.15233]]]}},{"type":"Feature","properties":{"serie":"Cashel","texture":"loam limono-argileux","code_texture":"SICL","drainage":"modérément bon","pente":12,"classe_agricole":"4"},"geometry":{"type":"Polygon","coordinates":[[[-79.11936,43.15117],[-79.12109,43.15156],[-79.12135,43.15127],[-79.1221,43.15095],[-79.12225,43.15097],[-79.12185,43.15019],[-79.12136,43.15],[-79.12012,43.15015],[-79.11975,43.14993],[-79.11961,43.15009],[-79.11948,43.15064],[-79.11936,43.15117]]]}},{"type":"Feature","properties":{"serie":"Oneida - Red Phase","texture":"loam argileux","code_texture":"CL","drainage":"modérément bon","pente":22.5,"classe_agricole":"5"},"geometry":{"type":"Polygon","coordinates":[[[-79.0927,43.14582],[-79.09236,43.14586],[-79.09184,43.14623],[-79.0917,43.14641],[-79.0919,43.14653],[-79.09272,43.14657],[-79.09323,43.14688],[-79.09438,43.14694],[-79.09479,43.1472],[-79.09654,43.14737],[-79.09677,43.14744],[-79.09712,43.14773],[-79.09759,43.14848],[-79.09843,43.14854],[-79.09898,43.14841],[-79.09956,43.14809],[-79.09911,43.14717],[-79.09852,43.1467],[-79.09644,43.14612],[-79.09505,43.14589],[-79.09339,43.14577],[-79.0927,43.14582]]]}},{"type":"Feature","properties":{"serie":"Chinguacousy","texture":"loam argileux","code_texture":"CL","drainage":"imparfait","pente":3.5,"classe_agricole":"2"},"geometry":{"type":"Polygon","coordinates":[[[-79.11309,43.15292],[-79.11507,43.15307],[-79.11629,43.15284],[-79.11604,43.152],[-79.11513,43.1507],[-79.10954,43.14923],[-79.10984,43.14932],[-79.10981,43.14955],[-79.10952,43.1498],[-79.1095,43.15041],[-79.10957,43.15047],[-79.11205,43.15029],[-79.11216,43.15217],[-79.11309,43.15292]]]}},{"type":"Feature","properties":{"serie":"Brant - Red Phase","texture":"loam limoneux","code_texture":"SIL","drainage":"bon","pente":3.5,"classe_agricole":"2"},"geometry":{"type":"Polygon","coordinates":[[[-79.0916,43.14726],[-79.0922,43.14765],[-79.09251,43.14776],[-79.09292,43.14768],[-79.09296,43.14722],[-79.09479,43.1472],[-79.09438,43.14694],[-79.09323,43.14688],[-79.09272,43.14657],[-79.0919,43.14653],[-79.0917,43.14641],[-79.09236,43.14586],[-79.09139,43.14601],[-79.0911,43.14619],[-79.09062,43.14687],[-79.09038,43.14706],[-79.09051,43.14725],[-79.09142,43.14723],[-79.0916,43.14726]]]}},{"type":"Feature","properties":{"serie":"Cashel","texture":"loam limono-argileux","code_texture":"SICL","drainage":"modérément bon","pente":12,"classe_agricole":"4"},"geometry":{"type":"Polygon","coordinates":[[[-79.11523,43.1509],[-79.11604,43.152],[-79.11629,43.15284],[-79.1169,43.15317],[-79.11746,43.15366],[-79.11755,43.15432],[-79.11749,43.15475],[-79.1191,43.15436],[-79.11919,43.15403],[-79.12045,43.15305],[-79.12096,43.15224],[-79.11513,43.1507],[-79.11523,43.1509]]]}},{"type":"Feature","properties":{"serie":"Oneida","texture":"loam argileux","code_texture":"CL","drainage":"modérément bon","pente":12,"classe_agricole":"4"},"geometry":{"type":"Polygon","coordinates":[[[-79.12754,43.15382],[-79.1275,43.15417],[-79.12737,43.15432],[-79.1275,43.15434],[-79.12766,43.1547],[-79.1286,43.15369],[-79.12757,43.15356],[-79.12754,43.15382]]]}},{"type":"Feature","properties":{"serie":"Cashel","texture":"loam limono-argileux","code_texture":"SICL","drainage":"modérément bon","pente":3.5,"classe_agricole":"2"},"geometry":{"type":"Polygon","coordinates":[[[-79.12071,43.1548],[-79.12168,43.15483],[-79.12237,43.15471],[-79.12332,43.15481],[-79.12319,43.15457],[-79.12368,43.15442],[-79.12449,43.15452],[-79.12702,43.15442],[-79.12737,43.15432],[-79.1275,43.15417],[-79.12757,43.15356],[-79.12498,43.15308],[-79.12435,43.15314],[-79.1227,43.15368],[-79.12118,43.15385],[-79.12141,43.15236],[-79.12096,43.15224],[-79.12045,43.15305],[-79.11919,43.15403],[-79.1191,43.15436],[-79.11951,43.15426],[-79.11956,43.1544],[-79.11982,43.15435],[-79.12023,43.15447],[-79.12071,43.1548]]]}},{"type":"Feature","properties":{"serie":"Escarpment","texture":"roc","code_texture":"R","drainage":"rapide","pente":22.5,"classe_agricole":"7"},"geometry":{"type":"Polygon","coordinates":[[[-79.06354,43.15679],[-79.05837,43.15854],[-79.05862,43.1594],[-79.06212,43.15855],[-79.06483,43.15734],[-79.06631,43.15681],[-79.06782,43.15641],[-79.06916,43.15633],[-79.07483,43.15653],[-79.07854,43.15689],[-79.08144,43.15757],[-79.08253,43.15809],[-79.08416,43.15869],[-79.08568,43.15849],[-79.08617,43.15822],[-79.08777,43.15767],[-79.09083,43.15716],[-79.09367,43.15626],[-79.09494,43.15573],[-79.09609,43.1549],[-79.09775,43.15389],[-79.0994,43.15275],[-79.09988,43.15216],[-79.10019,43.15158],[-79.10027,43.1509],[-79.09978,43.14992],[-79.09971,43.14901],[-79.09978,43.14881],[-79.09956,43.14809],[-79.09898,43.14841],[-79.09843,43.14854],[-79.09759,43.14848],[-79.09833,43.14976],[-79.09888,43.15045],[-79.09907,43.15106],[-79.09899,43.1516],[-79.09848,43.15221],[-79.09613,43.1538],[-79.09534,43.15418],[-79.09457,43.15434],[-79.09369,43.15432],[-79.09364,43.15482],[-79.09328,43.15527],[-79.09203,43.15499],[-79.09166,43.15528],[-79.09125,43.15544],[-79.09035,43.15542],[-79.08953,43.15583],[-79.0887,43.15606],[-79.08843,43.15602],[-79.08811,43.15649],[-79.0876,43.15668],[-79.08602,43.15699],[-79.08482,43.1571],[-79.08368,43.15681],[-79.08301,43.15614],[-79.08176,43.15621],[-79.07987,43.15588],[-79.07789,43.15537],[-79.0767,43.15527],[-79.0726,43.15532],[-79.07136,43.15551],[-79.07003,43.15538],[-79.06881,43.1557],[-79.06791,43.15566],[-79.06636,43.15587],[-79.06489,43.15629],[-79.06354,43.15679]]]}},{"type":"Feature","properties":{"serie":"Brant - Red Phase","texture":"loam limoneux","code_texture":"SIL","drainage":"bon","pente":3.5,"classe_agricole":"2"},"geometry":{"type":"Polygon","coordinates":[[[-79.08941,43.14811],[-79.08936,43.14866],[-79.08942,43.14916],[-79.08967,43.14948],[-79.09036,43.14973],[-79.09148,43.14963],[-79.09276,43.14936],[-79.09292,43.14768],[-79.0924,43.14775],[-79.0916,43.14726],[-79.09045,43.14723],[-79.09022,43.14647],[-79.08999,43.14639],[-79.08894,43.14675],[-79.08809,43.14731],[-79.08945,43.14733],[-79.08945,43.14768],[-79.08941,43.14811]]]}},{"type":"Feature","properties":{"serie":"Cashel","texture":"loam limono-argileux","code_texture":"SICL","drainage":"modérément bon","pente":7,"classe_agricole":"3"},"geometry":{"type":"Polygon","coordinates":[[[-79.12315,43.15957],[-79.12315,43.15989],[-79.12354,43.1594],[-79.12383,43.15926],[-79.12381,43.15895],[-79.12435,43.15851],[-79.12484,43.15781],[-79.12639,43.15662],[-79.12766,43.1547],[-79.1275,43.15434],[-79.1272,43.15435],[-79.12702,43.15442],[-79.1268,43.15483],[-79.12619,43.15532],[-79.12489,43.15565],[-79.12392,43.1569],[-79.12364,43.15687],[-79.1237,43.15617],[-79.12351,43.15598],[-79.12317,43.15615],[-79.12282,43.15651],[-79.12289,43.15725],[-79.12329,43.15808],[-79.12331,43.15885],[-79.12315,43.15957]]]}},{"type":"Feature","properties":{"serie":"Peel","texture":"loam limono-argileux","code_texture":"SICL","drainage":"imparfait","pente":3.5,"classe_agricole":"2"},"geometry":{"type":"Polygon","coordinates":[[[-79.12351,43.15598],[-79.1237,43.15617],[-79.12364,43.15687],[-79.12392,43.1569],[-79.12489,43.15565],[-79.12619,43.15532],[-79.1268,43.15483],[-79.12702,43.15442],[-79.1269,43.15439],[-79.12449,43.15452],[-79.12368,43.15442],[-79.12319,43.15457],[-79.12338,43.15492],[-79.12383,43.1553],[-79.1236,43.15582],[-79.12351,43.15598]]]}},{"type":"Feature","properties":{"serie":"Beverly - Loamy Phase","texture":"loam limoneux","code_texture":"SIL","drainage":"imparfait","pente":3.5,"classe_agricole":"2"},"geometry":{"type":"Polygon","coordinates":[[[-79.11692,43.15469],[-79.11704,43.15485],[-79.11749,43.15475],[-79.11755,43.15432],[-79.11746,43.15366],[-79.11646,43.1529],[-79.11629,43.15284],[-79.11507,43.15307],[-79.11309,43.15292],[-79.11216,43.15217],[-79.11212,43.15239],[-79.10963,43.15241],[-79.10945,43.15264],[-79.10944,43.15308],[-79.10955,43.15306],[-79.10958,43.15336],[-79.11203,43.15326],[-79.11207,43.15443],[-79.11298,43.15441],[-79.11393,43.15466],[-79.1164,43.15452],[-79.11692,43.15469]]]}},{"type":"Feature","properties":{"serie":"Beverly - Loamy Red Phase","texture":"loam limoneux","code_texture":"SIL","drainage":"imparfait","pente":3.5,"classe_agricole":"2"},"geometry":{"type":"Polygon","coordinates":[[[-79.12141,43.15879],[-79.12194,43.15927],[-79.12246,43.1595],[-79.12315,43.15957],[-79.12331,43.15885],[-79.12329,43.15808],[-79.12289,43.15725],[-79.12282,43.15651],[-79.12317,43.15615],[-79.12351,43.15598],[-79.12383,43.1553],[-79.12332,43.15481],[-79.12237,43.15471],[-79.12168,43.15483],[-79.12071,43.1548],[-79.12023,43.15447],[-79.11982,43.15435],[-79.11956,43.1544],[-79.11975,43.15505],[-79.11845,43.15534],[-79.11884,43.15626],[-79.11867,43.1578],[-79.12087,43.15767],[-79.12077,43.1575],[-79.12104,43.15735],[-79.12159,43.15746],[-79.12199,43.15773],[-79.12213,43.15824],[-79.12161,43.15873],[-79.12141,43.15879]]]}},{"type":"Feature","properties":{"serie":"Not Mapped","texture":"NA","code_texture":"NA","drainage":null,"pente":-9,"classe_agricole":"0"},"geometry":{"type":"Polygon","coordinates":[[[-79.11704,43.15485],[-79.11489,43.15537],[-79.11521,43.15608],[-79.116,43.15591],[-79.11622,43.1564],[-79.11709,43.15619],[-79.11693,43.1557],[-79.11975,43.15505],[-79.11951,43.15426],[-79.11749,43.15475],[-79.11704,43.15485]]]}},{"type":"Feature","properties":{"serie":"Not Mapped","texture":"NA","code_texture":"NA","drainage":null,"pente":-9,"classe_agricole":"0"},"geometry":{"type":"Polygon","coordinates":[[[-79.05553,43.14151],[-79.05022,43.14416],[-79.04705,43.14599],[-79.04682,43.14622],[-79.0462,43.14796],[-79.04866,43.14783],[-79.05227,43.14687],[-79.05252,43.14666],[-79.0556,43.14147],[-79.05553,43.14151]]]}},{"type":"Feature","properties":{"serie":"Beverly - Loamy Phase","texture":"loam limoneux","code_texture":"SIL","drainage":"imparfait","pente":1.2,"classe_agricole":"2"},"geometry":{"type":"Polygon","coordinates":[[[-79.11453,43.15789],[-79.11546,43.15784],[-79.11543,43.1575],[-79.11567,43.1573],[-79.1172,43.15734],[-79.11736,43.15657],[-79.11719,43.15625],[-79.11709,43.15619],[-79.11622,43.1564],[-79.116,43.15591],[-79.11521,43.15608],[-79.11489,43.15537],[-79.11704,43.15485],[-79.11692,43.15469],[-79.1164,43.15452],[-79.11393,43.15466],[-79.11298,43.15441],[-79.11132,43.15454],[-79.11136,43.15482],[-79.10939,43.15491],[-79.10936,43.15602],[-79.11002,43.156],[-79.11005,43.15651],[-79.11131,43.15622],[-79.11113,43.15585],[-79.11225,43.15556],[-79.11248,43.15594],[-79.11313,43.15575],[-79.11322,43.15688],[-79.11332,43.15687],[-79.11332,43.15638],[-79.11448,43.15639],[-79.11453,43.15789]]]}},{"type":"Feature","properties":{"serie":"Cashel","texture":"loam limono-argileux","code_texture":"SICL","drainage":"modérément bon","pente":12,"classe_agricole":"4"},"geometry":{"type":"Polygon","coordinates":[[[-79.11811,43.15762],[-79.11826,43.15777],[-79.11868,43.15757],[-79.11884,43.15626],[-79.11845,43.15534],[-79.11693,43.1557],[-79.11709,43.15619],[-79.11736,43.15657],[-79.1172,43.15734],[-79.11752,43.15746],[-79.11753,43.15761],[-79.11793,43.15747],[-79.11811,43.15762]]]}},{"type":"Feature","properties":{"serie":"Peel","texture":"loam limono-argileux","code_texture":"SICL","drainage":"imparfait","pente":3.5,"classe_agricole":"2"},"geometry":{"type":"Polygon","coordinates":[[[-79.11837,43.16047],[-79.1185,43.16071],[-79.11953,43.16054],[-79.12012,43.15924],[-79.12084,43.15893],[-79.12161,43.15873],[-79.12213,43.15824],[-79.12199,43.15773],[-79.12159,43.15746],[-79.12104,43.15735],[-79.12077,43.1575],[-79.12112,43.1581],[-79.12111,43.15836],[-79.11866,43.15844],[-79.11799,43.15897],[-79.11735,43.15976],[-79.11807,43.16012],[-79.11837,43.16047]]]}},{"type":"Feature","properties":{"serie":"Not Mapped","texture":"NA","code_texture":"NA","drainage":null,"pente":-9,"classe_agricole":"0"},"geometry":{"type":"Polygon","coordinates":[[[-79.11866,43.15844],[-79.12111,43.15836],[-79.12112,43.1581],[-79.12087,43.15767],[-79.11867,43.1578],[-79.11865,43.15808],[-79.11866,43.15844]]]}},{"type":"Feature","properties":{"serie":"Chinguacousy","texture":"loam argileux","code_texture":"CL","drainage":"imparfait","pente":3.5,"classe_agricole":"2"},"geometry":{"type":"Polygon","coordinates":[[[-79.09324,43.15805],[-79.09358,43.15838],[-79.09331,43.1586],[-79.09308,43.15899],[-79.09321,43.15907],[-79.09332,43.15913],[-79.09373,43.159],[-79.09435,43.15869],[-79.09448,43.15818],[-79.09369,43.15741],[-79.0939,43.15688],[-79.0956,43.15601],[-79.09554,43.15534],[-79.09494,43.15573],[-79.09367,43.15626],[-79.09083,43.15716],[-79.08777,43.15767],[-79.08617,43.15822],[-79.08568,43.15849],[-79.08861,43.15845],[-79.08861,43.15817],[-79.08895,43.15797],[-79.09211,43.15801],[-79.09283,43.15789],[-79.09324,43.15805]]]}},{"type":"Feature","properties":{"serie":"Tavistock","texture":"loam","code_texture":"L","drainage":"imparfait","pente":1.2,"classe_agricole":"1"},"geometry":{"type":"Polygon","coordinates":[[[-79.09532,43.15615],[-79.0939,43.15688],[-79.09369,43.15741],[-79.09448,43.15818],[-79.09431,43.15915],[-79.0946,43.15937],[-79.09548,43.15933],[-79.09558,43.15924],[-79.0956,43.15601],[-79.09532,43.15615]]]}},{"type":"Feature","properties":{"serie":"Farmington - Very Shallow Phase","texture":"loam","code_texture":"L","drainage":"rapide","pente":7,"classe_agricole":"4"},"geometry":{"type":"Polygon","coordinates":[[[-79.08368,43.15681],[-79.08482,43.1571],[-79.08602,43.15699],[-79.0876,43.15668],[-79.08811,43.15649],[-79.08843,43.15602],[-79.08791,43.15594],[-79.08753,43.15541],[-79.08733,43.15528],[-79.08673,43.1553],[-79.08632,43.15636],[-79.08585,43.15654],[-79.08526,43.15655],[-79.08478,43.15608],[-79.0842,43.156],[-79.08301,43.15614],[-79.0831,43.15631],[-79.08368,43.15681]]]}},{"type":"Feature","properties":{"serie":"Not Mapped","texture":"NA","code_texture":"NA","drainage":null,"pente":-9,"classe_agricole":"0"},"geometry":{"type":"Polygon","coordinates":[[[-79.08997,43.15911],[-79.0905,43.1589],[-79.09195,43.15874],[-79.09243,43.15901],[-79.09296,43.15917],[-79.09321,43.15907],[-79.09308,43.15899],[-79.09331,43.1586],[-79.09358,43.15838],[-79.09324,43.15805],[-79.09283,43.15789],[-79.09211,43.15801],[-79.08895,43.15797],[-79.08861,43.15817],[-79.08858,43.15855],[-79.08838,43.15863],[-79.08826,43.15899],[-79.08977,43.15908],[-79.08997,43.15911]]]}},{"type":"Feature","properties":{"serie":"Franktown - Shallow Phase","texture":"loam","code_texture":"L","drainage":"imparfait","pente":1.2,"classe_agricole":"3"},"geometry":{"type":"Polygon","coordinates":[[[-79.05794,43.15707],[-79.05837,43.15854],[-79.05928,43.15818],[-79.06255,43.15719],[-79.06489,43.15629],[-79.06636,43.15587],[-79.06791,43.15566],[-79.06881,43.1557],[-79.07003,43.15538],[-79.07136,43.15551],[-79.0726,43.15532],[-79.0723,43.15397],[-79.05794,43.15707]]]}},{"type":"Feature","properties":{"serie":"Chinguacousy - Red Phase","texture":"loam argileux","code_texture":"CL","drainage":"imparfait","pente":3.5,"classe_agricole":"2"},"geometry":{"type":"Polygon","coordinates":[[[-79.07265,43.15813],[-79.07314,43.15809],[-79.07404,43.15827],[-79.07493,43.15879],[-79.07559,43.15859],[-79.07721,43.15865],[-79.07757,43.15818],[-79.07831,43.15848],[-79.07916,43.15815],[-79.07988,43.15852],[-79.08056,43.15852],[-79.08129,43.15836],[-79.08179,43.15883],[-79.08194,43.15914],[-79.08416,43.15869],[-79.08253,43.15809],[-79.08144,43.15757],[-79.07965,43.15711],[-79.07854,43.15689],[-79.07483,43.15653],[-79.0719,43.15645],[-79.07201,43.15809],[-79.07265,43.15813]]]}},{"type":"Feature","properties":{"serie":"Chinguacousy - Washed Phase","texture":"loam","code_texture":"L","drainage":"imparfait","pente":1.2,"classe_agricole":"1"},"geometry":{"type":"Polygon","coordinates":[[[-79.07419,43.1594],[-79.07477,43.15959],[-79.07546,43.1592],[-79.07597,43.15951],[-79.07651,43.15926],[-79.07674,43.15937],[-79.07706,43.15983],[-79.07775,43.16008],[-79.07852,43.16007],[-79.08069,43.15968],[-79.08194,43.15914],[-79.08179,43.15883],[-79.08129,43.15836],[-79.08056,43.15852],[-79.07988,43.15852],[-79.07916,43.15815],[-79.07831,43.15848],[-79.07757,43.15818],[-79.07721,43.15865],[-79.07559,43.15859],[-79.07493,43.15879],[-79.07404,43.15827],[-79.07314,43.15809],[-79.07265,43.15813],[-79.07271,43.15861],[-79.07413,43.15861],[-79.07419,43.1594]]]}},{"type":"Feature","properties":{"serie":"Oneida - Red Phase","texture":"loam argileux","code_texture":"CL","drainage":"modérément bon","pente":37.5,"classe_agricole":"6"},"geometry":{"type":"Polygon","coordinates":[[[-79.06672,43.1576],[-79.06659,43.15785],[-79.06708,43.15803],[-79.0681,43.15812],[-79.06879,43.15845],[-79.06968,43.15831],[-79.07046,43.15771],[-79.07093,43.15773],[-79.07104,43.15864],[-79.07172,43.1586],[-79.07201,43.15838],[-79.0719,43.15645],[-79.0705,43.1564],[-79.07043,43.15701],[-79.07004,43.15737],[-79.06956,43.15757],[-79.06881,43.15754],[-79.06725,43.1573],[-79.06677,43.15749],[-79.06672,43.1576]]]}},{"type":"Feature","properties":{"serie":"Oneida - Red Phase","texture":"loam argileux","code_texture":"CL","drainage":"modérément bon","pente":12,"classe_agricole":"4"},"geometry":{"type":"Polygon","coordinates":[[[-79.06539,43.15713],[-79.06531,43.15773],[-79.0657,43.15783],[-79.06672,43.1576],[-79.06677,43.15749],[-79.06864,43.15673],[-79.06942,43.15668],[-79.07044,43.15679],[-79.0705,43.1564],[-79.06916,43.15633],[-79.06782,43.15641],[-79.06631,43.15681],[-79.06539,43.15713]]]}},{"type":"Feature","properties":{"serie":"Oneida - Red Phase","texture":"loam argileux","code_texture":"CL","drainage":"modérément bon","pente":7,"classe_agricole":"3"},"geometry":{"type":"Polygon","coordinates":[[[-79.06725,43.1573],[-79.06881,43.15754],[-79.06956,43.15757],[-79.07004,43.15737],[-79.07043,43.15701],[-79.07044,43.15679],[-79.06942,43.15668],[-79.06864,43.15673],[-79.06804,43.15694],[-79.06725,43.1573]]]}},{"type":"Feature","properties":{"serie":"Chinguacousy - Red Phase","texture":"loam argileux","code_texture":"CL","drainage":"imparfait","pente":3.5,"classe_agricole":"2"},"geometry":{"type":"Polygon","coordinates":[[[-79.06212,43.15855],[-79.05862,43.1594],[-79.05868,43.15958],[-79.05541,43.161],[-79.05563,43.16128],[-79.05637,43.16142],[-79.05768,43.16107],[-79.05749,43.16069],[-79.05875,43.16034],[-79.0586,43.15999],[-79.0644,43.15831],[-79.06489,43.15933],[-79.06512,43.15943],[-79.0657,43.15947],[-79.06634,43.15942],[-79.06671,43.15969],[-79.06707,43.15963],[-79.0675,43.15932],[-79.06795,43.15951],[-79.06921,43.15937],[-79.06932,43.15871],[-79.07104,43.15864],[-79.07093,43.15773],[-79.07046,43.15771],[-79.06968,43.15831],[-79.06879,43.15845],[-79.0681,43.15812],[-79.06708,43.15803],[-79.06659,43.15785],[-79.06672,43.1576],[-79.0657,43.15783],[-79.06531,43.15773],[-79.06539,43.15713],[-79.06349,43.15799],[-79.06212,43.15855]]]}},{"type":"Feature","properties":{"serie":"Not Mapped","texture":"NA","code_texture":"NA","drainage":null,"pente":-9,"classe_agricole":"0"},"geometry":{"type":"Polygon","coordinates":[[[-79.06921,43.15937],[-79.07419,43.1594],[-79.07413,43.15861],[-79.07271,43.15861],[-79.07265,43.15813],[-79.07201,43.15809],[-79.07201,43.15838],[-79.07172,43.1586],[-79.06932,43.15871],[-79.06921,43.15937]]]}},{"type":"Feature","properties":{"serie":"Jeddo","texture":"loam argileux","code_texture":"CL","drainage":"pauvre","pente":1.2,"classe_agricole":"3"},"geometry":{"type":"Polygon","coordinates":[[[-79.09272,43.19645],[-79.09263,43.1967],[-79.09261,43.1974],[-79.09286,43.1981],[-79.09195,43.19968],[-79.09193,43.20094],[-79.09206,43.20152],[-79.09302,43.20239],[-79.09346,43.20316],[-79.09447,43.20303],[-79.09428,43.20273],[-79.09443,43.20187],[-79.09518,43.2011],[-79.0969,43.1998],[-79.0975,43.19904],[-79.09892,43.19796],[-79.09909,43.19749],[-79.09872,43.19733],[-79.0986,43.19612],[-79.09809,43.19487],[-79.09794,43.19483],[-79.09769,43.19485],[-79.09753,43.19503],[-79.0971,43.19595],[-79.09669,43.19636],[-79.09612,43.19667],[-79.09563,43.1968],[-79.09524,43.1968],[-79.09493,43.19665],[-79.09487,43.19627],[-79.09513,43.19586],[-79.09562,43.19538],[-79.096,43.19468],[-79.0958,43.19416],[-79.09454,43.19327],[-79.09432,43.1929],[-79.09457,43.1924],[-79.09496,43.192],[-79.09423,43.19144],[-79.09364,43.19072],[-79.09339,43.18986],[-79.09319,43.18808],[-79.09309,43.18771],[-79.09276,43.18725],[-79.09301,43.18688],[-79.09297,43.18635],[-79.09266,43.18558],[-79.0927,43.18492],[-79.09179,43.18367],[-79.09153,43.18263],[-79.09097,43.18176],[-79.09033,43.18155],[-79.09009,43.18156],[-79.0907,43.18264],[-79.08975,43.18301],[-79.08997,43.18329],[-79.09058,43.18342],[-79.09053,43.18381],[-79.09027,43.18437],[-79.09113,43.18465],[-79.09142,43.18514],[-79.09103,43.18565],[-79.08994,43.18638],[-79.09001,43.18666],[-79.09073,43.18695],[-79.09128,43.18747],[-79.0918,43.18815],[-79.09277,43.18987],[-79.09297,43.19072],[-79.09293,43.19144],[-79.09268,43.19214],[-79.09228,43.19243],[-79.09202,43.19239],[-79.0919,43.19212],[-79.09185,43.19081],[-79.09148,43.19022],[-79.09074,43.18948],[-79.08784,43.18731],[-79.08755,43.18683],[-79.0875,43.18603],[-79.08728,43.18491],[-79.08659,43.18433],[-79.08508,43.1844],[-79.08462,43.18449],[-79.08435,43.18469],[-79.08398,43.18535],[-79.08433,43.18592],[-79.08604,43.18647],[-79.0869,43.18694],[-79.0872,43.18748],[-79.08726,43.18789],[-79.08748,43.18811],[-79.08868,43.18897],[-79.08956,43.18935],[-79.09028,43.19018],[-79.09081,43.19101],[-79.09088,43.19182],[-79.09068,43.19228],[-79.09072,43.19296],[-79.09063,43.19387],[-79.09116,43.19452],[-79.09222,43.19455],[-79.09289,43.19502],[-79.09293,43.1958],[-79.09275,43.19634],[-79.09272,43.19645]],[[-79.09608,43.19752],[-79.09662,43.19732],[-79.09663,43.19767],[-79.09618,43.19818],[-79.09669,43.19867],[-79.09666,43.19921],[-79.09464,43.20129],[-79.09422,43.20149],[-79.09393,43.20142],[-79.0938,43.20129],[-79.09377,43.20089],[-79.09344,43.20003],[-79.0941,43.19935],[-79.09455,43.19857],[-79.09542,43.19806],[-79.09608,43.19752]]]}},{"type":"Feature","properties":{"serie":"Toledo","texture":"loam limono-argileux","code_texture":"SICL","drainage":"pauvre","pente":1.2,"classe_agricole":"3"},"geometry":{"type":"Polygon","coordinates":[[[-79.08816,43.17173],[-79.08836,43.1723],[-79.08894,43.17246],[-79.08948,43.17278],[-79.08961,43.17409],[-79.09003,43.1751],[-79.09039,43.17558],[-79.09059,43.1754],[-79.09103,43.17522],[-79.09093,43.17469],[-79.09108,43.17382],[-79.09056,43.17297],[-79.09033,43.17234],[-79.09058,43.17185],[-79.09202,43.17102],[-79.0924,43.17033],[-79.09291,43.17006],[-79.09338,43.17042],[-79.09398,43.17032],[-79.09432,43.17045],[-79.0945,43.17077],[-79.09653,43.17057],[-79.09784,43.16996],[-79.09892,43.16896],[-79.09973,43.16789],[-79.1008,43.16674],[-79.10133,43.16576],[-79.1011,43.16506],[-79.09967,43.16418],[-79.09966,43.16399],[-79.09735,43.16403],[-79.0974,43.16572],[-79.09569,43.16571],[-79.09567,43.16412],[-79.09528,43.16408],[-79.09464,43.1638],[-79.09412,43.16317],[-79.09379,43.16257],[-79.0932,43.16234],[-79.09259,43.16163],[-79.09229,43.16085],[-79.09226,43.15986],[-79.09091,43.15963],[-79.08924,43.15986],[-79.08909,43.1597],[-79.08862,43.15951],[-79.08775,43.15979],[-79.0871,43.15977],[-79.08538,43.15994],[-79.08451,43.15978],[-79.08366,43.15983],[-79.08364,43.16005],[-79.08342,43.16045],[-79.0825,43.16123],[-79.08266,43.16417],[-79.08306,43.16441],[-79.08454,43.16482],[-79.08446,43.16532],[-79.08376,43.16556],[-79.08273,43.16573],[-79.08275,43.16597],[-79.08119,43.16606],[-79.08141,43.16629],[-79.08266,43.16656],[-79.08299,43.16685],[-79.08372,43.16693],[-79.08521,43.16758],[-79.08562,43.16801],[-79.08575,43.1689],[-79.08554,43.16992],[-79.08643,43.17153],[-79.08717,43.17131],[-79.08781,43.17128],[-79.08816,43.17173]],[[-79.09104,43.17033],[-79.09068,43.17049],[-79.09,43.1703],[-79.08689,43.17007],[-79.08646,43.16968],[-79.08665,43.16922],[-79.08655,43.16808],[-79.08678,43.16793],[-79.08678,43.16736],[-79.08693,43.16678],[-79.08621,43.16606],[-79.08627,43.16521],[-79.08692,43.16541],[-79.08743,43.16627],[-79.08889,43.16688],[-79.08904,43.16737],[-79.08906,43.16778],[-79.08881,43.16847],[-79.08797,43.16898],[-79.08752,43.16952],[-79.08825,43.16972],[-79.09019,43.16973],[-79.09088,43.16995],[-79.09104,43.17033]]]}},{"type":"Feature","properties":{"serie":"Vineland","texture":"VFSL","code_texture":"VFSL","drainage":"imparfait","pente":1.2,"classe_agricole":"1"},"geometry":{"type":"Polygon","coordinates":[[[-79.08926,43.18024],[-79.09013,43.18046],[-79.09129,43.18106],[-79.09226,43.18191],[-79.09293,43.18286],[-79.09353,43.18401],[-79.0945,43.18456],[-79.09532,43.18532],[-79.09546,43.18615],[-79.09606,43.18529],[-79.0956,43.18433],[-79.09487,43.1833],[-79.0949,43.18238],[-79.09404,43.18203],[-79.09382,43.18114],[-79.09316,43.18079],[-79.09212,43.18042],[-79.09174,43.1795],[-79.09096,43.17949],[-79.08984,43.17973],[-79.08907,43.17952],[-79.08935,43.17889],[-79.09012,43.17866],[-79.09007,43.17819],[-79.08917,43.17797],[-79.08901,43.17772],[-79.08826,43.17798],[-79.0879,43.1786],[-79.08783,43.1794],[-79.0882,43.17994],[-79.08926,43.18024]]]}},{"type":"Feature","properties":{"serie":"Vineland","texture":"VFSL","code_texture":"VFSL","drainage":"imparfait","pente":1.2,"classe_agricole":"1"},"geometry":{"type":"Polygon","coordinates":[[[-79.09309,43.18771],[-79.09327,43.18791],[-79.09365,43.1881],[-79.09429,43.18799],[-79.09476,43.1875],[-79.09533,43.18677],[-79.09512,43.18661],[-79.09546,43.18615],[-79.09532,43.18532],[-79.0945,43.18456],[-79.09353,43.18401],[-79.09293,43.18286],[-79.09226,43.18191],[-79.09129,43.18106],[-79.09013,43.18046],[-79.08926,43.18024],[-79.08914,43.18057],[-79.0893,43.1809],[-79.08982,43.18124],[-79.09009,43.18156],[-79.09033,43.18155],[-79.09097,43.18176],[-79.09153,43.18263],[-79.09179,43.18367],[-79.0927,43.18492],[-79.09266,43.18558],[-79.09297,43.18635],[-79.09301,43.18688],[-79.09276,43.18725],[-79.09309,43.18771]]]}},{"type":"Feature","properties":{"serie":"Tavistock","texture":"loam","code_texture":"L","drainage":"imparfait","pente":3.5,"classe_agricole":"2"},"geometry":{"type":"Polygon","coordinates":[[[-79.09345,43.18095],[-79.09374,43.18066],[-79.09508,43.18105],[-79.09554,43.18094],[-79.09535,43.17945],[-79.09396,43.17651],[-79.09319,43.17617],[-79.09272,43.17547],[-79.0919,43.1756],[-79.09127,43.17545],[-79.09103,43.17522],[-79.09059,43.1754],[-79.09039,43.17558],[-79.09148,43.17609],[-79.09193,43.17681],[-79.09277,43.17732],[-79.09364,43.17899],[-79.09386,43.18004],[-79.0935,43.18034],[-79.0927,43.17985],[-79.09224,43.17894],[-79.09145,43.17811],[-79.09035,43.17741],[-79.08925,43.17715],[-79.08882,43.17743],[-79.08917,43.17797],[-79.09007,43.17819],[-79.09012,43.17866],[-79.08935,43.17889],[-79.08907,43.17952],[-79.08984,43.17973],[-79.09096,43.17949],[-79.09174,43.1795],[-79.09212,43.18042],[-79.09316,43.18079],[-79.09345,43.18095]]]}},{"type":"Feature","properties":{"serie":"Beverly - Loamy Phase","texture":"loam limoneux","code_texture":"SIL","drainage":"imparfait","pente":1.2,"classe_agricole":"2"},"geometry":{"type":"Polygon","coordinates":[[[-79.09229,43.16085],[-79.09259,43.16163],[-79.0932,43.16234],[-79.09379,43.16257],[-79.09412,43.16317],[-79.09464,43.1638],[-79.09528,43.16408],[-79.09567,43.16412],[-79.09567,43.16383],[-79.09742,43.16372],[-79.09728,43.1614],[-79.09808,43.16138],[-79.09809,43.16022],[-79.09785,43.16012],[-79.09682,43.16053],[-79.09567,43.1607],[-79.09453,43.16049],[-79.09353,43.16009],[-79.09261,43.15989],[-79.09226,43.15986],[-79.09225,43.1601],[-79.09229,43.16085]]]}},{"type":"Feature","properties":{"serie":"Beverly","texture":"loam limono-argileux","code_texture":"SICL","drainage":"imparfait","pente":3.5,"classe_agricole":"2"},"geometry":{"type":"Polygon","coordinates":[[[-79.09453,43.16049],[-79.09567,43.1607],[-79.09682,43.16053],[-79.09763,43.16025],[-79.09785,43.16012],[-79.09757,43.15994],[-79.09727,43.16005],[-79.09662,43.15999],[-79.09639,43.15957],[-79.09615,43.15977],[-79.09596,43.16015],[-79.09567,43.16014],[-79.09511,43.1598],[-79.09427,43.15974],[-79.09364,43.15947],[-79.09272,43.15954],[-79.0887,43.15896],[-79.0878,43.15909],[-79.08381,43.1592],[-79.0834,43.15935],[-79.08366,43.15983],[-79.08451,43.15978],[-79.08538,43.15994],[-79.0871,43.15977],[-79.08775,43.15979],[-79.08862,43.15951],[-79.08909,43.1597],[-79.08924,43.15986],[-79.09091,43.15963],[-79.09353,43.16009],[-79.09453,43.16049]]]}},{"type":"Feature","properties":{"serie":"Oneida - Red Phase","texture":"loam argileux","code_texture":"CL","drainage":"modérément bon","pente":22.5,"classe_agricole":"5"},"geometry":{"type":"Polygon","coordinates":[[[-79.09427,43.15974],[-79.09511,43.1598],[-79.09567,43.16014],[-79.09596,43.16015],[-79.09615,43.15977],[-79.09639,43.15957],[-79.09662,43.15999],[-79.09727,43.16005],[-79.09757,43.15994],[-79.0974,43.15978],[-79.09768,43.15962],[-79.09777,43.15927],[-79.09767,43.15903],[-79.0972,43.15941],[-79.09681,43.15939],[-79.09691,43.159],[-79.09635,43.15887],[-79.09584,43.15901],[-79.09548,43.15933],[-79.0946,43.15937],[-79.09431,43.15915],[-79.09435,43.15869],[-79.09373,43.159],[-79.09296,43.15917],[-79.09243,43.15901],[-79.09195,43.15874],[-79.09122,43.15877],[-79.08997,43.15911],[-79.09272,43.15954],[-79.09364,43.15947],[-79.09427,43.15974]]]}},{"type":"Feature","properties":{"serie":"Chinguacousy","texture":"loam argileux","code_texture":"CL","drainage":"imparfait","pente":3.5,"classe_agricole":"2"},"geometry":{"type":"Polygon","coordinates":[[[-79.08854,43.18781],[-79.09074,43.18948],[-79.09234,43.18902],[-79.09128,43.18747],[-79.09095,43.18715],[-79.09041,43.18806],[-79.08987,43.18802],[-79.0892,43.18779],[-79.08854,43.18781]]]}},{"type":"Feature","properties":{"serie":"Tavistock","texture":"loam","code_texture":"L","drainage":"imparfait","pente":1.2,"classe_agricole":"1"},"geometry":{"type":"Polygon","coordinates":[[[-79.08902,43.1773],[-79.08925,43.17715],[-79.09035,43.17741],[-79.09145,43.17811],[-79.09224,43.17894],[-79.0927,43.17985],[-79.0935,43.18034],[-79.09386,43.18004],[-79.09364,43.17899],[-79.09277,43.17732],[-79.09193,43.17681],[-79.09148,43.17609],[-79.09039,43.17558],[-79.09003,43.1751],[-79.08968,43.17426],[-79.08924,43.1745],[-79.08921,43.17507],[-79.08883,43.17577],[-79.0877,43.17653],[-79.08854,43.1771],[-79.08902,43.1773]]]}},{"type":"Feature","properties":{"serie":"Tavistock - Till Red Phase","texture":"VFSL","code_texture":"VFSL","drainage":"imparfait","pente":1.2,"classe_agricole":"1"},"geometry":{"type":"Polygon","coordinates":[[[-79.08986,43.192],[-79.09004,43.19224],[-79.09075,43.19212],[-79.09088,43.19182],[-79.09081,43.19101],[-79.09028,43.19018],[-79.08956,43.18935],[-79.08868,43.18897],[-79.08748,43.18811],[-79.08726,43.18789],[-79.0872,43.18748],[-79.0869,43.18694],[-79.08604,43.18647],[-79.08433,43.18592],[-79.08398,43.18535],[-79.08411,43.18513],[-79.08334,43.18474],[-79.08196,43.18374],[-79.08135,43.18349],[-79.08081,43.18347],[-79.07954,43.18395],[-79.07897,43.1838],[-79.07854,43.18381],[-79.07801,43.18399],[-79.07748,43.18435],[-79.07721,43.18481],[-79.07713,43.18536],[-79.0767,43.18659],[-79.07639,43.18685],[-79.07585,43.18709],[-79.07641,43.18807],[-79.07677,43.18838],[-79.07754,43.18822],[-79.07806,43.18856],[-79.07864,43.18846],[-79.07856,43.18778],[-79.07893,43.18728],[-79.07968,43.18733],[-79.08046,43.18755],[-79.08096,43.18713],[-79.08179,43.18665],[-79.08265,43.187],[-79.08349,43.18699],[-79.08476,43.18722],[-79.08644,43.18725],[-79.08633,43.18769],[-79.08507,43.18796],[-79.08514,43.18847],[-79.08771,43.19055],[-79.08795,43.19041],[-79.08765,43.18985],[-79.08808,43.18954],[-79.08875,43.18988],[-79.08952,43.19063],[-79.09,43.19144],[-79.08993,43.1917],[-79.08986,43.192]]]}},{"type":"Feature","properties":{"serie":"Tavistock - Till Red Phase","texture":"VFSL","code_texture":"VFSL","drainage":"imparfait","pente":1.2,"classe_agricole":"1"},"geometry":{"type":"Polygon","coordinates":[[[-79.08854,43.18781],[-79.0892,43.18779],[-79.08987,43.18802],[-79.09041,43.18806],[-79.09095,43.18715],[-79.09073,43.18695],[-79.09001,43.18666],[-79.08994,43.18638],[-79.09103,43.18565],[-79.09142,43.18514],[-79.09113,43.18465],[-79.09027,43.18437],[-79.09053,43.18381],[-79.09058,43.18342],[-79.08997,43.18329],[-79.08975,43.18301],[-79.0907,43.18264],[-79.09009,43.18156],[-79.08885,43.18175],[-79.08788,43.18237],[-79.08539,43.18438],[-79.08659,43.18433],[-79.08728,43.18491],[-79.0875,43.18603],[-79.08755,43.18683],[-79.08784,43.18731],[-79.08839,43.18769],[-79.08854,43.18781]]]}},{"type":"Feature","properties":{"serie":"Vineland","texture":"VFSL","code_texture":"VFSL","drainage":"imparfait","pente":1.2,"classe_agricole":"1"},"geometry":{"type":"Polygon","coordinates":[[[-79.07484,43.18614],[-79.07461,43.18704],[-79.07479,43.18759],[-79.07538,43.18813],[-79.07742,43.18955],[-79.07797,43.19051],[-79.07869,43.1915],[-79.08068,43.19298],[-79.08145,43.19391],[-79.08206,43.1943],[-79.08234,43.1944],[-79.08239,43.19417],[-79.08281,43.19364],[-79.08345,43.19208],[-79.08404,43.1916],[-79.08491,43.19145],[-79.08707,43.19215],[-79.08875,43.19242],[-79.08955,43.19242],[-79.09004,43.19224],[-79.08986,43.192],[-79.08933,43.19197],[-79.08882,43.19138],[-79.0879,43.19127],[-79.08687,43.19088],[-79.08598,43.18996],[-79.08494,43.18935],[-79.08449,43.18858],[-79.0842,43.18707],[-79.08265,43.187],[-79.08179,43.18665],[-79.08096,43.18713],[-79.08046,43.18755],[-79.07968,43.18733],[-79.07893,43.18728],[-79.07856,43.18778],[-79.07864,43.18846],[-79.07806,43.18856],[-79.07754,43.18822],[-79.07677,43.18838],[-79.07641,43.18807],[-79.07541,43.18648],[-79.07507,43.18622],[-79.07484,43.18614]]]}},{"type":"Feature","properties":{"serie":"Tavistock - Till Red Phase","texture":"VFSL","code_texture":"VFSL","drainage":"imparfait","pente":3.5,"classe_agricole":"2"},"geometry":{"type":"Polygon","coordinates":[[[-79.08422,43.18717],[-79.08449,43.18858],[-79.08494,43.18935],[-79.08598,43.18996],[-79.08687,43.19088],[-79.0879,43.19127],[-79.08882,43.19138],[-79.08933,43.19197],[-79.08986,43.192],[-79.09,43.19144],[-79.08952,43.19063],[-79.08875,43.18988],[-79.08808,43.18954],[-79.08765,43.18985],[-79.08795,43.19041],[-79.08771,43.19055],[-79.08514,43.18847],[-79.08507,43.18796],[-79.08633,43.18769],[-79.08644,43.18725],[-79.08476,43.18722],[-79.08422,43.18717]]]}},{"type":"Feature","properties":{"serie":"Chinguacousy - Loamy Phase","texture":"loam limoneux","code_texture":"SIL","drainage":"imparfait","pente":1.2,"classe_agricole":"2"},"geometry":{"type":"Polygon","coordinates":[[[-79.08783,43.1794],[-79.08631,43.18001],[-79.08559,43.18166],[-79.08713,43.18197],[-79.08773,43.18159],[-79.0885,43.1815],[-79.08885,43.18175],[-79.09009,43.18156],[-79.08982,43.18124],[-79.0893,43.1809],[-79.08914,43.18057],[-79.08926,43.18024],[-79.0882,43.17994],[-79.08783,43.1794]]]}},{"type":"Feature","properties":{"serie":"Beverly - Loamy Phase","texture":"loam limoneux","code_texture":"SIL","drainage":"imparfait","pente":3.5,"classe_agricole":"2"},"geometry":{"type":"Polygon","coordinates":[[[-79.08678,43.16793],[-79.08655,43.16808],[-79.08665,43.16922],[-79.08646,43.16968],[-79.08689,43.17007],[-79.09,43.1703],[-79.09068,43.17049],[-79.09104,43.17033],[-79.09088,43.16995],[-79.09019,43.16973],[-79.08825,43.16972],[-79.08752,43.16952],[-79.08797,43.16898],[-79.08881,43.16847],[-79.08906,43.16778],[-79.08905,43.16758],[-79.08867,43.16766],[-79.0882,43.16815],[-79.08786,43.1683],[-79.08694,43.16793],[-79.08678,43.16793]]]}},{"type":"Feature","properties":{"serie":"Vineland","texture":"VFSL","code_texture":"VFSL","drainage":"imparfait","pente":3.5,"classe_agricole":"2"},"geometry":{"type":"Polygon","coordinates":[[[-79.08713,43.18197],[-79.08591,43.18261],[-79.08549,43.18309],[-79.08474,43.1837],[-79.0845,43.18412],[-79.08453,43.1844],[-79.08462,43.18449],[-79.08539,43.18438],[-79.08788,43.18237],[-79.08885,43.18175],[-79.0885,43.1815],[-79.08773,43.18159],[-79.08713,43.18197]]]}},{"type":"Feature","properties":{"serie":"Beverly - Loamy Phase","texture":"loam limoneux","code_texture":"SIL","drainage":"imparfait","pente":1.2,"classe_agricole":"2"},"geometry":{"type":"Polygon","coordinates":[[[-79.0854,43.16778],[-79.08502,43.16783],[-79.08481,43.16857],[-79.08476,43.16939],[-79.0842,43.17008],[-79.08395,43.17082],[-79.08347,43.17137],[-79.08347,43.17218],[-79.08408,43.17279],[-79.08459,43.17369],[-79.08488,43.17459],[-79.08548,43.17526],[-79.08605,43.17534],[-79.08645,43.17451],[-79.08683,43.17402],[-79.08739,43.17415],[-79.08769,43.17488],[-79.08718,43.17615],[-79.08739,43.17645],[-79.0877,43.17653],[-79.08883,43.17577],[-79.08921,43.17507],[-79.08924,43.1745],[-79.08968,43.17426],[-79.08948,43.17278],[-79.08894,43.17246],[-79.08836,43.1723],[-79.08816,43.17173],[-79.08781,43.17128],[-79.08717,43.17131],[-79.08643,43.17153],[-79.08554,43.16992],[-79.08575,43.1689],[-79.08562,43.16801],[-79.0854,43.16778]]]}},{"type":"Feature","properties":{"serie":"Tavistock - Till Red Phase","texture":"VFSL","code_texture":"VFSL","drainage":"imparfait","pente":1.2,"classe_agricole":"1"},"geometry":{"type":"Polygon","coordinates":[[[-79.08729,43.17771],[-79.08765,43.17772],[-79.08826,43.17798],[-79.08901,43.17772],[-79.08882,43.17743],[-79.08902,43.1773],[-79.08854,43.1771],[-79.0877,43.17653],[-79.08739,43.17645],[-79.08718,43.17615],[-79.08769,43.17488],[-79.08739,43.17415],[-79.08683,43.17402],[-79.08645,43.17451],[-79.08605,43.17534],[-79.08548,43.17526],[-79.08488,43.17459],[-79.08459,43.17369],[-79.08408,43.17279],[-79.08347,43.17218],[-79.08347,43.17137],[-79.08395,43.17082],[-79.0842,43.17008],[-79.08476,43.16939],[-79.08481,43.16857],[-79.08502,43.16783],[-79.0854,43.16778],[-79.08521,43.16758],[-79.08372,43.16693],[-79.08299,43.16685],[-79.08244,43.16705],[-79.0816,43.16704],[-79.08114,43.16682],[-79.07964,43.16687],[-79.07876,43.16633],[-79.07805,43.16623],[-79.07722,43.16667],[-79.07644,43.16634],[-79.07428,43.1667],[-79.07303,43.16707],[-79.07344,43.16751],[-79.07446,43.16773],[-79.07664,43.16741],[-79.07751,43.16764],[-79.07814,43.16805],[-79.07936,43.16838],[-79.07931,43.16885],[-79.07827,43.1689],[-79.07552,43.16875],[-79.07448,43.16887],[-79.07385,43.16914],[-79.07358,43.16941],[-79.07384,43.16972],[-79.07464,43.16977],[-79.07542,43.17013],[-79.07563,43.17094],[-79.07617,43.17129],[-79.07688,43.17124],[-79.07755,43.17011],[-79.07927,43.16947],[-79.07976,43.16943],[-79.08015,43.16966],[-79.08037,43.1695],[-79.08124,43.16984],[-79.08195,43.17061],[-79.08249,43.17252],[-79.08325,43.17367],[-79.08353,43.17456],[-79.08323,43.17515],[-79.08381,43.17569],[-79.08465,43.17589],[-79.08522,43.17628],[-79.08658,43.1768],[-79.08706,43.1771],[-79.08738,43.17747],[-79.08729,43.17771]],[[-79.08168,43.16852],[-79.08131,43.16794],[-79.08281,43.16806],[-79.08348,43.16788],[-79.08405,43.16833],[-79.08372,43.16935],[-79.08368,43.17031],[-79.08321,43.1706],[-79.08304,43.17039],[-79.08308,43.16967],[-79.08253,43.16894],[-79.08168,43.16852]]]}},{"type":"Feature","properties":{"serie":"Tavistock - Till Red Phase","texture":"VFSL","code_texture":"VFSL","drainage":"imparfait","pente":1.2,"classe_agricole":"1"},"geometry":{"type":"Polygon","coordinates":[[[-79.07604,43.18435],[-79.07633,43.18512],[-79.07625,43.1858],[-79.07578,43.18627],[-79.07541,43.18648],[-79.07585,43.18709],[-79.07639,43.18685],[-79.0767,43.18659],[-79.07713,43.18536],[-79.07721,43.18481],[-79.07748,43.18435],[-79.07801,43.18399],[-79.07854,43.18381],[-79.07897,43.1838],[-79.07954,43.18395],[-79.08081,43.18347],[-79.08135,43.18349],[-79.08196,43.18374],[-79.08334,43.18474],[-79.08411,43.18513],[-79.08435,43.18469],[-79.08462,43.18449],[-79.0845,43.18412],[-79.08474,43.1837],[-79.08549,43.18309],[-79.08591,43.18261],[-79.08713,43.18197],[-79.08559,43.18166],[-79.08631,43.18001],[-79.08783,43.1794],[-79.0879,43.1786],[-79.08826,43.17798],[-79.08765,43.17772],[-79.08729,43.17771],[-79.08679,43.17797],[-79.08617,43.17749],[-79.0854,43.17745],[-79.08457,43.17796],[-79.08442,43.17902],[-79.08387,43.17984],[-79.08291,43.18061],[-79.08175,43.18073],[-79.08085,43.18001],[-79.07975,43.17956],[-79.07893,43.17992],[-79.07955,43.18072],[-79.08034,43.18143],[-79.08039,43.18228],[-79.07972,43.18273],[-79.0789,43.18258],[-79.07876,43.18174],[-79.07817,43.18089],[-79.07744,43.1801],[-79.07705,43.1793],[-79.07637,43.17878],[-79.07652,43.17797],[-79.07686,43.17727],[-79.07687,43.17628],[-79.07903,43.17517],[-79.07996,43.17456],[-79.07987,43.17397],[-79.07789,43.1733],[-79.0773,43.17292],[-79.07725,43.17254],[-79.07748,43.17253],[-79.07701,43.17209],[-79.07652,43.17221],[-79.0757,43.17219],[-79.07571,43.17241],[-79.07609,43.17302],[-79.0767,43.17346],[-79.07691,43.17398],[-79.07617,43.17428],[-79.07467,43.1738],[-79.07306,43.17488],[-79.07239,43.17496],[-79.07248,43.17439],[-79.07318,43.17368],[-79.07378,43.17283],[-79.07368,43.17233],[-79.07304,43.17265],[-79.07259,43.17252],[-79.07213,43.17176],[-79.07134,43.1716],[-79.07043,43.17201],[-79.07013,43.17177],[-79.07001,43.17138],[-79.06943,43.17172],[-79.0685,43.17192],[-79.06761,43.1719],[-79.06685,43.17221],[-79.06631,43.17248],[-79.06632,43.17284],[-79.0676,43.17236],[-79.06846,43.17246],[-79.06859,43.1732],[-79.06856,43.17397],[-79.06784,43.17443],[-79.06825,43.17534],[-79.06788,43.17567],[-79.06612,43.17495],[-79.06578,43.17463],[-79.0662,43.17405],[-79.06622,43.17342],[-79.06608,43.17315],[-79.06519,43.17317],[-79.06483,43.17369],[-79.06419,43.17402],[-79.0638,43.17473],[-79.06379,43.17559],[-79.06446,43.17642],[-79.06558,43.17679],[-79.06669,43.17695],[-79.06786,43.17735],[-79.06824,43.17804],[-79.06892,43.17849],[-79.06925,43.17886],[-79.06989,43.17842],[-79.07046,43.17864],[-79.0698,43.17983],[-79.06906,43.18028],[-79.06916,43.18108],[-79.06855,43.18174],[-79.06874,43.18182],[-79.06873,43.18208],[-79.06999,43.18159],[-79.06979,43.18142],[-79.06998,43.18106],[-79.07081,43.18018],[-79.0712,43.17962],[-79.0716,43.17864],[-79.07171,43.17761],[-79.0712,43.17697],[-79.07048,43.17648],[-79.07039,43.17576],[-79.07058,43.17482],[-79.0711,43.17461],[-79.07167,43.17505],[-79.07201,43.17585],[-79.07262,43.17586],[-79.07327,43.17564],[-79.0744,43.17449],[-79.07496,43.1744],[-79.07536,43.17499],[-79.07587,43.17542],[-79.07582,43.17593],[-79.07514,43.17628],[-79.07451,43.17712],[-79.0737,43.17898],[-79.0735,43.18],[-79.07235,43.18196],[-79.07439,43.18171],[-79.07474,43.1814],[-79.07528,43.18014],[-79.07566,43.18026],[-79.07627,43.18073],[-79.07701,43.18095],[-79.07739,43.18164],[-79.07715,43.18219],[-79.076,43.18363],[-79.07604,43.18435]]]}},{"type":"Feature","properties":{"serie":"Vineland","texture":"VFSL","code_texture":"VFSL","drainage":"imparfait","pente":1.2,"classe_agricole":"1"},"geometry":{"type":"Polygon","coordinates":[[[-79.07748,43.17253],[-79.07725,43.17254],[-79.0773,43.17292],[-79.07789,43.1733],[-79.07987,43.17397],[-79.07996,43.17456],[-79.07903,43.17517],[-79.07687,43.17628],[-79.07686,43.17727],[-79.07652,43.17797],[-79.07637,43.17878],[-79.07705,43.1793],[-79.07744,43.1801],[-79.07817,43.18089],[-79.07876,43.18174],[-79.0789,43.18258],[-79.07972,43.18273],[-79.08039,43.18228],[-79.08034,43.18143],[-79.07955,43.18072],[-79.07893,43.17992],[-79.07975,43.17956],[-79.08085,43.18001],[-79.08175,43.18073],[-79.08291,43.18061],[-79.08387,43.17984],[-79.08442,43.17902],[-79.08457,43.17796],[-79.0854,43.17745],[-79.08617,43.17749],[-79.08679,43.17797],[-79.08729,43.17771],[-79.08738,43.17747],[-79.08706,43.1771],[-79.08658,43.1768],[-79.08522,43.17628],[-79.08465,43.17589],[-79.08381,43.17569],[-79.08295,43.17492],[-79.08233,43.17467],[-79.0818,43.17417],[-79.08109,43.17225],[-79.08051,43.17206],[-79.08028,43.1723],[-79.08009,43.17288],[-79.07951,43.17314],[-79.07872,43.17299],[-79.07783,43.17253],[-79.07748,43.17253]]]}},{"type":"Feature","properties":{"serie":"Beverly - Loamy Phase","texture":"loam limoneux","code_texture":"SIL","drainage":"imparfait","pente":1.2,"classe_agricole":"2"},"geometry":{"type":"Polygon","coordinates":[[[-79.08678,43.16793],[-79.08786,43.1683],[-79.0882,43.16815],[-79.08867,43.16766],[-79.08905,43.16758],[-79.08889,43.16688],[-79.08743,43.16627],[-79.08692,43.16541],[-79.08627,43.16521],[-79.08621,43.16606],[-79.08693,43.16678],[-79.08678,43.16736],[-79.08678,43.16793]]]}},{"type":"Feature","properties":{"serie":"Vineland","texture":"VFSL","code_texture":"VFSL","drainage":"imparfait","pente":3.5,"classe_agricole":"2"},"geometry":{"type":"Polygon","coordinates":[[[-79.08001,43.19395],[-79.08077,43.19453],[-79.08182,43.19559],[-79.08292,43.19686],[-79.08333,43.19654],[-79.08285,43.19548],[-79.08299,43.19512],[-79.08281,43.19456],[-79.08206,43.1943],[-79.08145,43.19391],[-79.08068,43.19298],[-79.07869,43.1915],[-79.07797,43.19051],[-79.07742,43.18955],[-79.07538,43.18813],[-79.07479,43.18759],[-79.07461,43.18704],[-79.07491,43.18585],[-79.07462,43.18531],[-79.0742,43.18507],[-79.0735,43.18508],[-79.07361,43.18522],[-79.07356,43.18613],[-79.07338,43.18705],[-79.07442,43.18885],[-79.07516,43.18933],[-79.07619,43.18968],[-79.07791,43.19191],[-79.0789,43.19304],[-79.07974,43.19374],[-79.08001,43.19395]]]}},{"type":"Feature","properties":{"serie":"Oneida - Red Phase","texture":"loam argileux","code_texture":"CL","drainage":"modérément bon","pente":22.5,"classe_agricole":"5"},"geometry":{"type":"Polygon","coordinates":[[[-79.06127,43.16026],[-79.05637,43.16142],[-79.05697,43.16202],[-79.06108,43.16072],[-79.06257,43.16038],[-79.06496,43.16002],[-79.06599,43.15999],[-79.06685,43.16007],[-79.07028,43.15984],[-79.07352,43.15978],[-79.07471,43.15982],[-79.07634,43.16019],[-79.0773,43.16055],[-79.07889,43.16038],[-79.07945,43.1605],[-79.08068,43.16025],[-79.08332,43.15928],[-79.0834,43.15935],[-79.08381,43.1592],[-79.0878,43.15909],[-79.08826,43.15899],[-79.08838,43.15863],[-79.08861,43.15845],[-79.08616,43.15846],[-79.08292,43.15889],[-79.08132,43.15934],[-79.08069,43.15968],[-79.07852,43.16007],[-79.07775,43.16008],[-79.07706,43.15983],[-79.07674,43.15937],[-79.07651,43.15926],[-79.07597,43.15951],[-79.07546,43.1592],[-79.07477,43.15959],[-79.07419,43.1594],[-79.06891,43.15937],[-79.06795,43.15951],[-79.0675,43.15932],[-79.06707,43.15963],[-79.06671,43.15969],[-79.06634,43.15942],[-79.06512,43.15943],[-79.06473,43.15927],[-79.06257,43.15998],[-79.06127,43.16026]]]}},{"type":"Feature","properties":{"serie":"Tavistock - Till Red Phase","texture":"VFSL","code_texture":"VFSL","drainage":"imparfait","pente":1.2,"classe_agricole":"1"},"geometry":{"type":"Polygon","coordinates":[[[-79.07748,43.17253],[-79.07783,43.17253],[-79.07872,43.17299],[-79.07951,43.17314],[-79.08009,43.17288],[-79.08028,43.1723],[-79.08051,43.17206],[-79.08109,43.17225],[-79.0818,43.17417],[-79.08233,43.17467],[-79.08295,43.17492],[-79.08323,43.17515],[-79.08353,43.17456],[-79.08325,43.17367],[-79.08249,43.17252],[-79.08195,43.17061],[-79.08124,43.16984],[-79.08037,43.1695],[-79.07979,43.16992],[-79.08031,43.17044],[-79.08053,43.17101],[-79.07964,43.17149],[-79.07854,43.17167],[-79.07701,43.17209],[-79.07724,43.17227],[-79.07748,43.17253]]]}},{"type":"Feature","properties":{"serie":"Tavistock - Red Phase","texture":"VFSL","code_texture":"VFSL","drainage":"imparfait","pente":1.2,"classe_agricole":"1"},"geometry":{"type":"Polygon","coordinates":[[[-79.08168,43.16852],[-79.08253,43.16894],[-79.08308,43.16967],[-79.08304,43.17039],[-79.08321,43.1706],[-79.08368,43.17031],[-79.08372,43.16935],[-79.08405,43.16833],[-79.08348,43.16788],[-79.08281,43.16806],[-79.08131,43.16794],[-79.08168,43.16852]]]}},{"type":"Feature","properties":{"serie":"Tavistock - Red Phase","texture":"VFSL","code_texture":"VFSL","drainage":"imparfait","pente":1.2,"classe_agricole":"1"},"geometry":{"type":"Polygon","coordinates":[[[-79.08266,43.16417],[-79.08273,43.16573],[-79.08376,43.16556],[-79.08446,43.16532],[-79.08454,43.16482],[-79.08306,43.16441],[-79.08266,43.16417]]]}},{"type":"Feature","properties":{"serie":"Vineland","texture":"VFSL","code_texture":"VFSL","drainage":"imparfait","pente":1.2,"classe_agricole":"1"},"geometry":{"type":"Polygon","coordinates":[[[-79.07363,43.19494],[-79.07429,43.19514],[-79.07532,43.19581],[-79.07537,43.1962],[-79.0761,43.1955],[-79.07709,43.19491],[-79.07763,43.19429],[-79.07806,43.19332],[-79.07824,43.19338],[-79.07831,43.19299],[-79.07861,43.1927],[-79.07619,43.18968],[-79.07516,43.18933],[-79.07442,43.18885],[-79.07338,43.18705],[-79.07356,43.18613],[-79.07361,43.18522],[-79.0732,43.18467],[-79.07249,43.18458],[-79.07095,43.185],[-79.07075,43.18517],[-79.07048,43.18608],[-79.0711,43.1866],[-79.07165,43.18756],[-79.07135,43.18895],[-79.07207,43.19021],[-79.0732,43.19087],[-79.07616,43.1916],[-79.07676,43.19214],[-79.07651,43.19259],[-79.07577,43.19285],[-79.07585,43.1935],[-79.07627,43.19419],[-79.07582,43.19456],[-79.07484,43.19462],[-79.07474,43.19404],[-79.0742,43.19399],[-79.07367,43.19455],[-79.07365,43.19485],[-79.07363,43.19494]]]}},{"type":"Feature","properties":{"serie":"Tavistock - Till Red Phase","texture":"VFSL","code_texture":"VFSL","drainage":"imparfait","pente":1.2,"classe_agricole":"1"},"geometry":{"type":"Polygon","coordinates":[[[-79.0757,43.17219],[-79.07652,43.17221],[-79.07854,43.17167],[-79.07964,43.17149],[-79.08053,43.17101],[-79.08031,43.17044],[-79.07979,43.16992],[-79.08015,43.16966],[-79.07976,43.16943],[-79.07927,43.16947],[-79.07755,43.17011],[-79.07688,43.17124],[-79.07617,43.17129],[-79.07563,43.17094],[-79.07542,43.17013],[-79.07464,43.16977],[-79.07384,43.16972],[-79.07358,43.16941],[-79.07385,43.16914],[-79.07448,43.16887],[-79.07552,43.16875],[-79.07827,43.1689],[-79.07931,43.16885],[-79.07936,43.16838],[-79.07814,43.16805],[-79.07751,43.16764],[-79.07664,43.16741],[-79.07446,43.16773],[-79.07344,43.16751],[-79.07303,43.16707],[-79.07428,43.1667],[-79.07644,43.16634],[-79.07722,43.16667],[-79.07805,43.16623],[-79.07876,43.16633],[-79.07964,43.16687],[-79.08114,43.16682],[-79.0816,43.16704],[-79.08244,43.16705],[-79.08299,43.16685],[-79.08266,43.16656],[-79.08141,43.16629],[-79.08119,43.16606],[-79.07909,43.16606],[-79.07896,43.16466],[-79.07841,43.16451],[-79.0778,43.16391],[-79.07721,43.16405],[-79.07677,43.16497],[-79.07606,43.16544],[-79.07646,43.16345],[-79.07432,43.16395],[-79.07491,43.16307],[-79.07518,43.16223],[-79.07413,43.16279],[-79.07307,43.16365],[-79.0721,43.16385],[-79.07133,43.16464],[-79.07044,43.16641],[-79.07022,43.16746],[-79.07027,43.16827],[-79.07017,43.16892],[-79.07042,43.16953],[-79.0709,43.16945],[-79.0718,43.16956],[-79.0728,43.17],[-79.07426,43.17102],[-79.0749,43.17175],[-79.0757,43.17219]]]}},{"type":"Feature","properties":{"serie":"Not Mapped","texture":"NA","code_texture":"NA","drainage":null,"pente":-9,"classe_agricole":"0"},"geometry":{"type":"Polygon","coordinates":[[[-79.07896,43.16466],[-79.07909,43.16606],[-79.08275,43.16597],[-79.0825,43.16123],[-79.08342,43.16045],[-79.08364,43.16005],[-79.08366,43.15983],[-79.08332,43.15928],[-79.08068,43.16025],[-79.07992,43.16046],[-79.07932,43.1605],[-79.07946,43.16198],[-79.07874,43.16248],[-79.07896,43.16466]]]}},{"type":"Feature","properties":{"serie":"Vineland","texture":"VFSL","code_texture":"VFSL","drainage":"imparfait","pente":1.2,"classe_agricole":"1"},"geometry":{"type":"Polygon","coordinates":[[[-79.07439,43.18171],[-79.0737,43.18252],[-79.07406,43.18305],[-79.07461,43.1834],[-79.07528,43.18321],[-79.0762,43.18337],[-79.07715,43.18219],[-79.07739,43.18164],[-79.07701,43.18095],[-79.07627,43.18073],[-79.07566,43.18026],[-79.07528,43.18014],[-79.07474,43.1814],[-79.07439,43.18171]]]}},{"type":"Feature","properties":{"serie":"Vineland","texture":"VFSL","code_texture":"VFSL","drainage":"imparfait","pente":1.2,"classe_agricole":"1"},"geometry":{"type":"Polygon","coordinates":[[[-79.07484,43.18614],[-79.07541,43.18648],[-79.07578,43.18627],[-79.07625,43.1858],[-79.07633,43.18512],[-79.07604,43.18435],[-79.076,43.18363],[-79.0762,43.18337],[-79.07528,43.18321],[-79.07461,43.1834],[-79.07463,43.18385],[-79.07408,43.18391],[-79.07316,43.18352],[-79.073,43.1837],[-79.07316,43.18413],[-79.0741,43.1848],[-79.0742,43.18507],[-79.07462,43.18531],[-79.07491,43.18585],[-79.07484,43.18614]]]}},{"type":"Feature","properties":{"serie":"Jeddo - Red Phase","texture":"loam limono-argileux","code_texture":"SICL","drainage":"pauvre","pente":1.2,"classe_agricole":"3"},"geometry":{"type":"Polygon","coordinates":[[[-79.05967,43.17025],[-79.05912,43.17077],[-79.05902,43.17138],[-79.06168,43.17114],[-79.06194,43.17087],[-79.06354,43.17018],[-79.06447,43.16996],[-79.06514,43.16998],[-79.06648,43.16933],[-79.06654,43.16968],[-79.06557,43.17047],[-79.06541,43.17079],[-79.06566,43.17093],[-79.06605,43.17092],[-79.06701,43.17027],[-79.0673,43.17037],[-79.06738,43.17067],[-79.06766,43.17099],[-79.06805,43.17102],[-79.06882,43.17076],[-79.06988,43.1701],[-79.07042,43.16953],[-79.07017,43.16892],[-79.07027,43.16827],[-79.07022,43.16746],[-79.07044,43.16641],[-79.07133,43.16464],[-79.0721,43.16385],[-79.07307,43.16365],[-79.07413,43.16279],[-79.07518,43.16223],[-79.07491,43.16307],[-79.07432,43.16395],[-79.07646,43.16345],[-79.07606,43.16544],[-79.07677,43.16497],[-79.07721,43.16405],[-79.0778,43.16391],[-79.07841,43.16451],[-79.07896,43.16466],[-79.07874,43.16248],[-79.07946,43.16198],[-79.07932,43.1605],[-79.07889,43.16038],[-79.0773,43.16055],[-79.07586,43.16114],[-79.07467,43.16104],[-79.07407,43.16041],[-79.07292,43.16046],[-79.07155,43.1607],[-79.07049,43.16116],[-79.07014,43.16204],[-79.0694,43.16256],[-79.06855,43.16219],[-79.06805,43.1617],[-79.0675,43.16149],[-79.06685,43.16176],[-79.06589,43.16198],[-79.0646,43.16202],[-79.06327,43.16217],[-79.06027,43.16218],[-79.05885,43.16251],[-79.05756,43.16299],[-79.05863,43.16485],[-79.05939,43.16558],[-79.06039,43.16595],[-79.06113,43.16661],[-79.06222,43.16705],[-79.06261,43.16748],[-79.06231,43.16791],[-79.06167,43.16825],[-79.06171,43.16894],[-79.0615,43.16945],[-79.0606,43.16991],[-79.05967,43.17025]],[[-79.06724,43.16276],[-79.06827,43.16292],[-79.06916,43.16318],[-79.06863,43.16382],[-79.06833,43.16578],[-79.06733,43.16533],[-79.06621,43.16346],[-79.06608,43.16271],[-79.06663,43.16235],[-79.06724,43.16276]]]}},{"type":"Feature","properties":{"serie":"Vineland","texture":"VFSL","code_texture":"VFSL","drainage":"imparfait","pente":1.2,"classe_agricole":"1"},"geometry":{"type":"Polygon","coordinates":[[[-79.07248,43.17439],[-79.07239,43.17496],[-79.07306,43.17488],[-79.07467,43.1738],[-79.07617,43.17428],[-79.07691,43.17398],[-79.0767,43.17346],[-79.07609,43.17302],[-79.07571,43.17241],[-79.0757,43.17219],[-79.0749,43.17175],[-79.07426,43.17102],[-79.0728,43.17],[-79.0718,43.16956],[-79.0709,43.16945],[-79.07042,43.16953],[-79.06988,43.1701],[-79.0685,43.17092],[-79.06805,43.17102],[-79.06766,43.17099],[-79.06738,43.17067],[-79.0673,43.17037],[-79.06701,43.17027],[-79.06621,43.17082],[-79.06631,43.17248],[-79.06761,43.1719],[-79.0685,43.17192],[-79.06943,43.17172],[-79.07001,43.17138],[-79.07013,43.17177],[-79.07043,43.17201],[-79.07134,43.1716],[-79.07213,43.17176],[-79.07259,43.17252],[-79.07304,43.17265],[-79.07368,43.17233],[-79.07378,43.17283],[-79.07318,43.17368],[-79.07248,43.17439]]]}},{"type":"Feature","properties":{"serie":"Maplewood - Till Red Phase","texture":"loam limoneux","code_texture":"SIL","drainage":"pauvre","pente":1.2,"classe_agricole":"2"},"geometry":{"type":"Polygon","coordinates":[[[-79.07185,43.18471],[-79.07249,43.18458],[-79.0732,43.18467],[-79.0735,43.18508],[-79.0742,43.18507],[-79.0741,43.1848],[-79.07316,43.18413],[-79.073,43.1837],[-79.07316,43.18352],[-79.07408,43.18391],[-79.07463,43.18385],[-79.07461,43.1834],[-79.07406,43.18305],[-79.0737,43.18252],[-79.07439,43.18171],[-79.07219,43.18199],[-79.07161,43.18244],[-79.07086,43.18229],[-79.06999,43.18159],[-79.06873,43.18208],[-79.06873,43.18248],[-79.06852,43.18329],[-79.06904,43.18409],[-79.06978,43.18398],[-79.07066,43.18416],[-79.07149,43.18451],[-79.07185,43.18471]]]}},{"type":"Feature","properties":{"serie":"Vineland","texture":"VFSL","code_texture":"VFSL","drainage":"imparfait","pente":1.2,"classe_agricole":"1"},"geometry":{"type":"Polygon","coordinates":[[[-79.06999,43.18159],[-79.07086,43.18229],[-79.07161,43.18244],[-79.07219,43.18199],[-79.07235,43.18196],[-79.0735,43.18],[-79.0737,43.17898],[-79.07451,43.17712],[-79.07514,43.17628],[-79.07582,43.17593],[-79.07587,43.17542],[-79.07536,43.17499],[-79.07496,43.1744],[-79.0744,43.17449],[-79.07327,43.17564],[-79.07262,43.17586],[-79.07201,43.17585],[-79.07167,43.17505],[-79.0711,43.17461],[-79.07058,43.17482],[-79.07039,43.17576],[-79.07048,43.17648],[-79.0712,43.17697],[-79.07171,43.17761],[-79.0716,43.17864],[-79.0712,43.17962],[-79.07081,43.18018],[-79.06998,43.18106],[-79.06979,43.18142],[-79.06999,43.18159]]]}},{"type":"Feature","properties":{"serie":"Chinguacousy - Red Phase","texture":"loam argileux","code_texture":"CL","drainage":"imparfait","pente":1.2,"classe_agricole":"2"},"geometry":{"type":"Polygon","coordinates":[[[-79.05721,43.16235],[-79.05756,43.16299],[-79.05885,43.16251],[-79.06027,43.16218],[-79.06327,43.16217],[-79.0646,43.16202],[-79.06589,43.16198],[-79.06685,43.16176],[-79.0675,43.16149],[-79.06805,43.1617],[-79.06855,43.16219],[-79.0694,43.16256],[-79.07014,43.16204],[-79.07049,43.16116],[-79.07155,43.1607],[-79.07292,43.16046],[-79.07407,43.16041],[-79.07467,43.16104],[-79.07586,43.16114],[-79.0773,43.16055],[-79.07634,43.16019],[-79.07471,43.15982],[-79.07257,43.15977],[-79.06685,43.16007],[-79.06599,43.15999],[-79.06496,43.16002],[-79.06257,43.16038],[-79.06108,43.16072],[-79.05697,43.16202],[-79.05721,43.16235]]]}},{"type":"Feature","properties":{"serie":"Tavistock - Till Red Phase","texture":"VFSL","code_texture":"VFSL","drainage":"imparfait","pente":1.2,"classe_agricole":"1"},"geometry":{"type":"Polygon","coordinates":[[[-79.06286,43.18532],[-79.06329,43.18543],[-79.06393,43.18585],[-79.06425,43.18647],[-79.06421,43.18732],[-79.06366,43.18797],[-79.06267,43.18815],[-79.06264,43.18742],[-79.06311,43.18673],[-79.06271,43.18632],[-79.06186,43.18642],[-79.06068,43.18716],[-79.05985,43.18783],[-79.05967,43.18839],[-79.06013,43.1887],[-79.06096,43.18875],[-79.06148,43.18888],[-79.06188,43.18923],[-79.06244,43.18905],[-79.06269,43.18906],[-79.06315,43.1887],[-79.06369,43.18884],[-79.0654,43.1873],[-79.06594,43.18701],[-79.06657,43.18692],[-79.06777,43.18559],[-79.06822,43.18522],[-79.0689,43.18553],[-79.06941,43.18538],[-79.06893,43.18471],[-79.06885,43.18412],[-79.06904,43.18409],[-79.06852,43.18329],[-79.06873,43.18248],[-79.06874,43.18182],[-79.06818,43.18158],[-79.0673,43.18142],[-79.06695,43.18078],[-79.06864,43.17952],[-79.06859,43.17893],[-79.06768,43.17944],[-79.06675,43.17979],[-79.06668,43.17911],[-79.06696,43.17827],[-79.06695,43.17752],[-79.06733,43.17723],[-79.06669,43.17695],[-79.06558,43.17679],[-79.06446,43.17642],[-79.06388,43.17571],[-79.06348,43.17595],[-79.0631,43.17649],[-79.06268,43.17649],[-79.06216,43.17617],[-79.06142,43.17643],[-79.06155,43.17682],[-79.06127,43.17753],[-79.06043,43.17799],[-79.06023,43.17842],[-79.06126,43.17872],[-79.06195,43.17915],[-79.06248,43.17985],[-79.06296,43.18078],[-79.0608,43.18204],[-79.06064,43.18281],[-79.06071,43.18292],[-79.06102,43.18301],[-79.06199,43.18281],[-79.063,43.18334],[-79.06302,43.1843],[-79.06286,43.18532]],[[-79.06392,43.18215],[-79.06344,43.1815],[-79.06378,43.18103],[-79.06481,43.18152],[-79.0657,43.18118],[-79.06656,43.18162],[-79.06711,43.18233],[-79.06719,43.18305],[-79.06664,43.18344],[-79.06607,43.1834],[-79.06453,43.18281],[-79.06392,43.18215]],[[-79.06714,43.18388],[-79.06791,43.18387],[-79.06815,43.18453],[-79.0678,43.18524],[-79.06644,43.18637],[-79.06602,43.18646],[-79.06575,43.18639],[-79.06549,43.18613],[-79.06543,43.1853],[-79.06624,43.18447],[-79.06714,43.18388]]]}},{"type":"Feature","properties":{"serie":"Tavistock - Till Red Phase","texture":"VFSL","code_texture":"VFSL","drainage":"imparfait","pente":1.2,"classe_agricole":"1"},"geometry":{"type":"Polygon","coordinates":[[[-79.06733,43.17723],[-79.06695,43.17752],[-79.06696,43.17827],[-79.06668,43.17911],[-79.06675,43.17979],[-79.06768,43.17944],[-79.06859,43.17893],[-79.06864,43.17952],[-79.06695,43.18078],[-79.0673,43.18142],[-79.06818,43.18158],[-79.06855,43.18174],[-79.06916,43.18108],[-79.06906,43.18028],[-79.0698,43.17983],[-79.07046,43.17864],[-79.06989,43.17842],[-79.06925,43.17886],[-79.06892,43.17849],[-79.06824,43.17804],[-79.06786,43.17735],[-79.06733,43.17723]]]}},{"type":"Feature","properties":{"serie":"Vineland","texture":"VFSL","code_texture":"VFSL","drainage":"imparfait","pente":1.2,"classe_agricole":"1"},"geometry":{"type":"Polygon","coordinates":[[[-79.06714,43.18388],[-79.06624,43.18447],[-79.06543,43.1853],[-79.06554,43.18625],[-79.06602,43.18646],[-79.06644,43.18637],[-79.0678,43.18524],[-79.06815,43.18453],[-79.06791,43.18387],[-79.06714,43.18388]]]}},{"type":"Feature","properties":{"serie":"Tavistock - Till Red Phase","texture":"VFSL","code_texture":"VFSL","drainage":"imparfait","pente":1.2,"classe_agricole":"1"},"geometry":{"type":"Polygon","coordinates":[[[-79.06392,43.18215],[-79.06453,43.18281],[-79.06607,43.1834],[-79.06664,43.18344],[-79.06719,43.18305],[-79.06711,43.18233],[-79.06656,43.18162],[-79.0657,43.18118],[-79.06481,43.18152],[-79.06378,43.18103],[-79.06344,43.1815],[-79.06392,43.18215]]]}},{"type":"Feature","properties":{"serie":"Vineland","texture":"VFSL","code_texture":"VFSL","drainage":"imparfait","pente":1.2,"classe_agricole":"1"},"geometry":{"type":"Polygon","coordinates":[[[-79.06622,43.17342],[-79.0662,43.17405],[-79.06578,43.17463],[-79.06612,43.17495],[-79.06788,43.17567],[-79.06825,43.17534],[-79.06784,43.17443],[-79.06856,43.17397],[-79.06859,43.1732],[-79.06846,43.17246],[-79.0676,43.17236],[-79.06632,43.17284],[-79.06634,43.17315],[-79.06608,43.17315],[-79.06622,43.17342]]]}},{"type":"Feature","properties":{"serie":"Chinguacousy - Red Phase","texture":"loam argileux","code_texture":"CL","drainage":"imparfait","pente":1.2,"classe_agricole":"2"},"geometry":{"type":"Polygon","coordinates":[[[-79.06608,43.16271],[-79.06621,43.16346],[-79.06733,43.16533],[-79.06833,43.16578],[-79.06863,43.16382],[-79.06916,43.16318],[-79.06827,43.16292],[-79.06724,43.16276],[-79.06663,43.16235],[-79.06608,43.16271]]]}},{"type":"Feature","properties":{"serie":"Vineland","texture":"VFSL","code_texture":"VFSL","drainage":"imparfait","pente":3.5,"classe_agricole":"2"},"geometry":{"type":"Polygon","coordinates":[[[-79.06354,43.17018],[-79.06194,43.17087],[-79.06168,43.17114],[-79.06541,43.17079],[-79.06557,43.17047],[-79.06654,43.16968],[-79.06648,43.16933],[-79.06514,43.16998],[-79.06447,43.16996],[-79.06354,43.17018]]]}},{"type":"Feature","properties":{"serie":"Vineland","texture":"VFSL","code_texture":"VFSL","drainage":"imparfait","pente":1.2,"classe_agricole":"1"},"geometry":{"type":"Polygon","coordinates":[[[-79.06268,43.17649],[-79.0631,43.17649],[-79.06348,43.17595],[-79.06388,43.17571],[-79.06379,43.17559],[-79.0638,43.17473],[-79.06419,43.17402],[-79.06483,43.17369],[-79.06519,43.17317],[-79.06105,43.17323],[-79.0617,43.17468],[-79.06129,43.17604],[-79.06142,43.17643],[-79.06216,43.17617],[-79.06268,43.17649]]]}},{"type":"Feature","properties":{"serie":"Chinguacousy - Washed Phase","texture":"loam","code_texture":"L","drainage":"imparfait","pente":1.2,"classe_agricole":"1"},"geometry":{"type":"Polygon","coordinates":[[[-79.05814,43.1858],[-79.05918,43.18602],[-79.05929,43.18681],[-79.05995,43.18676],[-79.06043,43.18608],[-79.06112,43.18559],[-79.06201,43.18565],[-79.0625,43.18557],[-79.06286,43.18532],[-79.06302,43.1843],[-79.063,43.18334],[-79.06199,43.18281],[-79.06102,43.18301],[-79.06071,43.18292],[-79.06064,43.18281],[-79.0608,43.18204],[-79.06296,43.18078],[-79.06248,43.17985],[-79.06195,43.17915],[-79.06126,43.17872],[-79.06023,43.17842],[-79.0603,43.17826],[-79.06001,43.17747],[-79.05952,43.1771],[-79.05909,43.17695],[-79.05904,43.17842],[-79.05829,43.17845],[-79.05819,43.17903],[-79.059,43.17907],[-79.05892,43.18086],[-79.0581,43.1809],[-79.05809,43.18248],[-79.05925,43.18278],[-79.05938,43.18383],[-79.061,43.18381],[-79.06113,43.18507],[-79.0583,43.1852],[-79.05814,43.1858]]]}},{"type":"Feature","properties":{"serie":"Not Mapped","texture":"NA","code_texture":"NA","drainage":null,"pente":-9,"classe_agricole":"0"},"geometry":{"type":"Polygon","coordinates":[[[-79.06489,43.15933],[-79.0644,43.15831],[-79.0586,43.15999],[-79.05875,43.16034],[-79.05749,43.16069],[-79.05768,43.16107],[-79.06257,43.15998],[-79.06473,43.15927],[-79.06489,43.15933]]]}},{"type":"Feature","properties":{"serie":"Tavistock - Till Red Phase","texture":"VFSL","code_texture":"VFSL","drainage":"imparfait","pente":3.5,"classe_agricole":"2"},"geometry":{"type":"Polygon","coordinates":[[[-79.05845,43.17327],[-79.05841,43.17363],[-79.05943,43.1737],[-79.06002,43.17396],[-79.06048,43.17436],[-79.06066,43.17486],[-79.06048,43.17536],[-79.05996,43.1759],[-79.0591,43.17648],[-79.05909,43.17695],[-79.05952,43.1771],[-79.06001,43.17747],[-79.0603,43.17826],[-79.06043,43.17799],[-79.06127,43.17753],[-79.06155,43.17682],[-79.06129,43.17604],[-79.0617,43.17468],[-79.06105,43.17323],[-79.05845,43.17327]]]}},{"type":"Feature","properties":{"serie":"Vineland","texture":"VFSL","code_texture":"VFSL","drainage":"imparfait","pente":1.2,"classe_agricole":"1"},"geometry":{"type":"Polygon","coordinates":[[[-79.05833,43.1742],[-79.05918,43.17425],[-79.0591,43.17648],[-79.05996,43.1759],[-79.06048,43.17536],[-79.06066,43.17486],[-79.06048,43.17436],[-79.06002,43.17396],[-79.05943,43.1737],[-79.05841,43.17363],[-79.05833,43.1742]]]}},{"type":"Feature","properties":{"serie":"Chinguacousy - Loamy Phase","texture":"loam limoneux","code_texture":"SIL","drainage":"imparfait","pente":1.2,"classe_agricole":"2"},"geometry":{"type":"Polygon","coordinates":[[[-79.09248,43.22953],[-79.09292,43.22979],[-79.09324,43.23013],[-79.09403,43.22996],[-79.0946,43.22939],[-79.09502,43.2287],[-79.09569,43.22811],[-79.09769,43.22747],[-79.0982,43.22709],[-79.09849,43.22653],[-79.0984,43.22615],[-79.09776,43.22642],[-79.09695,43.22692],[-79.09611,43.22723],[-79.09552,43.2271],[-79.09539,43.22664],[-79.09633,43.22524],[-79.09621,43.22485],[-79.09612,43.22478],[-79.09576,43.22479],[-79.09551,43.22454],[-79.0957,43.22419],[-79.09547,43.22405],[-79.09481,43.22213],[-79.09409,43.22148],[-79.09314,43.22087],[-79.09296,43.22046],[-79.09203,43.22008],[-79.091,43.22],[-79.0891,43.22033],[-79.08879,43.22073],[-79.08716,43.22173],[-79.08656,43.22253],[-79.08651,43.22356],[-79.08684,43.22412],[-79.08673,43.22514],[-79.08768,43.22543],[-79.08858,43.22618],[-79.0889,43.22523],[-79.08926,43.22478],[-79.08983,43.22479],[-79.09012,43.22505],[-79.08995,43.22559],[-79.09048,43.22577],[-79.09058,43.22562],[-79.09102,43.22549],[-79.0928,43.22544],[-79.09442,43.22557],[-79.09448,43.22603],[-79.09433,43.22686],[-79.09379,43.22865],[-79.09309,43.22922],[-79.09248,43.22953]]]}},{"type":"Feature","properties":{"serie":"Vineland","texture":"VFSL","code_texture":"VFSL","drainage":"imparfait","pente":1.2,"classe_agricole":"1"},"geometry":{"type":"Polygon","coordinates":[[[-79.07495,43.21846],[-79.07426,43.21901],[-79.07284,43.21984],[-79.07202,43.22016],[-79.07068,43.2201],[-79.0705,43.22033],[-79.07082,43.22086],[-79.07145,43.221],[-79.07304,43.22069],[-79.07354,43.2209],[-79.07403,43.22152],[-79.07506,43.22194],[-79.07578,43.22241],[-79.07649,43.22257],[-79.07671,43.22227],[-79.07644,43.22151],[-79.07643,43.22112],[-79.07561,43.22041],[-79.07515,43.21963],[-79.07491,43.21882],[-79.07495,43.21846]]]}},{"type":"Feature","properties":{"serie":"Chinguacousy - Loamy Phase","texture":"loam limoneux","code_texture":"SIL","drainage":"imparfait","pente":1.2,"classe_agricole":"2"},"geometry":{"type":"Polygon","coordinates":[[[-79.06131,43.22373],[-79.06142,43.22429],[-79.06131,43.22469],[-79.06098,43.22529],[-79.06084,43.22587],[-79.06117,43.22618],[-79.06148,43.22609],[-79.06216,43.22548],[-79.06234,43.22509],[-79.06222,43.22393],[-79.06261,43.22347],[-79.06328,43.22374],[-79.0637,43.22433],[-79.06391,43.22493],[-79.06425,43.22452],[-79.06425,43.22322],[-79.0655,43.22391],[-79.0658,43.22363],[-79.06566,43.22276],[-79.0657,43.22185],[-79.06626,43.22108],[-79.06687,43.22063],[-79.06751,43.22032],[-79.06837,43.22006],[-79.06953,43.21999],[-79.06956,43.2197],[-79.06946,43.21946],[-79.06911,43.21962],[-79.06837,43.21975],[-79.06462,43.21979],[-79.0636,43.21961],[-79.06296,43.21898],[-79.06314,43.21822],[-79.06438,43.21746],[-79.06447,43.21693],[-79.06392,43.21704],[-79.06149,43.2172],[-79.06138,43.21764],[-79.06065,43.21776],[-79.06034,43.21894],[-79.05977,43.21997],[-79.05954,43.22065],[-79.06099,43.21998],[-79.06126,43.22021],[-79.06171,43.2202],[-79.06246,43.21995],[-79.06251,43.22029],[-79.06135,43.22128],[-79.06102,43.22277],[-79.06077,43.22316],[-79.06096,43.22331],[-79.06131,43.22373]]]}},{"type":"Feature","properties":{"serie":"Vineland","texture":"VFSL","code_texture":"VFSL","drainage":"imparfait","pente":3.5,"classe_agricole":"2"},"geometry":{"type":"Polygon","coordinates":[[[-79.07823,43.21988],[-79.07801,43.22016],[-79.0778,43.22087],[-79.07783,43.22177],[-79.07808,43.2224],[-79.07841,43.22281],[-79.07919,43.22304],[-79.08015,43.22283],[-79.0808,43.22238],[-79.08105,43.2218],[-79.08078,43.22115],[-79.08086,43.22071],[-79.08069,43.22043],[-79.07938,43.22035],[-79.079,43.22018],[-79.07888,43.21998],[-79.07841,43.21987],[-79.07823,43.21988]]]}},{"type":"Feature","properties":{"serie":"Chinguacousy - Loamy Phase","texture":"loam limoneux","code_texture":"SIL","drainage":"imparfait","pente":1.2,"classe_agricole":"2"},"geometry":{"type":"Polygon","coordinates":[[[-79.09231,43.22943],[-79.09248,43.22953],[-79.09309,43.22922],[-79.09379,43.22865],[-79.09433,43.22686],[-79.09448,43.22603],[-79.09442,43.22557],[-79.09418,43.22551],[-79.09102,43.22549],[-79.09058,43.22562],[-79.09048,43.22577],[-79.09009,43.22669],[-79.09011,43.2274],[-79.09046,43.22786],[-79.09144,43.22835],[-79.09164,43.22859],[-79.09155,43.2293],[-79.0917,43.22929],[-79.09231,43.22943]]]}},{"type":"Feature","properties":{"serie":"Tavistock - Till Red Phase","texture":"VFSL","code_texture":"VFSL","drainage":"imparfait","pente":1.2,"classe_agricole":"1"},"geometry":{"type":"Polygon","coordinates":[[[-79.08829,43.22721],[-79.08857,43.22729],[-79.08926,43.2283],[-79.089,43.22875],[-79.08904,43.22937],[-79.08941,43.22971],[-79.09002,43.22979],[-79.09108,43.22934],[-79.09155,43.2293],[-79.09164,43.22859],[-79.09144,43.22835],[-79.09046,43.22786],[-79.09011,43.2274],[-79.09009,43.22669],[-79.09048,43.22577],[-79.08995,43.22559],[-79.09012,43.22505],[-79.08983,43.22479],[-79.08926,43.22478],[-79.0889,43.22523],[-79.08839,43.2269],[-79.08829,43.22721]]]}},{"type":"Feature","properties":{"serie":"Chinguacousy - Loamy Phase","texture":"loam limoneux","code_texture":"SIL","drainage":"imparfait","pente":1.2,"classe_agricole":"2"},"geometry":{"type":"Polygon","coordinates":[[[-79.0766,43.23029],[-79.07658,43.23051],[-79.07691,43.23068],[-79.07735,43.2305],[-79.07769,43.2299],[-79.07785,43.22865],[-79.07802,43.22846],[-79.07819,43.22751],[-79.07827,43.22688],[-79.07816,43.22641],[-79.07949,43.22606],[-79.08056,43.22538],[-79.08221,43.22403],[-79.08211,43.22364],[-79.08105,43.22396],[-79.07966,43.22488],[-79.07861,43.22514],[-79.07758,43.22484],[-79.07674,43.22409],[-79.07615,43.22341],[-79.07566,43.2232],[-79.07512,43.22343],[-79.07473,43.22381],[-79.07475,43.22439],[-79.07524,43.22469],[-79.07617,43.22494],[-79.07693,43.22544],[-79.07693,43.22638],[-79.07645,43.22717],[-79.07685,43.22773],[-79.07716,43.22848],[-79.07697,43.22917],[-79.07663,43.22988],[-79.0766,43.23029]]]}},{"type":"Feature","properties":{"serie":"Jeddo - Loamy Phase","texture":"loam","code_texture":"L","drainage":"pauvre","pente":1.2,"classe_agricole":"3"},"geometry":{"type":"Polygon","coordinates":[[[-79.06015,43.22031],[-79.05954,43.22065],[-79.05932,43.22146],[-79.05951,43.22149],[-79.05976,43.22171],[-79.05951,43.22295],[-79.05994,43.22364],[-79.06067,43.22332],[-79.06102,43.22277],[-79.06135,43.22128],[-79.06251,43.22029],[-79.06246,43.21995],[-79.06171,43.2202],[-79.06126,43.22021],[-79.06099,43.21998],[-79.06015,43.22031]]]}},{"type":"Feature","properties":{"serie":"Vittoria - Red Phase","texture":"VFSL","code_texture":"VFSL","drainage":"imparfait","pente":1.2,"classe_agricole":"1"},"geometry":{"type":"Polygon","coordinates":[[[-79.06638,43.22599],[-79.06708,43.2259],[-79.0683,43.22594],[-79.06887,43.22537],[-79.07036,43.22455],[-79.0709,43.22396],[-79.07025,43.22364],[-79.06944,43.22345],[-79.06877,43.22305],[-79.06827,43.22155],[-79.0675,43.22142],[-79.06656,43.22186],[-79.0662,43.2224],[-79.06632,43.22311],[-79.06702,43.22338],[-79.06751,43.22372],[-79.06721,43.22424],[-79.06557,43.22493],[-79.06591,43.22552],[-79.06638,43.22599]]]}},{"type":"Feature","properties":{"serie":"Chinguacousy - Loamy Phase","texture":"loam limoneux","code_texture":"SIL","drainage":"imparfait","pente":1.2,"classe_agricole":"2"},"geometry":{"type":"Polygon","coordinates":[[[-79.08611,43.22919],[-79.08641,43.2292],[-79.08723,43.22951],[-79.08736,43.22975],[-79.08761,43.22966],[-79.0881,43.22974],[-79.08835,43.22959],[-79.08816,43.22851],[-79.08735,43.22785],[-79.08715,43.22755],[-79.08708,43.22701],[-79.08681,43.22647],[-79.08597,43.22605],[-79.08534,43.22602],[-79.08505,43.22631],[-79.08493,43.22694],[-79.08416,43.22761],[-79.08386,43.22803],[-79.08355,43.22802],[-79.08333,43.22765],[-79.08318,43.22697],[-79.0834,43.22632],[-79.0842,43.22602],[-79.08452,43.22569],[-79.08403,43.22522],[-79.08327,43.22499],[-79.08282,43.22547],[-79.08291,43.22608],[-79.08259,43.22687],[-79.0819,43.2274],[-79.08186,43.22772],[-79.08248,43.22881],[-79.08443,43.22883],[-79.08604,43.22818],[-79.0861,43.2288],[-79.08611,43.22919]]]}},{"type":"Feature","properties":{"serie":"Chinguacousy - Loamy Phase","texture":"loam limoneux","code_texture":"SIL","drainage":"imparfait","pente":3.5,"classe_agricole":"2"},"geometry":{"type":"Polygon","coordinates":[[[-79.08546,43.23465],[-79.08563,43.23477],[-79.08588,43.23477],[-79.0865,43.23448],[-79.08655,43.23372],[-79.08689,43.23294],[-79.08674,43.23273],[-79.08667,43.23216],[-79.08728,43.23153],[-79.08796,43.23107],[-79.08858,43.23081],[-79.08887,43.23083],[-79.08826,43.23152],[-79.0884,43.23167],[-79.08965,43.23086],[-79.09037,43.23059],[-79.09203,43.2304],[-79.09245,43.23017],[-79.09324,43.23013],[-79.09292,43.22979],[-79.09231,43.22943],[-79.0917,43.22929],[-79.09108,43.22934],[-79.09002,43.22979],[-79.08941,43.22971],[-79.08904,43.22937],[-79.089,43.22875],[-79.08926,43.2283],[-79.08857,43.22729],[-79.0881,43.22714],[-79.08797,43.22747],[-79.08835,43.22959],[-79.0881,43.22974],[-79.08761,43.22966],[-79.08736,43.22975],[-79.08757,43.22998],[-79.08852,43.2301],[-79.08861,43.2304],[-79.08761,43.23035],[-79.08711,43.23051],[-79.08612,43.23211],[-79.08576,43.2324],[-79.08532,43.23246],[-79.08469,43.23233],[-79.08372,43.23175],[-79.0836,43.23214],[-79.08421,43.23284],[-79.08455,43.23348],[-79.08468,43.23396],[-79.08514,43.23441],[-79.08546,43.23465]]]}},{"type":"Feature","properties":{"serie":"Chinguacousy","texture":"loam argileux","code_texture":"CL","drainage":"imparfait","pente":3.5,"classe_agricole":"2"},"geometry":{"type":"Polygon","coordinates":[[[-79.05925,43.22174],[-79.05888,43.22396],[-79.05994,43.22364],[-79.05951,43.22295],[-79.05976,43.22171],[-79.05951,43.22149],[-79.05932,43.22146],[-79.05925,43.22174]]]}},{"type":"Feature","properties":{"serie":"Chinguacousy - Loamy Phase","texture":"loam limoneux","code_texture":"SIL","drainage":"imparfait","pente":1.2,"classe_agricole":"2"},"geometry":{"type":"Polygon","coordinates":[[[-79.0683,43.22594],[-79.06858,43.22646],[-79.06937,43.22677],[-79.07162,43.22677],[-79.07354,43.22619],[-79.07372,43.22624],[-79.07385,43.22597],[-79.07381,43.22544],[-79.07339,43.22484],[-79.07293,43.22453],[-79.07266,43.22448],[-79.07241,43.22468],[-79.07216,43.22554],[-79.07199,43.22561],[-79.0716,43.22467],[-79.07108,43.22405],[-79.0709,43.22396],[-79.07036,43.22455],[-79.06887,43.22537],[-79.0683,43.22594]]]}},{"type":"Feature","properties":{"serie":"Chinguacousy - Red Washed Phase","texture":"loam","code_texture":"L","drainage":"imparfait","pente":1.2,"classe_agricole":"1"},"geometry":{"type":"Polygon","coordinates":[[[-79.06934,43.22837],[-79.06983,43.22929],[-79.07069,43.22949],[-79.07327,43.22924],[-79.07445,43.22903],[-79.07529,43.22821],[-79.07537,43.22784],[-79.07523,43.22662],[-79.07568,43.22641],[-79.07571,43.22619],[-79.07524,43.22574],[-79.07484,43.22553],[-79.0745,43.22581],[-79.07391,43.22679],[-79.07359,43.22701],[-79.07346,43.22695],[-79.07229,43.22737],[-79.07091,43.22745],[-79.07041,43.22757],[-79.06959,43.22805],[-79.06941,43.22828],[-79.06934,43.22837]]]}},{"type":"Feature","properties":{"serie":"Tavistock - Till Phase","texture":"loam","code_texture":"L","drainage":"imparfait","pente":1.2,"classe_agricole":"1"},"geometry":{"type":"Polygon","coordinates":[[[-79.05977,43.2237],[-79.05999,43.22485],[-79.06026,43.22564],[-79.06013,43.22667],[-79.06089,43.22783],[-79.06126,43.22799],[-79.06183,43.22717],[-79.06283,43.22636],[-79.06271,43.22611],[-79.06391,43.22493],[-79.0637,43.22433],[-79.06328,43.22374],[-79.06261,43.22347],[-79.06222,43.22393],[-79.06234,43.22509],[-79.06216,43.22548],[-79.06148,43.22609],[-79.06117,43.22618],[-79.06084,43.22587],[-79.06098,43.22529],[-79.06131,43.22469],[-79.06142,43.22429],[-79.06131,43.22373],[-79.06077,43.22316],[-79.06067,43.22332],[-79.05994,43.22364],[-79.05977,43.2237]]]}},{"type":"Feature","properties":{"serie":"Tavistock - Till Phase","texture":"loam","code_texture":"L","drainage":"imparfait","pente":1.2,"classe_agricole":"1"},"geometry":{"type":"Polygon","coordinates":[[[-79.06429,43.23258],[-79.0657,43.23282],[-79.06691,43.23285],[-79.06795,43.23259],[-79.06853,43.23172],[-79.06852,43.23071],[-79.06802,43.23015],[-79.06893,43.22954],[-79.06863,43.22897],[-79.06878,43.2284],[-79.06914,43.22807],[-79.06934,43.22837],[-79.06959,43.22805],[-79.07041,43.22757],[-79.07091,43.22745],[-79.07229,43.22737],[-79.07331,43.22704],[-79.07346,43.22695],[-79.07372,43.22624],[-79.07354,43.22619],[-79.07162,43.22677],[-79.06937,43.22677],[-79.06858,43.22646],[-79.0683,43.22594],[-79.06708,43.2259],[-79.06638,43.22599],[-79.0658,43.22676],[-79.06607,43.22772],[-79.06592,43.22838],[-79.06631,43.22891],[-79.06647,43.22935],[-79.06466,43.22966],[-79.06402,43.22995],[-79.06499,43.23066],[-79.06533,43.23108],[-79.06515,43.23171],[-79.0646,43.23228],[-79.06429,43.23258]]]}},{"type":"Feature","properties":{"serie":"Chinguacousy - Loamy Phase","texture":"loam limoneux","code_texture":"SIL","drainage":"imparfait","pente":3.5,"classe_agricole":"2"},"geometry":{"type":"Polygon","coordinates":[[[-79.06121,43.23103],[-79.06167,43.23162],[-79.06226,43.23134],[-79.06277,43.23126],[-79.06286,43.23081],[-79.06325,43.2303],[-79.06466,43.22966],[-79.06647,43.22935],[-79.06631,43.22891],[-79.06592,43.22838],[-79.06607,43.22772],[-79.06582,43.22695],[-79.06528,43.22726],[-79.06522,43.22777],[-79.06502,43.22826],[-79.06344,43.22921],[-79.0627,43.22996],[-79.06202,43.23091],[-79.06172,43.2307],[-79.06177,43.23005],[-79.06158,43.22842],[-79.06203,43.22802],[-79.06219,43.22753],[-79.06323,43.22684],[-79.06338,43.22643],[-79.06283,43.22636],[-79.06183,43.22717],[-79.06126,43.22799],[-79.06089,43.22783],[-79.06013,43.22667],[-79.06026,43.22564],[-79.05999,43.22485],[-79.05977,43.2237],[-79.05888,43.22396],[-79.05884,43.22435],[-79.05848,43.22457],[-79.05833,43.22478],[-79.05833,43.22554],[-79.05811,43.22586],[-79.05824,43.22621],[-79.0592,43.22684],[-79.05942,43.22727],[-79.05948,43.22761],[-79.05984,43.22777],[-79.06036,43.22877],[-79.06094,43.23033],[-79.06121,43.23103]]]}},{"type":"Feature","properties":{"serie":"Tavistock - Till Phase","texture":"loam","code_texture":"L","drainage":"imparfait","pente":1.2,"classe_agricole":"1"},"geometry":{"type":"Polygon","coordinates":[[[-79.08372,43.23175],[-79.08469,43.23233],[-79.08532,43.23246],[-79.08576,43.2324],[-79.08612,43.23211],[-79.08711,43.23051],[-79.08761,43.23035],[-79.08861,43.2304],[-79.08852,43.2301],[-79.08757,43.22998],[-79.08723,43.22951],[-79.08641,43.2292],[-79.08574,43.22918],[-79.08419,43.22945],[-79.08365,43.22968],[-79.08335,43.23002],[-79.08326,43.23067],[-79.08359,43.23132],[-79.08372,43.23175]]]}},{"type":"Feature","properties":{"serie":"Chinguacousy - Loamy Phase","texture":"loam limoneux","code_texture":"SIL","drainage":"imparfait","pente":1.2,"classe_agricole":"2"},"geometry":{"type":"Polygon","coordinates":[[[-79.08689,43.23294],[-79.08709,43.23271],[-79.08798,43.23254],[-79.08856,43.23271],[-79.08964,43.23391],[-79.09042,43.23414],[-79.09138,43.23396],[-79.09267,43.23356],[-79.09363,43.23338],[-79.0947,43.23294],[-79.09488,43.23305],[-79.09532,43.23245],[-79.09536,43.23193],[-79.09501,43.2314],[-79.09445,43.23119],[-79.09286,43.23094],[-79.09203,43.2304],[-79.09037,43.23059],[-79.08965,43.23086],[-79.0884,43.23167],[-79.08826,43.23152],[-79.08887,43.23083],[-79.08858,43.23081],[-79.08796,43.23107],[-79.08728,43.23153],[-79.08667,43.23216],[-79.08674,43.23273],[-79.08689,43.23294]]]}},{"type":"Feature","properties":{"serie":"Tavistock","texture":"loam","code_texture":"L","drainage":"imparfait","pente":1.2,"classe_agricole":"1"},"geometry":{"type":"Polygon","coordinates":[[[-79.06338,43.22643],[-79.06323,43.22684],[-79.06219,43.22753],[-79.06203,43.22802],[-79.06158,43.22842],[-79.06177,43.23005],[-79.06172,43.2307],[-79.06202,43.23091],[-79.0627,43.22996],[-79.06344,43.22921],[-79.06502,43.22826],[-79.06522,43.22777],[-79.06528,43.22726],[-79.06497,43.22685],[-79.06541,43.22612],[-79.06531,43.22557],[-79.06474,43.22525],[-79.06422,43.2254],[-79.06369,43.22593],[-79.06338,43.22643]]]}},{"type":"Feature","properties":{"serie":"Chinguacousy - Washed Phase","texture":"loam","code_texture":"L","drainage":"imparfait","pente":1.2,"classe_agricole":"1"},"geometry":{"type":"Polygon","coordinates":[[[-79.08005,43.23411],[-79.0806,43.23414],[-79.0808,43.23362],[-79.08109,43.23344],[-79.08143,43.23346],[-79.08185,43.23304],[-79.08211,43.23213],[-79.08179,43.23117],[-79.08083,43.23046],[-79.07968,43.2306],[-79.07861,43.23092],[-79.07841,43.23037],[-79.07865,43.22941],[-79.07857,43.22891],[-79.07802,43.22846],[-79.07785,43.22865],[-79.07769,43.2299],[-79.07735,43.2305],[-79.0776,43.23078],[-79.07767,43.23176],[-79.07831,43.23221],[-79.07942,43.23219],[-79.07866,43.23312],[-79.07874,43.23343],[-79.07938,43.23337],[-79.07986,43.23358],[-79.08005,43.23411]]]}},{"type":"Feature","properties":{"serie":"Beverly - Loamy Phase","texture":"loam limoneux","code_texture":"SIL","drainage":"imparfait","pente":1.2,"classe_agricole":"2"},"geometry":{"type":"Polygon","coordinates":[[[-79.09119,43.24679],[-79.09176,43.24713],[-79.09279,43.24678],[-79.09383,43.24661],[-79.09416,43.2464],[-79.0945,43.24597],[-79.09454,43.24581],[-79.09439,43.24546],[-79.09447,43.245],[-79.09478,43.24493],[-79.09536,43.24528],[-79.09582,43.2452],[-79.09633,43.24493],[-79.09668,43.24461],[-79.09695,43.24458],[-79.09709,43.24331],[-79.0974,43.24281],[-79.09668,43.24257],[-79.09582,43.24257],[-79.09513,43.24219],[-79.09454,43.24212],[-79.09441,43.24141],[-79.09393,43.2415],[-79.09335,43.24147],[-79.09289,43.2411],[-79.09281,43.24056],[-79.09315,43.24021],[-79.09338,43.24025],[-79.09344,43.23928],[-79.09388,43.23874],[-79.09462,43.23844],[-79.09695,43.23837],[-79.097,43.23802],[-79.09636,43.23726],[-79.09612,43.23652],[-79.0957,43.23593],[-79.09505,43.23629],[-79.09409,43.23725],[-79.09307,43.23759],[-79.09187,43.23715],[-79.0909,43.23637],[-79.09034,43.23547],[-79.09048,43.23486],[-79.09193,43.23505],[-79.09313,43.23503],[-79.09394,43.23488],[-79.09451,43.23466],[-79.09524,43.23405],[-79.09514,43.23388],[-79.09465,43.23379],[-79.09461,43.23353],[-79.09488,43.23305],[-79.0947,43.23294],[-79.09363,43.23338],[-79.09042,43.23414],[-79.08964,43.23391],[-79.08856,43.23271],[-79.08798,43.23254],[-79.08709,43.23271],[-79.08677,43.23307],[-79.08668,43.23332],[-79.0873,43.23325],[-79.08774,43.23368],[-79.08809,43.23425],[-79.08808,43.23482],[-79.08769,43.23614],[-79.08733,43.23677],[-79.0864,43.23746],[-79.08675,43.23772],[-79.08721,43.23788],[-79.08766,43.23827],[-79.0881,43.23893],[-79.08862,43.23942],[-79.08871,43.23993],[-79.08849,43.24063],[-79.08917,43.24107],[-79.08949,43.24166],[-79.09028,43.24181],[-79.09046,43.2424],[-79.08983,43.24302],[-79.08997,43.24327],[-79.09092,43.24423],[-79.09077,43.24502],[-79.09074,43.24573],[-79.09126,43.24637],[-79.09119,43.24679]]]}},{"type":"Feature","properties":{"serie":"Maplewood - Till Red Phase","texture":"loam limoneux","code_texture":"SIL","drainage":"pauvre","pente":1.2,"classe_agricole":"2"},"geometry":{"type":"Polygon","coordinates":[[[-79.06291,43.23462],[-79.06447,43.23574],[-79.06518,43.23638],[-79.06527,43.23666],[-79.0665,43.23724],[-79.06711,43.23738],[-79.06718,43.23723],[-79.06743,43.23714],[-79.06747,43.23685],[-79.06803,43.23655],[-79.06852,43.23614],[-79.0683,43.23547],[-79.06743,43.23518],[-79.067,43.23486],[-79.06746,43.23453],[-79.06756,43.23413],[-79.06728,43.2337],[-79.06782,43.23313],[-79.06861,43.23288],[-79.07053,43.23297],[-79.07192,43.23316],[-79.07263,43.2329],[-79.07464,43.23247],[-79.07511,43.23215],[-79.07487,43.23108],[-79.07539,43.23078],[-79.07558,43.23012],[-79.07522,43.22942],[-79.07445,43.22903],[-79.07327,43.22924],[-79.07069,43.22949],[-79.06983,43.22929],[-79.06914,43.22807],[-79.06878,43.2284],[-79.06863,43.22897],[-79.06893,43.22954],[-79.06802,43.23015],[-79.06852,43.23071],[-79.06853,43.23172],[-79.06795,43.23259],[-79.06691,43.23285],[-79.0657,43.23282],[-79.06429,43.23258],[-79.06376,43.23271],[-79.06364,43.23306],[-79.06472,43.23355],[-79.06524,43.23399],[-79.06519,43.23434],[-79.0648,43.23456],[-79.0637,43.23413],[-79.06324,43.2341],[-79.06284,43.23435],[-79.06291,43.23462]],[[-79.07337,43.23034],[-79.07366,43.23114],[-79.07363,43.23179],[-79.07303,43.23202],[-79.07206,43.23204],[-79.07119,43.23244],[-79.07052,43.23254],[-79.07001,43.23245],[-79.06927,43.232],[-79.06909,43.23144],[-79.0693,43.23064],[-79.06984,43.23023],[-79.07069,43.23012],[-79.0717,43.22981],[-79.07279,43.22977],[-79.07337,43.23034]]]}},{"type":"Feature","properties":{"serie":"Chinguacousy - Loamy Phase","texture":"loam limoneux","code_texture":"SIL","drainage":"imparfait","pente":1.2,"classe_agricole":"2"},"geometry":{"type":"Polygon","coordinates":[[[-79.0588,43.22771],[-79.05948,43.22761],[-79.05942,43.22727],[-79.0592,43.22684],[-79.05824,43.22621],[-79.0588,43.22771]]]}},{"type":"Feature","properties":{"serie":"Ridgeville","texture":"FSL","code_texture":"FSL","drainage":"imparfait","pente":1.2,"classe_agricole":"2"},"geometry":{"type":"Polygon","coordinates":[[[-79.06826,43.23767],[-79.06883,43.23771],[-79.06927,43.23753],[-79.06913,43.23728],[-79.06922,43.23686],[-79.06999,43.23594],[-79.0698,43.23556],[-79.07035,43.23521],[-79.07116,43.23528],[-79.07198,43.23554],[-79.0739,43.23523],[-79.07432,43.23587],[-79.07469,43.23593],[-79.07564,43.23549],[-79.0766,43.23452],[-79.07739,43.23409],[-79.07744,43.23393],[-79.07699,43.23375],[-79.07732,43.23349],[-79.07778,43.23334],[-79.07794,43.23272],[-79.07831,43.23221],[-79.07767,43.23176],[-79.0776,43.23078],[-79.07735,43.2305],[-79.07691,43.23068],[-79.07658,43.23051],[-79.0766,43.23029],[-79.07544,43.23062],[-79.07539,43.23078],[-79.07487,43.23108],[-79.07511,43.23215],[-79.07464,43.23247],[-79.07263,43.2329],[-79.07192,43.23316],[-79.07053,43.23297],[-79.06861,43.23288],[-79.06782,43.23313],[-79.06728,43.2337],[-79.06756,43.23413],[-79.06746,43.23453],[-79.067,43.23486],[-79.06743,43.23518],[-79.0683,43.23547],[-79.06852,43.23614],[-79.06803,43.23655],[-79.06747,43.23685],[-79.06743,43.23714],[-79.06759,43.23709],[-79.06803,43.23724],[-79.06826,43.23767]]]}},{"type":"Feature","properties":{"serie":"Ridgeville","texture":"FSL","code_texture":"FSL","drainage":"imparfait","pente":1.2,"classe_agricole":"2"},"geometry":{"type":"Polygon","coordinates":[[[-79.0717,43.22981],[-79.07069,43.23012],[-79.06984,43.23023],[-79.0693,43.23064],[-79.06909,43.23144],[-79.06927,43.232],[-79.07001,43.23245],[-79.07052,43.23254],[-79.07119,43.23244],[-79.07206,43.23204],[-79.07303,43.23202],[-79.07363,43.23179],[-79.07366,43.23114],[-79.07337,43.23034],[-79.07279,43.22977],[-79.0717,43.22981]]]}},{"type":"Feature","properties":{"serie":"Tavistock","texture":"loam","code_texture":"L","drainage":"imparfait","pente":1.2,"classe_agricole":"1"},"geometry":{"type":"Polygon","coordinates":[[[-79.07469,43.23593],[-79.07508,43.23629],[-79.07538,43.23687],[-79.07599,43.23736],[-79.07785,43.23751],[-79.07821,43.23776],[-79.07818,43.23797],[-79.07805,43.23801],[-79.0805,43.23799],[-79.0804,43.23711],[-79.08086,43.23708],[-79.08125,43.23658],[-79.08205,43.23609],[-79.08189,43.23584],[-79.08079,43.23535],[-79.0805,43.23496],[-79.08075,43.23458],[-79.08284,43.23408],[-79.08286,43.23376],[-79.08316,43.23358],[-79.08455,43.23348],[-79.08421,43.23284],[-79.08379,43.23237],[-79.08321,43.23271],[-79.08237,43.23344],[-79.08164,43.23383],[-79.08131,43.23359],[-79.08143,43.23346],[-79.08109,43.23344],[-79.0808,43.23362],[-79.0806,43.23414],[-79.08005,43.23411],[-79.07985,43.2345],[-79.07808,43.23488],[-79.0767,43.2357],[-79.07606,43.23578],[-79.07564,43.23549],[-79.07507,43.23571],[-79.07469,43.23593]]]}},{"type":"Feature","properties":{"serie":"Beverly - Loamy Phase","texture":"loam limoneux","code_texture":"SIL","drainage":"imparfait","pente":1.2,"classe_agricole":"2"},"geometry":{"type":"Polygon","coordinates":[[[-79.0865,43.23448],[-79.08636,43.23523],[-79.086,43.23578],[-79.08615,43.23631],[-79.08585,43.23678],[-79.08581,43.23711],[-79.0864,43.23746],[-79.08733,43.23677],[-79.08769,43.23614],[-79.08808,43.23482],[-79.08809,43.23425],[-79.08774,43.23368],[-79.0873,43.23325],[-79.08668,43.23332],[-79.08655,43.23372],[-79.0865,43.23448]]]}},{"type":"Feature","properties":{"serie":"Jeddo - Loamy Phase","texture":"loam","code_texture":"L","drainage":"pauvre","pente":1.2,"classe_agricole":"3"},"geometry":{"type":"Polygon","coordinates":[[[-79.07692,43.23434],[-79.07736,43.2346],[-79.0778,43.23454],[-79.07822,43.23425],[-79.07849,43.23388],[-79.07874,43.23343],[-79.07866,43.23312],[-79.07942,43.23219],[-79.07831,43.23221],[-79.07794,43.23272],[-79.07778,43.23334],[-79.07732,43.23349],[-79.07699,43.23375],[-79.07744,43.23393],[-79.07739,43.23409],[-79.07692,43.23434]]]}},{"type":"Feature","properties":{"serie":"Chinguacousy - Loamy Phase","texture":"loam limoneux","code_texture":"SIL","drainage":"imparfait","pente":1.2,"classe_agricole":"2"},"geometry":{"type":"Polygon","coordinates":[[[-79.0591,43.22848],[-79.05941,43.22957],[-79.06058,43.22933],[-79.06013,43.22827],[-79.0591,43.22848]]]}},{"type":"Feature","properties":{"serie":"Oneida","texture":"loam argileux","code_texture":"CL","drainage":"modérément bon","pente":1.2,"classe_agricole":"2"},"geometry":{"type":"Polygon","coordinates":[[[-79.08135,43.23732],[-79.08209,43.23903],[-79.08314,43.23849],[-79.08402,43.23776],[-79.08427,43.23735],[-79.08406,43.23683],[-79.08446,43.2363],[-79.08497,43.23589],[-79.0851,43.2354],[-79.08546,43.23465],[-79.08468,43.23396],[-79.08455,43.23348],[-79.08316,43.23358],[-79.08286,43.23376],[-79.08284,43.23408],[-79.08315,43.2344],[-79.08364,43.23463],[-79.08374,43.23501],[-79.08333,43.23542],[-79.08125,43.23658],[-79.08086,43.23708],[-79.08124,43.23707],[-79.08135,43.23732]]]}},{"type":"Feature","properties":{"serie":"Oneida","texture":"loam argileux","code_texture":"CL","drainage":"modérément bon","pente":12,"classe_agricole":"4"},"geometry":{"type":"Polygon","coordinates":[[[-79.08833,43.24323],[-79.0884,43.24354],[-79.08914,43.24337],[-79.08996,43.24295],[-79.09046,43.2424],[-79.09028,43.24181],[-79.08949,43.24166],[-79.08917,43.24107],[-79.08849,43.24063],[-79.08748,43.24033],[-79.08659,43.23956],[-79.08663,43.23896],[-79.08631,43.23842],[-79.08628,43.23807],[-79.08675,43.23772],[-79.08581,43.23711],[-79.08585,43.23678],[-79.08615,43.23631],[-79.086,43.23578],[-79.08636,43.23523],[-79.0865,43.23448],[-79.08588,43.23477],[-79.08563,43.23477],[-79.08546,43.23465],[-79.08536,43.23473],[-79.08497,43.23589],[-79.08446,43.2363],[-79.08406,43.23683],[-79.08427,43.23735],[-79.08402,43.23776],[-79.08314,43.23849],[-79.08209,43.23903],[-79.08229,43.23949],[-79.08308,43.23946],[-79.08336,43.24028],[-79.08267,43.24035],[-79.083,43.24108],[-79.08417,43.24105],[-79.0843,43.24133],[-79.08419,43.24154],[-79.08423,43.24167],[-79.08398,43.24173],[-79.08412,43.24214],[-79.08349,43.2422],[-79.08366,43.24264],[-79.08709,43.24299],[-79.08776,43.24297],[-79.08833,43.24323]],[[-79.08619,43.24052],[-79.0869,43.24085],[-79.0868,43.24119],[-79.08639,43.24147],[-79.08611,43.2416],[-79.08592,43.24153],[-79.08575,43.24128],[-79.08565,43.24078],[-79.08539,43.24048],[-79.08503,43.24027],[-79.08549,43.24012],[-79.08619,43.24052]],[[-79.08977,43.24196],[-79.09013,43.24211],[-79.09014,43.24236],[-79.08993,43.24266],[-79.0893,43.24297],[-79.08894,43.24268],[-79.08879,43.2422],[-79.08897,43.24194],[-79.08923,43.24189],[-79.08977,43.24196]]]}},{"type":"Feature","properties":{"serie":"Tuscola - Red Phase","texture":"loam","code_texture":"L","drainage":"imparfait","pente":1.2,"classe_agricole":"1"},"geometry":{"type":"Polygon","coordinates":[[[-79.0637,43.23413],[-79.0648,43.23456],[-79.06519,43.23434],[-79.06524,43.23399],[-79.06472,43.23355],[-79.06364,43.23306],[-79.06376,43.23271],[-79.06429,43.23258],[-79.06515,43.23171],[-79.06533,43.23108],[-79.06499,43.23066],[-79.06402,43.22995],[-79.06325,43.2303],[-79.06286,43.23081],[-79.06277,43.23126],[-79.06299,43.23123],[-79.06294,43.23202],[-79.06265,43.23278],[-79.06232,43.23277],[-79.06207,43.23345],[-79.06292,43.23351],[-79.06276,43.2343],[-79.06284,43.23435],[-79.06324,43.2341],[-79.0637,43.23413]]]}},{"type":"Feature","properties":{"serie":"Vineland","texture":"VFSL","code_texture":"VFSL","drainage":"imparfait","pente":1.2,"classe_agricole":"1"},"geometry":{"type":"Polygon","coordinates":[[[-79.07564,43.23549],[-79.07606,43.23578],[-79.0767,43.2357],[-79.07808,43.23488],[-79.07985,43.2345],[-79.08005,43.23411],[-79.07986,43.23358],[-79.07938,43.23337],[-79.07874,43.23343],[-79.07822,43.23425],[-79.0778,43.23454],[-79.07736,43.2346],[-79.07692,43.23434],[-79.07597,43.23511],[-79.07564,43.23549]]]}},{"type":"Feature","properties":{"serie":"Chinguacousy","texture":"loam argileux","code_texture":"CL","drainage":"imparfait","pente":1.2,"classe_agricole":"2"},"geometry":{"type":"Polygon","coordinates":[[[-79.08284,43.23408],[-79.08075,43.23458],[-79.0805,43.23496],[-79.08079,43.23535],[-79.08189,43.23584],[-79.08205,43.23609],[-79.08333,43.23542],[-79.08374,43.23501],[-79.08364,43.23463],[-79.08315,43.2344],[-79.08284,43.23408]]]}},{"type":"Feature","properties":{"serie":"Beverly - Loamy Phase","texture":"loam limoneux","code_texture":"SIL","drainage":"imparfait","pente":1.2,"classe_agricole":"2"},"geometry":{"type":"Polygon","coordinates":[[[-79.08675,43.23772],[-79.08628,43.23807],[-79.08631,43.23842],[-79.08663,43.23896],[-79.08659,43.23956],[-79.08748,43.24033],[-79.08849,43.24063],[-79.08871,43.23993],[-79.08862,43.23942],[-79.0881,43.23893],[-79.08766,43.23827],[-79.08721,43.23788],[-79.08675,43.23772]]]}},{"type":"Feature","properties":{"serie":"Vineland","texture":"VFSL","code_texture":"VFSL","drainage":"imparfait","pente":1.2,"classe_agricole":"1"},"geometry":{"type":"Polygon","coordinates":[[[-79.06927,43.23753],[-79.0694,43.2374],[-79.06959,43.23768],[-79.06931,43.23813],[-79.06965,43.23833],[-79.07035,43.23809],[-79.07055,43.23827],[-79.07046,43.23865],[-79.07114,43.2389],[-79.07289,43.23926],[-79.0737,43.23926],[-79.07432,43.23883],[-79.07455,43.23808],[-79.07439,43.23755],[-79.07404,43.23696],[-79.07404,43.23626],[-79.07432,43.23587],[-79.07426,43.23568],[-79.0739,43.23523],[-79.07198,43.23554],[-79.07116,43.23528],[-79.07035,43.23521],[-79.0698,43.23556],[-79.06999,43.23594],[-79.06922,43.23686],[-79.06913,43.23728],[-79.06927,43.23753]]]}},{"type":"Feature","properties":{"serie":"Tavistock","texture":"loam","code_texture":"L","drainage":"imparfait","pente":1.2,"classe_agricole":"1"},"geometry":{"type":"Polygon","coordinates":[[[-79.07096,43.23931],[-79.07128,43.23997],[-79.07177,43.24032],[-79.07372,43.24078],[-79.07424,43.24127],[-79.07458,43.24083],[-79.07409,43.23951],[-79.07528,43.23927],[-79.07647,43.238],[-79.07818,43.23797],[-79.07821,43.23776],[-79.07785,43.23751],[-79.07599,43.23736],[-79.07538,43.23687],[-79.07508,43.23629],[-79.07469,43.23593],[-79.07432,43.23587],[-79.07404,43.23626],[-79.07404,43.23696],[-79.07439,43.23755],[-79.07455,43.23808],[-79.07432,43.23883],[-79.0737,43.23926],[-79.07289,43.23926],[-79.07114,43.2389],[-79.07046,43.23865],[-79.07055,43.23827],[-79.07035,43.23809],[-79.06965,43.23833],[-79.06931,43.23813],[-79.06959,43.23768],[-79.0694,43.2374],[-79.06883,43.23771],[-79.06826,43.23767],[-79.06818,43.23811],[-79.06831,43.23843],[-79.07004,43.23898],[-79.07096,43.23931]]]}},{"type":"Feature","properties":{"serie":"Chinguacousy - Loamy Phase","texture":"loam limoneux","code_texture":"SIL","drainage":"imparfait","pente":3.5,"classe_agricole":"2"},"geometry":{"type":"Polygon","coordinates":[[[-79.06438,43.23953],[-79.0647,43.24011],[-79.06494,43.24012],[-79.06521,43.23919],[-79.06543,43.23928],[-79.06563,43.2397],[-79.06596,43.23964],[-79.06616,43.23927],[-79.06605,43.23858],[-79.06543,43.23719],[-79.06518,43.23638],[-79.06447,43.23574],[-79.06291,43.23462],[-79.06126,43.23458],[-79.06122,43.23468],[-79.06101,43.23608],[-79.06108,43.2375],[-79.06091,43.23888],[-79.06189,43.23874],[-79.06236,43.23882],[-79.06266,43.23922],[-79.06279,43.23898],[-79.06252,43.23828],[-79.06243,43.23766],[-79.06335,43.23761],[-79.06408,43.23779],[-79.06381,43.23826],[-79.06367,43.23893],[-79.06438,43.23953]]]}},{"type":"Feature","properties":{"serie":"Alluvium","texture":"loam limoneux","code_texture":"SIL","drainage":null,"pente":1.2,"classe_agricole":"3"},"geometry":{"type":"Polygon","coordinates":[[[-79.08503,43.24027],[-79.08539,43.24048],[-79.08565,43.24078],[-79.08584,43.24146],[-79.08611,43.2416],[-79.0868,43.24119],[-79.0869,43.24085],[-79.08549,43.24012],[-79.08503,43.24027]]]}},{"type":"Feature","properties":{"serie":"Tavistock","texture":"loam","code_texture":"L","drainage":"imparfait","pente":3.5,"classe_agricole":"2"},"geometry":{"type":"Polygon","coordinates":[[[-79.07036,43.24307],[-79.07072,43.24393],[-79.07122,43.24372],[-79.07265,43.24209],[-79.07164,43.24191],[-79.07055,43.24195],[-79.06972,43.24171],[-79.06921,43.24112],[-79.06879,43.24003],[-79.0678,43.23928],[-79.06782,43.23888],[-79.06831,43.23843],[-79.06818,43.23811],[-79.06826,43.23767],[-79.06803,43.23724],[-79.06759,43.23709],[-79.06718,43.23723],[-79.06696,43.23776],[-79.06692,43.23865],[-79.06667,43.2397],[-79.06565,43.24032],[-79.06584,43.24065],[-79.06685,43.2403],[-79.06762,43.2402],[-79.06709,43.24081],[-79.06683,43.24151],[-79.06762,43.24205],[-79.06847,43.24232],[-79.06903,43.24275],[-79.069,43.243],[-79.06978,43.24342],[-79.07011,43.24305],[-79.07036,43.24307]]]}},{"type":"Feature","properties":{"serie":"Maplewood","texture":"loam","code_texture":"L","drainage":"pauvre","pente":1.2,"classe_agricole":"2"},"geometry":{"type":"Polygon","coordinates":[[[-79.06766,43.24303],[-79.06796,43.24321],[-79.06817,43.2436],[-79.06878,43.24293],[-79.069,43.243],[-79.06903,43.24275],[-79.06847,43.24232],[-79.06762,43.24205],[-79.06683,43.24151],[-79.06709,43.24081],[-79.06762,43.2402],[-79.06685,43.2403],[-79.06584,43.24065],[-79.06565,43.24032],[-79.06667,43.2397],[-79.06692,43.23865],[-79.06696,43.23776],[-79.06711,43.23738],[-79.0665,43.23724],[-79.06527,43.23666],[-79.06605,43.23858],[-79.06616,43.23927],[-79.06596,43.23964],[-79.06563,43.2397],[-79.06543,43.23928],[-79.06521,43.23919],[-79.06494,43.24012],[-79.0647,43.24011],[-79.06438,43.23953],[-79.06367,43.23893],[-79.06381,43.23826],[-79.06408,43.23779],[-79.06335,43.23761],[-79.06243,43.23766],[-79.06252,43.23828],[-79.06279,43.23898],[-79.06266,43.23922],[-79.06351,43.24034],[-79.06396,43.24115],[-79.06402,43.24182],[-79.06391,43.24199],[-79.06436,43.24206],[-79.06449,43.24189],[-79.06485,43.24175],[-79.06699,43.24272],[-79.06766,43.24303]]]}},{"type":"Feature","properties":{"serie":"Alluvium","texture":"loam limoneux","code_texture":"SIL","drainage":null,"pente":1.2,"classe_agricole":"3"},"geometry":{"type":"Polygon","coordinates":[[[-79.08897,43.24194],[-79.08879,43.2422],[-79.08894,43.24268],[-79.0893,43.24297],[-79.08993,43.24266],[-79.09014,43.24236],[-79.09013,43.24211],[-79.08923,43.24189],[-79.08897,43.24194]]]}},{"type":"Feature","properties":{"serie":"Tavistock","texture":"loam","code_texture":"L","drainage":"imparfait","pente":1.2,"classe_agricole":"1"},"geometry":{"type":"Polygon","coordinates":[[[-79.07265,43.24209],[-79.07348,43.24244],[-79.07423,43.24139],[-79.07424,43.24127],[-79.07372,43.24078],[-79.07177,43.24032],[-79.07128,43.23997],[-79.07096,43.23931],[-79.06831,43.23843],[-79.06782,43.23888],[-79.0678,43.23928],[-79.06879,43.24003],[-79.06921,43.24112],[-79.06972,43.24171],[-79.07055,43.24195],[-79.07164,43.24191],[-79.07265,43.24209]]]}},{"type":"Feature","properties":{"serie":"Brantford","texture":"loam limono-argileux","code_texture":"SICL","drainage":"modérément bon","pente":22.5,"classe_agricole":"5"},"geometry":{"type":"Polygon","coordinates":[[[-79.09199,43.25423],[-79.09218,43.25451],[-79.093,43.25441],[-79.09563,43.25387],[-79.09623,43.25366],[-79.0952,43.25251],[-79.09331,43.25286],[-79.09251,43.25255],[-79.09245,43.25194],[-79.09092,43.25205],[-79.09079,43.25186],[-79.09088,43.25158],[-79.09058,43.25134],[-79.09071,43.25117],[-79.09148,43.25065],[-79.09051,43.25065],[-79.09026,43.25033],[-79.08993,43.24955],[-79.09015,43.2491],[-79.09073,43.24862],[-79.09082,43.24823],[-79.09081,43.24714],[-79.09091,43.24684],[-79.09119,43.24679],[-79.09126,43.24637],[-79.09074,43.24573],[-79.09077,43.24502],[-79.09092,43.24423],[-79.08997,43.24327],[-79.08983,43.24302],[-79.08914,43.24337],[-79.08826,43.24358],[-79.08804,43.24395],[-79.08865,43.24445],[-79.08832,43.24494],[-79.08886,43.24522],[-79.08911,43.24566],[-79.08907,43.24632],[-79.08809,43.24671],[-79.08807,43.24704],[-79.08905,43.247],[-79.08899,43.24794],[-79.08913,43.24823],[-79.08939,43.2484],[-79.08891,43.24938],[-79.08904,43.24958],[-79.08896,43.24981],[-79.08923,43.2498],[-79.08935,43.25004],[-79.08909,43.25028],[-79.089,43.25071],[-79.08871,43.25083],[-79.08872,43.25097],[-79.08895,43.25103],[-79.08896,43.25135],[-79.09011,43.25121],[-79.08826,43.25164],[-79.08803,43.25176],[-79.08803,43.25191],[-79.08832,43.25196],[-79.08847,43.25225],[-79.08949,43.25333],[-79.09004,43.25316],[-79.09072,43.2533],[-79.09087,43.25363],[-79.09137,43.25371],[-79.09168,43.25398],[-79.0918,43.25397],[-79.09199,43.25423]]]}},{"type":"Feature","properties":{"serie":"Beverly - Loamy Phase","texture":"loam limoneux","code_texture":"SIL","drainage":"imparfait","pente":1.2,"classe_agricole":"2"},"geometry":{"type":"Polygon","coordinates":[[[-79.08468,43.2451],[-79.08696,43.2455],[-79.0879,43.246],[-79.08839,43.24659],[-79.08907,43.24632],[-79.08911,43.24566],[-79.08886,43.24522],[-79.08832,43.24494],[-79.08865,43.24445],[-79.08804,43.24395],[-79.08826,43.24358],[-79.0884,43.24354],[-79.08833,43.24323],[-79.08776,43.24297],[-79.08709,43.24299],[-79.08366,43.24264],[-79.08374,43.24284],[-79.08452,43.24277],[-79.08457,43.24295],[-79.08442,43.24299],[-79.08449,43.24335],[-79.08401,43.24348],[-79.08422,43.24407],[-79.08384,43.24431],[-79.08361,43.24407],[-79.08327,43.24429],[-79.08279,43.24375],[-79.08211,43.24421],[-79.08248,43.24451],[-79.08232,43.24461],[-79.08256,43.24487],[-79.08233,43.24487],[-79.08213,43.24474],[-79.08195,43.24487],[-79.08151,43.24461],[-79.08123,43.2448],[-79.08176,43.24514],[-79.08161,43.24524],[-79.08174,43.24533],[-79.08098,43.24589],[-79.08234,43.24658],[-79.08467,43.24508],[-79.08468,43.2451]]]}},{"type":"Feature","properties":{"serie":"Vineland","texture":"VFSL","code_texture":"VFSL","drainage":"imparfait","pente":1.2,"classe_agricole":"1"},"geometry":{"type":"Polygon","coordinates":[[[-79.0613,43.23882],[-79.06091,43.23888],[-79.06103,43.24163],[-79.06391,43.24199],[-79.06402,43.24182],[-79.06396,43.24115],[-79.06351,43.24034],[-79.06236,43.23882],[-79.06189,43.23874],[-79.0613,43.23882]]]}},{"type":"Feature","properties":{"serie":"Beverly - Loamy Phase","texture":"loam limoneux","code_texture":"SIL","drainage":"imparfait","pente":3.5,"classe_agricole":"2"},"geometry":{"type":"Polygon","coordinates":[[[-79.08874,43.24891],[-79.089,43.24922],[-79.08939,43.2484],[-79.08913,43.24823],[-79.08899,43.24794],[-79.08905,43.247],[-79.08807,43.24704],[-79.08809,43.24671],[-79.08839,43.24659],[-79.0879,43.246],[-79.08696,43.2455],[-79.08468,43.2451],[-79.08591,43.24806],[-79.08601,43.24801],[-79.08611,43.24724],[-79.08637,43.24677],[-79.08726,43.24655],[-79.08727,43.24692],[-79.08744,43.24683],[-79.08735,43.24744],[-79.08789,43.24779],[-79.088,43.24775],[-79.08818,43.24787],[-79.08827,43.24801],[-79.08823,43.24809],[-79.08854,43.24839],[-79.08828,43.24859],[-79.08869,43.2489],[-79.08874,43.24891]]]}},{"type":"Feature","properties":{"serie":"Tavistock","texture":"loam","code_texture":"L","drainage":"imparfait","pente":1.2,"classe_agricole":"1"},"geometry":{"type":"Polygon","coordinates":[[[-79.06449,43.24189],[-79.06436,43.24206],[-79.0653,43.24237],[-79.06807,43.24372],[-79.06817,43.2436],[-79.06796,43.24321],[-79.06556,43.24202],[-79.06485,43.24175],[-79.06449,43.24189]]]}},{"type":"Feature","properties":{"serie":"Vineland","texture":"VFSL","code_texture":"VFSL","drainage":"imparfait","pente":1.2,"classe_agricole":"1"},"geometry":{"type":"Polygon","coordinates":[[[-79.06718,43.19148],[-79.06775,43.19196],[-79.06857,43.19183],[-79.06959,43.19142],[-79.07056,43.19151],[-79.07094,43.19187],[-79.07123,43.19233],[-79.07125,43.19258],[-79.07102,43.19386],[-79.0713,43.19465],[-79.07124,43.19546],[-79.0716,43.19601],[-79.07205,43.19639],[-79.07226,43.19698],[-79.07253,43.19734],[-79.07363,43.19697],[-79.07307,43.19656],[-79.07249,43.19576],[-79.07268,43.19503],[-79.07336,43.19487],[-79.07363,43.19494],[-79.07367,43.19455],[-79.0742,43.19399],[-79.07474,43.19404],[-79.07484,43.19462],[-79.07582,43.19456],[-79.07627,43.19419],[-79.07585,43.1935],[-79.07577,43.19285],[-79.07651,43.19259],[-79.07676,43.19214],[-79.07616,43.1916],[-79.0732,43.19087],[-79.07207,43.19021],[-79.07135,43.18895],[-79.07165,43.18756],[-79.0711,43.1866],[-79.07048,43.18608],[-79.07075,43.18517],[-79.07095,43.185],[-79.07185,43.18471],[-79.07066,43.18416],[-79.06978,43.18398],[-79.06885,43.18412],[-79.06893,43.18471],[-79.06941,43.18538],[-79.0689,43.18553],[-79.06822,43.18522],[-79.06777,43.18559],[-79.06657,43.18692],[-79.06724,43.18692],[-79.06766,43.18707],[-79.06782,43.18733],[-79.06733,43.18802],[-79.06721,43.18838],[-79.06743,43.18864],[-79.06814,43.18884],[-79.06817,43.18919],[-79.0664,43.19012],[-79.06611,43.19072],[-79.06711,43.19134],[-79.06718,43.19148]]]}},{"type":"Feature","properties":{"serie":"Vineland","texture":"VFSL","code_texture":"VFSL","drainage":"imparfait","pente":1.2,"classe_agricole":"1"},"geometry":{"type":"Polygon","coordinates":[[[-79.06008,43.18922],[-79.0601,43.18985],[-79.05874,43.19166],[-79.05864,43.19253],[-79.05917,43.19257],[-79.05961,43.19231],[-79.06019,43.19111],[-79.06105,43.19005],[-79.06188,43.18923],[-79.06148,43.18888],[-79.06096,43.18875],[-79.06013,43.1887],[-79.05967,43.18839],[-79.05985,43.18783],[-79.06068,43.18716],[-79.06186,43.18642],[-79.06271,43.18632],[-79.06311,43.18673],[-79.06264,43.18742],[-79.06267,43.18815],[-79.06366,43.18797],[-79.06421,43.18732],[-79.06425,43.18647],[-79.06393,43.18585],[-79.06329,43.18543],[-79.06286,43.18532],[-79.0625,43.18557],[-79.06201,43.18565],[-79.06112,43.18559],[-79.06043,43.18608],[-79.05999,43.18665],[-79.05981,43.18747],[-79.05908,43.18748],[-79.05893,43.18708],[-79.05823,43.18709],[-79.05773,43.18768],[-79.05749,43.18853],[-79.05736,43.1895],[-79.05709,43.19029],[-79.05637,43.19082],[-79.05633,43.19168],[-79.05666,43.1924],[-79.05748,43.19175],[-79.05759,43.19133],[-79.05855,43.19075],[-79.05904,43.19027],[-79.05918,43.18967],[-79.05955,43.18915],[-79.06008,43.18922]]]}},{"type":"Feature","properties":{"serie":"Tavistock - Till Phase","texture":"loam","code_texture":"L","drainage":"imparfait","pente":1.2,"classe_agricole":"1"},"geometry":{"type":"Polygon","coordinates":[[[-79.09447,43.20303],[-79.09464,43.2033],[-79.09522,43.20344],[-79.09564,43.20305],[-79.09593,43.2022],[-79.09633,43.20192],[-79.09643,43.20245],[-79.09626,43.20335],[-79.09626,43.20409],[-79.09532,43.20409],[-79.0957,43.20461],[-79.09663,43.2055],[-79.09692,43.20513],[-79.09718,43.20447],[-79.09687,43.20446],[-79.09657,43.20368],[-79.09675,43.20287],[-79.09731,43.20222],[-79.09753,43.20158],[-79.09795,43.20139],[-79.09808,43.20193],[-79.09764,43.20333],[-79.09827,43.20366],[-79.09863,43.20403],[-79.09875,43.2039],[-79.09947,43.20386],[-79.10026,43.20413],[-79.10094,43.20417],[-79.10114,43.20373],[-79.10088,43.20319],[-79.1005,43.20302],[-79.0999,43.20337],[-79.09935,43.20329],[-79.09907,43.20259],[-79.09924,43.20172],[-79.09956,43.20084],[-79.10037,43.19942],[-79.10008,43.198],[-79.10035,43.19728],[-79.101,43.19698],[-79.1013,43.19669],[-79.1014,43.19631],[-79.10113,43.19578],[-79.0993,43.19343],[-79.09891,43.19351],[-79.09862,43.19373],[-79.09901,43.19405],[-79.09919,43.1947],[-79.0991,43.19535],[-79.09924,43.19581],[-79.09987,43.19608],[-79.09996,43.19658],[-79.09967,43.19708],[-79.09909,43.19749],[-79.09892,43.19796],[-79.09856,43.19822],[-79.0988,43.19862],[-79.09855,43.19903],[-79.09804,43.19939],[-79.09771,43.19976],[-79.09782,43.20045],[-79.0977,43.20102],[-79.0974,43.20115],[-79.09702,43.20088],[-79.09686,43.20027],[-79.0969,43.1998],[-79.09518,43.2011],[-79.09443,43.20187],[-79.09428,43.20273],[-79.09447,43.20303]]]}},{"type":"Feature","properties":{"serie":"Vineland","texture":"VFSL","code_texture":"VFSL","drainage":"imparfait","pente":1.2,"classe_agricole":"1"},"geometry":{"type":"Polygon","coordinates":[[[-79.06371,43.19043],[-79.06399,43.19081],[-79.06405,43.19186],[-79.06418,43.1922],[-79.06463,43.19237],[-79.06539,43.19232],[-79.06718,43.19148],[-79.06711,43.19134],[-79.06611,43.19072],[-79.0664,43.19012],[-79.06817,43.18919],[-79.06814,43.18884],[-79.06743,43.18864],[-79.06721,43.18838],[-79.06733,43.18802],[-79.06782,43.18733],[-79.06766,43.18707],[-79.06724,43.18692],[-79.06594,43.18701],[-79.0654,43.1873],[-79.06418,43.18833],[-79.06341,43.18923],[-79.06344,43.18967],[-79.06361,43.19014],[-79.06371,43.19043]]]}},{"type":"Feature","properties":{"serie":"Tavistock - Till Red Phase","texture":"VFSL","code_texture":"VFSL","drainage":"imparfait","pente":1.2,"classe_agricole":"1"},"geometry":{"type":"Polygon","coordinates":[[[-79.08299,43.19512],[-79.0835,43.19506],[-79.08549,43.19524],[-79.08624,43.19573],[-79.08662,43.19657],[-79.08715,43.19703],[-79.08745,43.19667],[-79.08775,43.19654],[-79.08739,43.19596],[-79.08729,43.19528],[-79.08785,43.19449],[-79.08871,43.19384],[-79.08957,43.19346],[-79.09009,43.19329],[-79.09069,43.19329],[-79.09068,43.19228],[-79.09075,43.19212],[-79.08955,43.19242],[-79.08875,43.19242],[-79.08707,43.19215],[-79.08491,43.19145],[-79.08404,43.1916],[-79.08345,43.19208],[-79.08281,43.19364],[-79.08239,43.19417],[-79.08234,43.1944],[-79.08281,43.19456],[-79.08299,43.19512]]]}},{"type":"Feature","properties":{"serie":"Vineland","texture":"VFSL","code_texture":"VFSL","drainage":"imparfait","pente":1.2,"classe_agricole":"1"},"geometry":{"type":"Polygon","coordinates":[[[-79.08775,43.19654],[-79.08864,43.19765],[-79.08934,43.19827],[-79.0901,43.19939],[-79.09026,43.19951],[-79.09042,43.19917],[-79.09019,43.19816],[-79.09021,43.19732],[-79.09078,43.19679],[-79.09167,43.19653],[-79.09272,43.19645],[-79.09293,43.1958],[-79.09289,43.19502],[-79.09222,43.19455],[-79.09116,43.19452],[-79.09063,43.19387],[-79.09069,43.19329],[-79.09009,43.19329],[-79.08871,43.19384],[-79.08785,43.19449],[-79.08729,43.19528],[-79.08739,43.19596],[-79.08775,43.19654]]]}},{"type":"Feature","properties":{"serie":"Vineland","texture":"VFSL","code_texture":"VFSL","drainage":"imparfait","pente":3.5,"classe_agricole":"2"},"geometry":{"type":"Polygon","coordinates":[[[-79.05868,43.19493],[-79.05913,43.19519],[-79.05978,43.19458],[-79.06286,43.19277],[-79.06317,43.19225],[-79.06334,43.19162],[-79.06331,43.19078],[-79.06342,43.19059],[-79.06371,43.19043],[-79.06344,43.18967],[-79.06341,43.18923],[-79.06369,43.18884],[-79.06315,43.1887],[-79.06269,43.18906],[-79.06247,43.19078],[-79.06212,43.19177],[-79.05879,43.19445],[-79.05868,43.19493]]]}},{"type":"Feature","properties":{"serie":"Vineland","texture":"VFSL","code_texture":"VFSL","drainage":"imparfait","pente":1.2,"classe_agricole":"1"},"geometry":{"type":"Polygon","coordinates":[[[-79.05825,43.19372],[-79.0574,43.19396],[-79.05712,43.19561],[-79.05734,43.19582],[-79.05785,43.19572],[-79.05868,43.19493],[-79.05879,43.19445],[-79.06212,43.19177],[-79.06247,43.19078],[-79.06269,43.18906],[-79.06244,43.18905],[-79.06188,43.18923],[-79.06105,43.19005],[-79.06019,43.19111],[-79.05914,43.1931],[-79.05839,43.19368],[-79.05825,43.19372]]]}},{"type":"Feature","properties":{"serie":"Maplewood - Till Red Phase","texture":"loam limoneux","code_texture":"SIL","drainage":"pauvre","pente":1.2,"classe_agricole":"2"},"geometry":{"type":"Polygon","coordinates":[[[-79.07363,43.19697],[-79.07446,43.19761],[-79.07562,43.19933],[-79.07585,43.20033],[-79.07655,43.20071],[-79.0776,43.20061],[-79.07788,43.20125],[-79.07774,43.2017],[-79.07821,43.20169],[-79.07833,43.20135],[-79.07886,43.20068],[-79.08038,43.19934],[-79.08047,43.19874],[-79.07948,43.19867],[-79.07874,43.19833],[-79.07898,43.19721],[-79.07965,43.19621],[-79.0799,43.1952],[-79.07989,43.19438],[-79.08001,43.19395],[-79.07861,43.1927],[-79.07831,43.19299],[-79.07824,43.19338],[-79.0784,43.19342],[-79.0786,43.19417],[-79.07851,43.19492],[-79.07815,43.19549],[-79.07817,43.1963],[-79.07786,43.19711],[-79.07696,43.19769],[-79.07735,43.19965],[-79.07703,43.19987],[-79.0765,43.19956],[-79.07615,43.19876],[-79.07558,43.19809],[-79.07532,43.19581],[-79.07429,43.19514],[-79.07363,43.19494],[-79.07336,43.19487],[-79.07268,43.19503],[-79.07249,43.19576],[-79.07307,43.19656],[-79.07363,43.19697]]]}},{"type":"Feature","properties":{"serie":"Vineland","texture":"VFSL","code_texture":"VFSL","drainage":"imparfait","pente":3.5,"classe_agricole":"2"},"geometry":{"type":"Polygon","coordinates":[[[-79.05748,43.19175],[-79.05771,43.19153],[-79.05794,43.19185],[-79.05749,43.19252],[-79.05707,43.1934],[-79.05825,43.19372],[-79.05914,43.1931],[-79.05961,43.19231],[-79.05917,43.19257],[-79.05864,43.19253],[-79.05874,43.19166],[-79.0601,43.18985],[-79.06008,43.18922],[-79.05955,43.18915],[-79.05918,43.18967],[-79.05904,43.19027],[-79.05855,43.19075],[-79.05759,43.19133],[-79.05752,43.1916],[-79.05748,43.19175]]]}},{"type":"Feature","properties":{"serie":"Vineland","texture":"VFSL","code_texture":"VFSL","drainage":"imparfait","pente":1.2,"classe_agricole":"1"},"geometry":{"type":"Polygon","coordinates":[[[-79.0628,43.19477],[-79.06438,43.19578],[-79.06552,43.19726],[-79.06658,43.19776],[-79.06762,43.19807],[-79.06847,43.19861],[-79.06914,43.19933],[-79.07063,43.20014],[-79.07148,43.2001],[-79.07143,43.19966],[-79.07203,43.19918],[-79.07253,43.19923],[-79.07369,43.19987],[-79.07397,43.19986],[-79.07271,43.19829],[-79.07268,43.19754],[-79.07226,43.19698],[-79.07205,43.19639],[-79.0716,43.19601],[-79.07124,43.19546],[-79.0713,43.19465],[-79.07102,43.19386],[-79.07123,43.19233],[-79.07094,43.19187],[-79.07056,43.19151],[-79.06959,43.19142],[-79.06857,43.19183],[-79.06775,43.19196],[-79.06718,43.19148],[-79.06539,43.19232],[-79.06463,43.19237],[-79.06418,43.1922],[-79.06405,43.19186],[-79.06399,43.19081],[-79.06371,43.19043],[-79.06342,43.19059],[-79.06331,43.19078],[-79.06334,43.19162],[-79.06317,43.19225],[-79.06286,43.19277],[-79.06302,43.19441],[-79.0628,43.19477]]]}},{"type":"Feature","properties":{"serie":"Tavistock - Till Red Phase","texture":"VFSL","code_texture":"VFSL","drainage":"imparfait","pente":1.2,"classe_agricole":"1"},"geometry":{"type":"Polygon","coordinates":[[[-79.07537,43.1962],[-79.07558,43.19809],[-79.07615,43.19876],[-79.0765,43.19956],[-79.07703,43.19987],[-79.07735,43.19965],[-79.07696,43.19769],[-79.07786,43.19711],[-79.07817,43.1963],[-79.07815,43.19549],[-79.07851,43.19492],[-79.0786,43.19417],[-79.0784,43.19342],[-79.07806,43.19332],[-79.07763,43.19429],[-79.07709,43.19491],[-79.0761,43.1955],[-79.07547,43.19611],[-79.07537,43.1962]]]}},{"type":"Feature","properties":{"serie":"Chinguacousy - Loamy Phase","texture":"loam limoneux","code_texture":"SIL","drainage":"imparfait","pente":1.2,"classe_agricole":"2"},"geometry":{"type":"Polygon","coordinates":[[[-79.09026,43.19951],[-79.08966,43.20069],[-79.09021,43.20251],[-79.08936,43.20357],[-79.08956,43.20402],[-79.09042,43.20429],[-79.09142,43.20405],[-79.0921,43.20421],[-79.09247,43.20395],[-79.0929,43.20342],[-79.09346,43.20316],[-79.09302,43.20239],[-79.09206,43.20152],[-79.09193,43.20094],[-79.09195,43.19968],[-79.09286,43.1981],[-79.09261,43.1974],[-79.09263,43.1967],[-79.09272,43.19645],[-79.09167,43.19653],[-79.09078,43.19679],[-79.09021,43.19732],[-79.09019,43.19816],[-79.09042,43.19917],[-79.09026,43.19951]]]}},{"type":"Feature","properties":{"serie":"Chinguacousy","texture":"loam argileux","code_texture":"CL","drainage":"imparfait","pente":3.5,"classe_agricole":"2"},"geometry":{"type":"Polygon","coordinates":[[[-79.09608,43.19752],[-79.09542,43.19806],[-79.09455,43.19857],[-79.0941,43.19935],[-79.09344,43.20003],[-79.09377,43.20089],[-79.0938,43.20129],[-79.09393,43.20142],[-79.09422,43.20149],[-79.09464,43.20129],[-79.09666,43.19921],[-79.09669,43.19867],[-79.09618,43.19818],[-79.09663,43.19767],[-79.09662,43.19732],[-79.09608,43.19752]]]}},{"type":"Feature","properties":{"serie":"Tavistock - Till Red Phase","texture":"VFSL","code_texture":"VFSL","drainage":"imparfait","pente":1.2,"classe_agricole":"1"},"geometry":{"type":"Polygon","coordinates":[[[-79.07821,43.20169],[-79.07908,43.20175],[-79.07959,43.20147],[-79.07979,43.20246],[-79.08037,43.20304],[-79.08125,43.20309],[-79.08198,43.20257],[-79.0824,43.20171],[-79.08208,43.19963],[-79.08145,43.19895],[-79.08195,43.19837],[-79.0834,43.19753],[-79.08182,43.19559],[-79.08077,43.19453],[-79.08001,43.19395],[-79.07989,43.19438],[-79.0799,43.1952],[-79.07965,43.19621],[-79.07898,43.19721],[-79.07874,43.19833],[-79.07948,43.19867],[-79.08047,43.19874],[-79.08038,43.19934],[-79.07886,43.20068],[-79.07833,43.20135],[-79.07821,43.20169]]]}},{"type":"Feature","properties":{"serie":"Vineland","texture":"VFSL","code_texture":"VFSL","drainage":"imparfait","pente":1.2,"classe_agricole":"1"},"geometry":{"type":"Polygon","coordinates":[[[-79.08333,43.19654],[-79.08409,43.19717],[-79.08437,43.19797],[-79.08506,43.19823],[-79.08606,43.19828],[-79.08762,43.19912],[-79.08819,43.1988],[-79.08799,43.19799],[-79.08737,43.19721],[-79.08662,43.19657],[-79.08624,43.19573],[-79.08549,43.19524],[-79.0835,43.19506],[-79.08299,43.19512],[-79.08285,43.19548],[-79.08327,43.19645],[-79.08333,43.19654]]]}},{"type":"Feature","properties":{"serie":"Vineland","texture":"VFSL","code_texture":"VFSL","drainage":"imparfait","pente":1.2,"classe_agricole":"1"},"geometry":{"type":"Polygon","coordinates":[[[-79.0969,43.1998],[-79.09686,43.20027],[-79.09702,43.20088],[-79.0974,43.20115],[-79.0977,43.20102],[-79.09782,43.20045],[-79.09771,43.19976],[-79.09804,43.19939],[-79.09855,43.19903],[-79.0988,43.19862],[-79.09856,43.19822],[-79.0975,43.19904],[-79.0969,43.1998]]]}},{"type":"Feature","properties":{"serie":"Jeddo - Loamy Phase","texture":"loam","code_texture":"L","drainage":"pauvre","pente":1.2,"classe_agricole":"3"},"geometry":{"type":"Polygon","coordinates":[[[-79.08179,43.23117],[-79.08211,43.23213],[-79.08185,43.23304],[-79.08131,43.23359],[-79.08164,43.23383],[-79.08237,43.23344],[-79.08321,43.23271],[-79.08379,43.23237],[-79.0836,43.23214],[-79.08372,43.23175],[-79.08359,43.23132],[-79.08326,43.23067],[-79.08335,43.23002],[-79.08365,43.22968],[-79.08485,43.22931],[-79.08611,43.22919],[-79.08604,43.22818],[-79.08443,43.22883],[-79.08248,43.22881],[-79.08214,43.22832],[-79.08186,43.22772],[-79.0819,43.2274],[-79.08259,43.22687],[-79.08291,43.22608],[-79.08282,43.22547],[-79.08327,43.22499],[-79.08403,43.22522],[-79.08452,43.22569],[-79.0842,43.22602],[-79.0834,43.22632],[-79.08318,43.22697],[-79.08333,43.22765],[-79.08355,43.22802],[-79.08386,43.22803],[-79.08416,43.22761],[-79.08493,43.22694],[-79.08505,43.22631],[-79.08534,43.22602],[-79.08597,43.22605],[-79.08681,43.22647],[-79.08708,43.22701],[-79.08715,43.22755],[-79.08735,43.22785],[-79.08816,43.22851],[-79.08797,43.22747],[-79.0881,43.22714],[-79.08829,43.22721],[-79.08858,43.22618],[-79.08768,43.22543],[-79.08673,43.22514],[-79.08584,43.22506],[-79.08503,43.22462],[-79.08443,43.22408],[-79.08398,43.22347],[-79.08445,43.22313],[-79.08485,43.2218],[-79.0855,43.22121],[-79.08628,43.21978],[-79.08789,43.21926],[-79.08844,43.21873],[-79.08797,43.21705],[-79.08829,43.21657],[-79.08881,43.21656],[-79.08918,43.21702],[-79.08952,43.21769],[-79.08994,43.21789],[-79.09048,43.21768],[-79.09131,43.21639],[-79.09162,43.2162],[-79.092,43.21635],[-79.09208,43.21695],[-79.0918,43.21759],[-79.09009,43.21851],[-79.08942,43.21929],[-79.08926,43.22014],[-79.0891,43.22033],[-79.091,43.22],[-79.09203,43.22008],[-79.09296,43.22046],[-79.0928,43.22008],[-79.09352,43.21946],[-79.0938,43.21852],[-79.09333,43.21778],[-79.09328,43.21687],[-79.09396,43.21622],[-79.09543,43.21585],[-79.09639,43.21533],[-79.09821,43.21537],[-79.09834,43.21574],[-79.09795,43.21633],[-79.09802,43.2169],[-79.09852,43.21748],[-79.09839,43.21805],[-79.09782,43.21845],[-79.0974,43.219],[-79.09759,43.21936],[-79.098,43.21952],[-79.09877,43.2194],[-79.09871,43.21872],[-79.09894,43.21822],[-79.09924,43.21785],[-79.09928,43.21751],[-79.09882,43.21709],[-79.0988,43.2166],[-79.09914,43.21647],[-79.10058,43.21692],[-79.1013,43.21688],[-79.10208,43.21662],[-79.10307,43.21653],[-79.10403,43.21688],[-79.10478,43.21696],[-79.1052,43.21654],[-79.10477,43.21587],[-79.1043,43.21554],[-79.1043,43.21495],[-79.10411,43.21444],[-79.10432,43.21402],[-79.10474,43.21369],[-79.10457,43.21315],[-79.10377,43.21357],[-79.10327,43.21338],[-79.10329,43.21257],[-79.10373,43.21185],[-79.10371,43.21016],[-79.10416,43.20991],[-79.10438,43.20937],[-79.10464,43.20904],[-79.10449,43.20891],[-79.10316,43.20841],[-79.10345,43.208],[-79.10436,43.20759],[-79.10446,43.20727],[-79.10384,43.2072],[-79.10313,43.20731],[-79.10278,43.20632],[-79.10206,43.20581],[-79.10209,43.20539],[-79.10327,43.20545],[-79.10369,43.2051],[-79.10331,43.20487],[-79.10259,43.20475],[-79.10052,43.2051],[-79.10059,43.20639],[-79.10184,43.20743],[-79.10181,43.20822],[-79.102,43.20889],[-79.10261,43.20948],[-79.10247,43.20999],[-79.10196,43.21033],[-79.10237,43.21073],[-79.10261,43.21123],[-79.1022,43.21167],[-79.10114,43.21237],[-79.10049,43.21295],[-79.09999,43.21297],[-79.09948,43.21187],[-79.09845,43.21175],[-79.09797,43.21126],[-79.09701,43.21067],[-79.09625,43.21004],[-79.09602,43.20931],[-79.09731,43.20822],[-79.09789,43.20742],[-79.09832,43.20661],[-79.09886,43.20614],[-79.09914,43.20568],[-79.09927,43.20494],[-79.09873,43.20463],[-79.09853,43.20416],[-79.09863,43.20403],[-79.09827,43.20366],[-79.09764,43.20333],[-79.09746,43.20449],[-79.09718,43.20447],[-79.09692,43.20513],[-79.09663,43.2055],[-79.09631,43.20524],[-79.09532,43.20409],[-79.09626,43.20409],[-79.09626,43.20335],[-79.09643,43.20245],[-79.09633,43.20192],[-79.09593,43.2022],[-79.09564,43.20305],[-79.09522,43.20344],[-79.09464,43.2033],[-79.09447,43.20303],[-79.09425,43.20303],[-79.09346,43.20316],[-79.0929,43.20342],[-79.09247,43.20395],[-79.0921,43.20421],[-79.09142,43.20405],[-79.09042,43.20429],[-79.08956,43.20402],[-79.08936,43.20357],[-79.09021,43.20251],[-79.08966,43.20069],[-79.09026,43.19951],[-79.0901,43.19939],[-79.08934,43.19827],[-79.08864,43.19765],[-79.08775,43.19654],[-79.08745,43.19667],[-79.08715,43.19703],[-79.08799,43.19799],[-79.08819,43.1988],[-79.08762,43.19912],[-79.08606,43.19828],[-79.08506,43.19823],[-79.08437,43.19797],[-79.08409,43.19717],[-79.08333,43.19654],[-79.08292,43.19686],[-79.0834,43.19753],[-79.08195,43.19837],[-79.08145,43.19895],[-79.08208,43.19963],[-79.0824,43.20171],[-79.08198,43.20257],[-79.08125,43.20309],[-79.08037,43.20304],[-79.07979,43.20246],[-79.07959,43.20147],[-79.07908,43.20175],[-79.07774,43.2017],[-79.07689,43.20204],[-79.07675,43.20289],[-79.07629,43.20338],[-79.07504,43.20384],[-79.07506,43.20427],[-79.07557,43.20439],[-79.07616,43.20496],[-79.07612,43.20529],[-79.0754,43.20537],[-79.0745,43.20529],[-79.07384,43.20533],[-79.07345,43.20562],[-79.07318,43.20649],[-79.07287,43.20668],[-79.07302,43.20679],[-79.07296,43.20744],[-79.07259,43.20801],[-79.07189,43.20828],[-79.06975,43.20822],[-79.06902,43.20795],[-79.0693,43.20747],[-79.06942,43.20687],[-79.06841,43.20626],[-79.06609,43.20703],[-79.06617,43.20754],[-79.06684,43.20896],[-79.06654,43.20932],[-79.06623,43.20912],[-79.06577,43.209],[-79.06516,43.20924],[-79.06477,43.2087],[-79.06424,43.20851],[-79.06297,43.20917],[-79.0624,43.20931],[-79.06166,43.20914],[-79.06187,43.20992],[-79.06344,43.20987],[-79.06341,43.21038],[-79.06107,43.21054],[-79.06118,43.21176],[-79.062,43.21176],[-79.06188,43.21245],[-79.0642,43.21211],[-79.06476,43.21218],[-79.06456,43.21249],[-79.06389,43.21254],[-79.06332,43.21282],[-79.06383,43.2132],[-79.06479,43.21322],[-79.06504,43.2135],[-79.0628,43.21413],[-79.06148,43.21476],[-79.06122,43.21632],[-79.06028,43.21617],[-79.06,43.21692],[-79.06153,43.21699],[-79.06149,43.2172],[-79.06167,43.2172],[-79.06392,43.21704],[-79.06518,43.21676],[-79.06555,43.21656],[-79.0656,43.21638],[-79.06527,43.21612],[-79.06483,43.21597],[-79.0647,43.21576],[-79.0652,43.21543],[-79.06599,43.21521],[-79.06759,43.21542],[-79.06863,43.21511],[-79.07089,43.21511],[-79.0719,43.21501],[-79.07391,43.21439],[-79.07484,43.21457],[-79.07522,43.21509],[-79.07511,43.21566],[-79.07464,43.21599],[-79.0739,43.21608],[-79.07298,43.21602],[-79.07186,43.21633],[-79.071,43.21679],[-79.06999,43.21686],[-79.0701,43.2173],[-79.07097,43.21759],[-79.07107,43.21799],[-79.07079,43.21848],[-79.07069,43.21884],[-79.0693,43.21895],[-79.06956,43.2197],[-79.06953,43.21999],[-79.06837,43.22006],[-79.06751,43.22032],[-79.06687,43.22063],[-79.06626,43.22108],[-79.0657,43.22185],[-79.06566,43.22276],[-79.0658,43.22363],[-79.0655,43.22391],[-79.06425,43.22322],[-79.06425,43.22452],[-79.06271,43.22611],[-79.06283,43.22636],[-79.06338,43.22643],[-79.06369,43.22593],[-79.06422,43.2254],[-79.06474,43.22525],[-79.06531,43.22557],[-79.06541,43.22612],[-79.06497,43.22685],[-79.06528,43.22726],[-79.06582,43.22695],[-79.0658,43.22676],[-79.06638,43.22599],[-79.06591,43.22552],[-79.06557,43.22493],[-79.06721,43.22424],[-79.06751,43.22372],[-79.06702,43.22338],[-79.06632,43.22311],[-79.0662,43.2224],[-79.06656,43.22186],[-79.0675,43.22142],[-79.06827,43.22155],[-79.06877,43.22305],[-79.06944,43.22345],[-79.07025,43.22364],[-79.07108,43.22405],[-79.0716,43.22467],[-79.07199,43.22561],[-79.07216,43.22554],[-79.07241,43.22468],[-79.07266,43.22448],[-79.07293,43.22453],[-79.07339,43.22484],[-79.07381,43.22544],[-79.07385,43.22597],[-79.07346,43.22695],[-79.07359,43.22701],[-79.07391,43.22679],[-79.0745,43.22581],[-79.07484,43.22553],[-79.07524,43.22574],[-79.07571,43.22619],[-79.07568,43.22641],[-79.07523,43.22662],[-79.07537,43.22784],[-79.07529,43.22821],[-79.07445,43.22903],[-79.07522,43.22942],[-79.07558,43.23012],[-79.07544,43.23062],[-79.0766,43.23029],[-79.07663,43.22988],[-79.07697,43.22917],[-79.07716,43.22848],[-79.07685,43.22773],[-79.07645,43.22717],[-79.07693,43.22638],[-79.07693,43.22544],[-79.07617,43.22494],[-79.07524,43.22469],[-79.07475,43.22439],[-79.07473,43.22381],[-79.07512,43.22343],[-79.07566,43.2232],[-79.07615,43.22341],[-79.07674,43.22409],[-79.07758,43.22484],[-79.07861,43.22514],[-79.07966,43.22488],[-79.08105,43.22396],[-79.08211,43.22364],[-79.08221,43.22403],[-79.08056,43.22538],[-79.07949,43.22606],[-79.07816,43.22641],[-79.07827,43.22688],[-79.07802,43.22846],[-79.07857,43.22891],[-79.07865,43.22941],[-79.07841,43.23037],[-79.07861,43.23092],[-79.07968,43.2306],[-79.08083,43.23046],[-79.08179,43.23117]],[[-79.0808,43.22238],[-79.08015,43.22283],[-79.07919,43.22304],[-79.07841,43.22281],[-79.07808,43.2224],[-79.07783,43.22177],[-79.0778,43.22087],[-79.07801,43.22016],[-79.07823,43.21988],[-79.07823,43.21962],[-79.07799,43.21936],[-79.07707,43.21923],[-79.07641,43.21881],[-79.07631,43.21793],[-79.07682,43.21765],[-79.07761,43.21763],[-79.07821,43.2172],[-79.07918,43.2172],[-79.08014,43.21768],[-79.08105,43.21776],[-79.0819,43.21761],[-79.08209,43.21722],[-79.08122,43.21705],[-79.08115,43.21653],[-79.08189,43.21624],[-79.08331,43.21655],[-79.08492,43.21608],[-79.08563,43.21607],[-79.08608,43.21646],[-79.08691,43.21756],[-79.0867,43.21786],[-79.08527,43.21798],[-79.08359,43.21874],[-79.08292,43.2194],[-79.08262,43.22006],[-79.08318,43.2205],[-79.08398,43.2208],[-79.0842,43.22135],[-79.08399,43.2218],[-79.08326,43.22186],[-79.08192,43.22092],[-79.08141,43.22021],[-79.08151,43.21957],[-79.08186,43.21904],[-79.08185,43.21867],[-79.08141,43.21867],[-79.08017,43.22005],[-79.07968,43.22009],[-79.07888,43.21998],[-79.079,43.22018],[-79.07938,43.22035],[-79.08069,43.22043],[-79.08086,43.22071],[-79.08078,43.22115],[-79.08105,43.2218],[-79.0808,43.22238]],[[-79.08148,43.21418],[-79.0802,43.21453],[-79.07928,43.21462],[-79.0777,43.21427],[-79.07677,43.21435],[-79.07661,43.21426],[-79.07658,43.21388],[-79.07729,43.21328],[-79.07711,43.2131],[-79.07643,43.21331],[-79.07538,43.21336],[-79.07433,43.21319],[-79.0725,43.21357],[-79.07116,43.21351],[-79.06856,43.2136],[-79.06785,43.21337],[-79.06807,43.21306],[-79.0693,43.21296],[-79.07359,43.2122],[-79.0761,43.21244],[-79.07705,43.21232],[-79.07866,43.21237],[-79.07896,43.21188],[-79.07829,43.21134],[-79.07722,43.21124],[-79.07652,43.21097],[-79.07642,43.21056],[-79.07686,43.21061],[-79.07757,43.21039],[-79.07894,43.21087],[-79.07974,43.21097],[-79.07997,43.21131],[-79.07958,43.21191],[-79.07988,43.21225],[-79.08052,43.21233],[-79.08112,43.21203],[-79.08129,43.21127],[-79.08076,43.21055],[-79.0793,43.20981],[-79.07954,43.20942],[-79.08051,43.2095],[-79.08123,43.20979],[-79.08198,43.20962],[-79.0826,43.20968],[-79.08304,43.2102],[-79.08279,43.21087],[-79.08268,43.21166],[-79.08323,43.21234],[-79.08327,43.21273],[-79.08283,43.21285],[-79.08221,43.21261],[-79.08159,43.21306],[-79.08081,43.2134],[-79.07979,43.21349],[-79.07977,43.21394],[-79.08038,43.21405],[-79.08213,43.21329],[-79.08278,43.2133],[-79.08296,43.21357],[-79.08253,43.21386],[-79.08148,43.21418]],[[-79.08709,43.20601],[-79.08616,43.20502],[-79.08545,43.20464],[-79.08546,43.20392],[-79.08583,43.20283],[-79.08547,43.20221],[-79.08356,43.2023],[-79.08337,43.20173],[-79.0835,43.20093],[-79.08305,43.20022],[-79.08332,43.19905],[-79.08353,43.19867],[-79.08409,43.19869],[-79.08518,43.19907],[-79.08608,43.19956],[-79.08637,43.20044],[-79.08639,43.20106],[-79.08672,43.20091],[-79.0871,43.19973],[-79.08743,43.20005],[-79.08744,43.20079],[-79.08727,43.20151],[-79.08752,43.20207],[-79.08803,43.20246],[-79.08787,43.20286],[-79.08736,43.20319],[-79.08771,43.20346],[-79.0874,43.20421],[-79.08744,43.20498],[-79.08766,43.20552],[-79.08771,43.20597],[-79.08756,43.20611],[-79.08709,43.20601]],[[-79.07557,43.21833],[-79.07582,43.21893],[-79.07667,43.2197],[-79.07675,43.22093],[-79.07643,43.22112],[-79.07644,43.22151],[-79.07671,43.22227],[-79.07649,43.22257],[-79.07578,43.22241],[-79.07506,43.22194],[-79.07403,43.22152],[-79.07354,43.2209],[-79.07304,43.22069],[-79.07145,43.221],[-79.07082,43.22086],[-79.0705,43.22033],[-79.07068,43.2201],[-79.07202,43.22016],[-79.07284,43.21984],[-79.07426,43.21901],[-79.07495,43.21846],[-79.07498,43.21823],[-79.07532,43.21784],[-79.07554,43.21783],[-79.07557,43.21833]],[[-79.09019,43.21178],[-79.09016,43.21118],[-79.08953,43.21061],[-79.08907,43.20976],[-79.08939,43.2091],[-79.09007,43.20895],[-79.09053,43.20955],[-79.09125,43.20967],[-79.09229,43.20936],[-79.09315,43.20934],[-79.09388,43.20974],[-79.0941,43.2105],[-79.09406,43.21131],[-79.09388,43.21175],[-79.09335,43.21176],[-79.09254,43.21081],[-79.09206,43.21087],[-79.09162,43.21135],[-79.09177,43.21163],[-79.09238,43.21174],[-79.09256,43.212],[-79.09182,43.21263],[-79.0912,43.21282],[-79.09083,43.2128],[-79.09047,43.21263],[-79.09026,43.21243],[-79.09018,43.21212],[-79.09019,43.21178]],[[-79.08289,43.20653],[-79.08271,43.20694],[-79.08225,43.20724],[-79.08121,43.20741],[-79.07848,43.20716],[-79.07809,43.20702],[-79.07769,43.20672],[-79.07754,43.20622],[-79.07928,43.20499],[-79.07988,43.20486],[-79.08063,43.20446],[-79.0813,43.20485],[-79.08178,43.20542],[-79.08265,43.20594],[-79.08289,43.20653]],[[-79.09249,43.20574],[-79.09215,43.20653],[-79.09238,43.20703],[-79.0918,43.20728],[-79.09022,43.20756],[-79.08968,43.20747],[-79.08871,43.20708],[-79.0883,43.20653],[-79.08882,43.20599],[-79.08973,43.20586],[-79.09054,43.20608],[-79.09125,43.20593],[-79.09186,43.20543],[-79.09241,43.20526],[-79.09249,43.20574]],[[-79.0874,43.21605],[-79.08703,43.21586],[-79.08684,43.21564],[-79.08718,43.21451],[-79.08694,43.21383],[-79.087,43.21323],[-79.08764,43.21287],[-79.08854,43.2127],[-79.08929,43.21282],[-79.08932,43.21323],[-79.08864,43.21377],[-79.08807,43.21441],[-79.08827,43.21517],[-79.08855,43.21568],[-79.08835,43.21613],[-79.0879,43.2162],[-79.0874,43.21605]],[[-79.08385,43.20915],[-79.08345,43.20854],[-79.08341,43.20808],[-79.08408,43.20811],[-79.08503,43.20849],[-79.0854,43.20895],[-79.08479,43.20968],[-79.08447,43.21024],[-79.0851,43.21073],[-79.08546,43.2112],[-79.08543,43.21161],[-79.08502,43.21193],[-79.08453,43.21191],[-79.0838,43.21158],[-79.08372,43.21148],[-79.08378,43.21108],[-79.08367,43.20984],[-79.08385,43.20915]],[[-79.07218,43.20942],[-79.07104,43.2098],[-79.06997,43.21],[-79.06791,43.2102],[-79.06762,43.21009],[-79.06734,43.20981],[-79.0675,43.20952],[-79.06819,43.2093],[-79.07039,43.2091],[-79.07279,43.2084],[-79.07339,43.20836],[-79.07346,43.2086],[-79.07303,43.20901],[-79.07218,43.20942]],[[-79.09979,43.21519],[-79.10063,43.2151],[-79.10121,43.21483],[-79.10167,43.21504],[-79.10204,43.2154],[-79.10258,43.21515],[-79.10303,43.21514],[-79.10297,43.21557],[-79.10252,43.21598],[-79.10096,43.21637],[-79.10039,43.21637],[-79.09953,43.21606],[-79.09937,43.21589],[-79.0993,43.21549],[-79.09979,43.21519]],[[-79.08591,43.2143],[-79.08583,43.21463],[-79.0842,43.21532],[-79.08261,43.21565],[-79.08208,43.21563],[-79.08173,43.21549],[-79.08157,43.2153],[-79.08161,43.2149],[-79.0821,43.21466],[-79.08385,43.2147],[-79.08472,43.2143],[-79.08549,43.21409],[-79.08591,43.2143]]]}},{"type":"Feature","properties":{"serie":"Grimsby","texture":"VFSL","code_texture":"VFSL","drainage":"bon","pente":12,"classe_agricole":"4"},"geometry":{"type":"Polygon","coordinates":[[[-79.05602,43.20058],[-79.0566,43.20058],[-79.05693,43.20004],[-79.05696,43.19983],[-79.05667,43.19891],[-79.05883,43.19881],[-79.05903,43.199],[-79.05964,43.19867],[-79.05984,43.19822],[-79.0592,43.19829],[-79.05874,43.19822],[-79.05903,43.19776],[-79.05779,43.19834],[-79.05721,43.19839],[-79.05749,43.19788],[-79.05739,43.19706],[-79.05785,43.19644],[-79.05831,43.1961],[-79.05882,43.19626],[-79.05914,43.19593],[-79.05913,43.19519],[-79.05868,43.19493],[-79.05785,43.19572],[-79.05734,43.19582],[-79.05721,43.19574],[-79.05712,43.19561],[-79.0574,43.19396],[-79.05825,43.19372],[-79.05707,43.1934],[-79.05749,43.19252],[-79.05794,43.19185],[-79.05771,43.19153],[-79.05705,43.19216],[-79.05666,43.1924],[-79.05633,43.19168],[-79.05637,43.19082],[-79.05662,43.19064],[-79.05587,43.1904],[-79.05563,43.19057],[-79.05597,43.1919],[-79.0562,43.19376],[-79.05603,43.19485],[-79.05631,43.19499],[-79.05644,43.19536],[-79.05586,43.19774],[-79.0558,43.19881],[-79.05559,43.19935],[-79.05602,43.20058]]]}},{"type":"Feature","properties":{"serie":"Grimsby","texture":"VFSL","code_texture":"VFSL","drainage":"bon","pente":1.2,"classe_agricole":"2"},"geometry":{"type":"Polygon","coordinates":[[[-79.05913,43.19519],[-79.05914,43.19593],[-79.05882,43.19626],[-79.05831,43.1961],[-79.05785,43.19644],[-79.05739,43.19706],[-79.05749,43.19788],[-79.05721,43.19839],[-79.05779,43.19834],[-79.05903,43.19776],[-79.05954,43.1974],[-79.06013,43.19665],[-79.06025,43.19568],[-79.06116,43.1952],[-79.06273,43.1949],[-79.06302,43.19441],[-79.06286,43.19277],[-79.05978,43.19458],[-79.05913,43.19519]]]}},{"type":"Feature","properties":{"serie":"Vineland","texture":"VFSL","code_texture":"VFSL","drainage":"imparfait","pente":1.2,"classe_agricole":"1"},"geometry":{"type":"Polygon","coordinates":[[[-79.09718,43.20447],[-79.09746,43.20449],[-79.09774,43.20285],[-79.09808,43.20193],[-79.09795,43.20139],[-79.09753,43.20158],[-79.09731,43.20222],[-79.09675,43.20287],[-79.09657,43.20368],[-79.09687,43.20446],[-79.09718,43.20447]]]}},{"type":"Feature","properties":{"serie":"Tavistock - Till Red Phase","texture":"VFSL","code_texture":"VFSL","drainage":"imparfait","pente":1.2,"classe_agricole":"1"},"geometry":{"type":"Polygon","coordinates":[[[-79.08583,43.20283],[-79.08546,43.20392],[-79.08545,43.20464],[-79.08616,43.20502],[-79.08709,43.20601],[-79.08756,43.20611],[-79.08771,43.20597],[-79.08766,43.20552],[-79.08744,43.20498],[-79.0874,43.20421],[-79.08771,43.20346],[-79.08736,43.20319],[-79.08787,43.20286],[-79.08803,43.20246],[-79.08752,43.20207],[-79.08727,43.20151],[-79.08744,43.20079],[-79.08743,43.20005],[-79.0871,43.19973],[-79.08672,43.20091],[-79.08639,43.20106],[-79.08637,43.20044],[-79.08608,43.19956],[-79.08518,43.19907],[-79.08409,43.19869],[-79.08353,43.19867],[-79.08332,43.19905],[-79.08305,43.20022],[-79.0835,43.20093],[-79.08337,43.20173],[-79.08356,43.2023],[-79.08547,43.20221],[-79.08583,43.20283]]]}},{"type":"Feature","properties":{"serie":"Tavistock - Till Phase","texture":"loam","code_texture":"L","drainage":"imparfait","pente":1.2,"classe_agricole":"1"},"geometry":{"type":"Polygon","coordinates":[[[-79.07397,43.19986],[-79.07413,43.2007],[-79.07405,43.20134],[-79.07434,43.20202],[-79.07393,43.20259],[-79.07345,43.203],[-79.07351,43.20342],[-79.0742,43.20368],[-79.07483,43.20373],[-79.07504,43.20384],[-79.07629,43.20338],[-79.07675,43.20289],[-79.07689,43.20204],[-79.07774,43.2017],[-79.07788,43.20125],[-79.0776,43.20061],[-79.07655,43.20071],[-79.07585,43.20033],[-79.07562,43.19933],[-79.07446,43.19761],[-79.07363,43.19697],[-79.07253,43.19734],[-79.07268,43.19754],[-79.07271,43.19829],[-79.07336,43.19916],[-79.07397,43.19986]]]}},{"type":"Feature","properties":{"serie":"Vineland","texture":"VFSL","code_texture":"VFSL","drainage":"imparfait","pente":1.2,"classe_agricole":"1"},"geometry":{"type":"Polygon","coordinates":[[[-79.06215,43.20214],[-79.06427,43.20252],[-79.06397,43.20217],[-79.0634,43.20194],[-79.06227,43.20167],[-79.06154,43.20123],[-79.06138,43.20059],[-79.06188,43.20021],[-79.06259,43.19999],[-79.06311,43.19961],[-79.06292,43.19911],[-79.06341,43.19846],[-79.06387,43.19875],[-79.06439,43.19935],[-79.06517,43.19824],[-79.06602,43.19995],[-79.06679,43.20004],[-79.0675,43.19972],[-79.06786,43.20048],[-79.06839,43.20097],[-79.06882,43.2009],[-79.06868,43.20076],[-79.06894,43.20056],[-79.07063,43.20014],[-79.06914,43.19933],[-79.06847,43.19861],[-79.06762,43.19807],[-79.06658,43.19776],[-79.06552,43.19726],[-79.06438,43.19578],[-79.0628,43.19477],[-79.06273,43.1949],[-79.06116,43.1952],[-79.06025,43.19568],[-79.06013,43.19665],[-79.05954,43.1974],[-79.05903,43.19776],[-79.05874,43.19822],[-79.0592,43.19829],[-79.05984,43.19822],[-79.05964,43.19867],[-79.05903,43.199],[-79.05923,43.20015],[-79.05961,43.20093],[-79.06044,43.20158],[-79.06158,43.202],[-79.06215,43.20214]]]}},{"type":"Feature","properties":{"serie":"Grimsby","texture":"VFSL","code_texture":"VFSL","drainage":"bon","pente":3.5,"classe_agricole":"2"},"geometry":{"type":"Polygon","coordinates":[[[-79.05459,43.19481],[-79.05402,43.1949],[-79.05559,43.19935],[-79.0558,43.19881],[-79.05586,43.19774],[-79.05644,43.19536],[-79.05631,43.19499],[-79.05591,43.1948],[-79.05525,43.19471],[-79.05459,43.19481]]]}},{"type":"Feature","properties":{"serie":"Chinguacousy - Loamy Phase","texture":"loam limoneux","code_texture":"SIL","drainage":"imparfait","pente":1.2,"classe_agricole":"2"},"geometry":{"type":"Polygon","coordinates":[[[-79.06093,43.20645],[-79.06325,43.20558],[-79.06414,43.20553],[-79.06451,43.20574],[-79.06559,43.20535],[-79.06589,43.20504],[-79.06602,43.20506],[-79.06604,43.20432],[-79.06623,43.20348],[-79.06646,43.20291],[-79.0667,43.20276],[-79.0671,43.20286],[-79.06817,43.20376],[-79.06884,43.20417],[-79.06924,43.20397],[-79.0694,43.20426],[-79.06986,43.2043],[-79.07138,43.20507],[-79.0719,43.20506],[-79.07294,43.20441],[-79.07349,43.20443],[-79.07478,43.20421],[-79.07506,43.20427],[-79.07504,43.20384],[-79.07483,43.20373],[-79.0742,43.20368],[-79.07351,43.20342],[-79.07345,43.203],[-79.07393,43.20259],[-79.07434,43.20202],[-79.07405,43.20134],[-79.07413,43.2007],[-79.07397,43.19986],[-79.07369,43.19987],[-79.07253,43.19923],[-79.07203,43.19918],[-79.07143,43.19966],[-79.07152,43.20055],[-79.07197,43.20142],[-79.07179,43.202],[-79.07092,43.20246],[-79.06901,43.20263],[-79.06874,43.2023],[-79.06917,43.20166],[-79.06907,43.2011],[-79.06882,43.2009],[-79.06839,43.20097],[-79.06786,43.20048],[-79.0675,43.19972],[-79.06679,43.20004],[-79.06602,43.19995],[-79.06517,43.19824],[-79.06439,43.19935],[-79.06387,43.19875],[-79.06341,43.19846],[-79.06292,43.19911],[-79.06328,43.20007],[-79.06415,43.20087],[-79.06518,43.20155],[-79.06536,43.20204],[-79.06494,43.20254],[-79.06427,43.20252],[-79.06215,43.20214],[-79.06214,43.20233],[-79.06175,43.20276],[-79.06105,43.203],[-79.0599,43.20319],[-79.05806,43.20329],[-79.05903,43.2047],[-79.05816,43.20493],[-79.05853,43.20529],[-79.05947,43.20511],[-79.05973,43.20572],[-79.06074,43.20569],[-79.06093,43.20645]]]}},{"type":"Feature","properties":{"serie":"Chinguacousy - Loamy Phase","texture":"loam limoneux","code_texture":"SIL","drainage":"imparfait","pente":1.2,"classe_agricole":"2"},"geometry":{"type":"Polygon","coordinates":[[[-79.06882,43.2009],[-79.06907,43.2011],[-79.06917,43.20166],[-79.06874,43.2023],[-79.06901,43.20263],[-79.07092,43.20246],[-79.07179,43.202],[-79.07197,43.20142],[-79.07152,43.20055],[-79.07148,43.2001],[-79.07036,43.20016],[-79.06894,43.20056],[-79.06868,43.20076],[-79.06882,43.2009]]]}},{"type":"Feature","properties":{"serie":"Chinguacousy - Loamy Phase","texture":"loam limoneux","code_texture":"SIL","drainage":"imparfait","pente":1.2,"classe_agricole":"2"},"geometry":{"type":"Polygon","coordinates":[[[-79.0883,43.20653],[-79.08871,43.20708],[-79.08968,43.20747],[-79.09022,43.20756],[-79.0918,43.20728],[-79.09238,43.20703],[-79.09215,43.20653],[-79.09249,43.20574],[-79.09241,43.20526],[-79.09186,43.20543],[-79.09125,43.20593],[-79.09054,43.20608],[-79.08973,43.20586],[-79.08882,43.20599],[-79.0883,43.20653]]]}},{"type":"Feature","properties":{"serie":"Chinguacousy - Loamy Phase","texture":"loam limoneux","code_texture":"SIL","drainage":"imparfait","pente":1.2,"classe_agricole":"2"},"geometry":{"type":"Polygon","coordinates":[[[-79.06427,43.20252],[-79.06494,43.20254],[-79.06536,43.20204],[-79.06518,43.20155],[-79.06415,43.20087],[-79.06328,43.20007],[-79.06311,43.19961],[-79.06259,43.19999],[-79.06188,43.20021],[-79.06138,43.20059],[-79.06154,43.20123],[-79.06227,43.20167],[-79.0634,43.20194],[-79.06397,43.20217],[-79.06427,43.20252]]]}},{"type":"Feature","properties":{"serie":"Not Mapped","texture":"NA","code_texture":"NA","drainage":null,"pente":-9,"classe_agricole":"0"},"geometry":{"type":"Polygon","coordinates":[[[-79.05903,43.199],[-79.05883,43.19881],[-79.05667,43.19891],[-79.05696,43.19983],[-79.05693,43.20004],[-79.0566,43.20058],[-79.05942,43.20055],[-79.05923,43.20015],[-79.05913,43.19945],[-79.05903,43.199]]]}},{"type":"Feature","properties":{"serie":"Chinguacousy - Loamy Phase","texture":"loam limoneux","code_texture":"SIL","drainage":"imparfait","pente":1.2,"classe_agricole":"2"},"geometry":{"type":"Polygon","coordinates":[[[-79.07988,43.20486],[-79.07928,43.20499],[-79.07754,43.20622],[-79.07776,43.20683],[-79.07848,43.20716],[-79.08028,43.20733],[-79.08121,43.20741],[-79.08225,43.20724],[-79.08271,43.20694],[-79.08289,43.20653],[-79.08265,43.20594],[-79.08178,43.20542],[-79.0813,43.20485],[-79.08063,43.20446],[-79.07988,43.20486]]]}},{"type":"Feature","properties":{"serie":"Chinguacousy - Loamy Phase","texture":"loam limoneux","code_texture":"SIL","drainage":"imparfait","pente":3.5,"classe_agricole":"2"},"geometry":{"type":"Polygon","coordinates":[[[-79.05634,43.20074],[-79.0569,43.20188],[-79.05723,43.20233],[-79.05795,43.20301],[-79.05806,43.20329],[-79.0599,43.20319],[-79.06105,43.203],[-79.06175,43.20276],[-79.06214,43.20233],[-79.06215,43.20214],[-79.06044,43.20158],[-79.05961,43.20093],[-79.05942,43.20055],[-79.05627,43.20056],[-79.05634,43.20074]]]}},{"type":"Feature","properties":{"serie":"Chinguacousy - Loamy Phase","texture":"loam limoneux","code_texture":"SIL","drainage":"imparfait","pente":1.2,"classe_agricole":"2"},"geometry":{"type":"Polygon","coordinates":[[[-79.0694,43.20426],[-79.06946,43.20439],[-79.06942,43.20521],[-79.06974,43.20574],[-79.07056,43.2061],[-79.07243,43.20637],[-79.07287,43.20668],[-79.07318,43.20649],[-79.07345,43.20562],[-79.07384,43.20533],[-79.0745,43.20529],[-79.0754,43.20537],[-79.07612,43.20529],[-79.07616,43.20496],[-79.07557,43.20439],[-79.07478,43.20421],[-79.07349,43.20443],[-79.07294,43.20441],[-79.0719,43.20506],[-79.07138,43.20507],[-79.06986,43.2043],[-79.0694,43.20426]]]}},{"type":"Feature","properties":{"serie":"Chinguacousy - Loamy Phase","texture":"loam limoneux","code_texture":"SIL","drainage":"imparfait","pente":1.2,"classe_agricole":"2"},"geometry":{"type":"Polygon","coordinates":[[[-79.06602,43.20506],[-79.06665,43.20519],[-79.06745,43.20503],[-79.06884,43.20417],[-79.06817,43.20376],[-79.0671,43.20286],[-79.0667,43.20276],[-79.06646,43.20291],[-79.06623,43.20348],[-79.06604,43.20432],[-79.06602,43.20493],[-79.06602,43.20506]]]}},{"type":"Feature","properties":{"serie":"Vineland","texture":"VFSL","code_texture":"VFSL","drainage":"imparfait","pente":3.5,"classe_agricole":"2"},"geometry":{"type":"Polygon","coordinates":[[[-79.06609,43.20703],[-79.06841,43.20626],[-79.06942,43.20687],[-79.0693,43.20747],[-79.06902,43.20795],[-79.06975,43.20822],[-79.07189,43.20828],[-79.07259,43.20801],[-79.07296,43.20744],[-79.07302,43.20679],[-79.07243,43.20637],[-79.07056,43.2061],[-79.06974,43.20574],[-79.06942,43.20521],[-79.06946,43.20439],[-79.06924,43.20397],[-79.06745,43.20503],[-79.06665,43.20519],[-79.06589,43.20504],[-79.06559,43.20535],[-79.06436,43.20579],[-79.06441,43.20661],[-79.06509,43.20675],[-79.06609,43.20703]]]}},{"type":"Feature","properties":{"serie":"Chinguacousy - Loamy Phase","texture":"loam limoneux","code_texture":"SIL","drainage":"imparfait","pente":1.2,"classe_agricole":"2"},"geometry":{"type":"Polygon","coordinates":[[[-79.09016,43.21118],[-79.09017,43.21223],[-79.09047,43.21263],[-79.09083,43.2128],[-79.0912,43.21282],[-79.09182,43.21263],[-79.09256,43.212],[-79.09238,43.21174],[-79.09177,43.21163],[-79.09162,43.21135],[-79.09206,43.21087],[-79.09254,43.21081],[-79.09335,43.21176],[-79.09388,43.21175],[-79.09406,43.21131],[-79.0941,43.2105],[-79.09388,43.20974],[-79.09315,43.20934],[-79.09229,43.20936],[-79.09125,43.20967],[-79.09053,43.20955],[-79.09007,43.20895],[-79.08939,43.2091],[-79.08907,43.20976],[-79.08953,43.21061],[-79.09016,43.21118]]]}},{"type":"Feature","properties":{"serie":"Chinguacousy - Loamy Phase","texture":"loam limoneux","code_texture":"SIL","drainage":"imparfait","pente":1.2,"classe_agricole":"2"},"geometry":{"type":"Polygon","coordinates":[[[-79.08345,43.20854],[-79.08385,43.20915],[-79.08367,43.20984],[-79.08378,43.21108],[-79.08372,43.21148],[-79.08453,43.21191],[-79.08502,43.21193],[-79.08543,43.21161],[-79.08546,43.2112],[-79.0851,43.21073],[-79.08447,43.21024],[-79.08479,43.20968],[-79.0854,43.20895],[-79.08503,43.20849],[-79.08408,43.20811],[-79.08341,43.20808],[-79.08345,43.20854]]]}},{"type":"Feature","properties":{"serie":"Vineland","texture":"VFSL","code_texture":"VFSL","drainage":"imparfait","pente":1.2,"classe_agricole":"1"},"geometry":{"type":"Polygon","coordinates":[[[-79.06623,43.20912],[-79.06654,43.20932],[-79.06684,43.20896],[-79.06617,43.20754],[-79.06609,43.20703],[-79.06441,43.20661],[-79.06436,43.20579],[-79.06451,43.20574],[-79.06414,43.20553],[-79.06325,43.20558],[-79.06093,43.20645],[-79.06166,43.20914],[-79.0624,43.20931],[-79.06297,43.20917],[-79.06424,43.20851],[-79.06477,43.2087],[-79.06516,43.20924],[-79.06577,43.209],[-79.06623,43.20912]]]}},{"type":"Feature","properties":{"serie":"Chinguacousy - Loamy Phase","texture":"loam limoneux","code_texture":"SIL","drainage":"imparfait","pente":1.2,"classe_agricole":"2"},"geometry":{"type":"Polygon","coordinates":[[[-79.0785,43.21439],[-79.07928,43.21462],[-79.0802,43.21453],[-79.08253,43.21386],[-79.08296,43.21357],[-79.08278,43.2133],[-79.08213,43.21329],[-79.08038,43.21405],[-79.07977,43.21394],[-79.07979,43.21349],[-79.08081,43.2134],[-79.08159,43.21306],[-79.08221,43.21261],[-79.08283,43.21285],[-79.08327,43.21273],[-79.08323,43.21234],[-79.08268,43.21166],[-79.08279,43.21087],[-79.08304,43.2102],[-79.0826,43.20968],[-79.08198,43.20962],[-79.08123,43.20979],[-79.08051,43.2095],[-79.07954,43.20942],[-79.0793,43.20981],[-79.08076,43.21055],[-79.08129,43.21127],[-79.08112,43.21203],[-79.08052,43.21233],[-79.07988,43.21225],[-79.07958,43.21191],[-79.07997,43.21131],[-79.07974,43.21097],[-79.07894,43.21087],[-79.07757,43.21039],[-79.07686,43.21061],[-79.07642,43.21056],[-79.07652,43.21097],[-79.07722,43.21124],[-79.07829,43.21134],[-79.07896,43.21188],[-79.07866,43.21237],[-79.07705,43.21232],[-79.0761,43.21244],[-79.07359,43.2122],[-79.0693,43.21296],[-79.06807,43.21306],[-79.06785,43.21337],[-79.06856,43.2136],[-79.07116,43.21351],[-79.0725,43.21357],[-79.07433,43.21319],[-79.07538,43.21336],[-79.07643,43.21331],[-79.07711,43.2131],[-79.07729,43.21328],[-79.07658,43.21388],[-79.07661,43.21426],[-79.07677,43.21435],[-79.0777,43.21427],[-79.0785,43.21439]]]}},{"type":"Feature","properties":{"serie":"Tavistock - Till Red Phase","texture":"VFSL","code_texture":"VFSL","drainage":"imparfait","pente":1.2,"classe_agricole":"1"},"geometry":{"type":"Polygon","coordinates":[[[-79.07279,43.2084],[-79.07039,43.2091],[-79.06819,43.2093],[-79.0675,43.20952],[-79.06734,43.20981],[-79.06762,43.21009],[-79.06791,43.2102],[-79.06997,43.21],[-79.07104,43.2098],[-79.07218,43.20942],[-79.07303,43.20901],[-79.07346,43.2086],[-79.07339,43.20836],[-79.07279,43.2084]]]}},{"type":"Feature","properties":{"serie":"Chinguacousy - Loamy Phase","texture":"loam limoneux","code_texture":"SIL","drainage":"imparfait","pente":1.2,"classe_agricole":"2"},"geometry":{"type":"Polygon","coordinates":[[[-79.08764,43.21287],[-79.087,43.21323],[-79.08694,43.21383],[-79.08718,43.21451],[-79.08684,43.21564],[-79.08703,43.21586],[-79.0874,43.21605],[-79.0879,43.2162],[-79.08835,43.21613],[-79.08855,43.21568],[-79.08827,43.21517],[-79.08807,43.21441],[-79.08864,43.21377],[-79.08932,43.21323],[-79.08929,43.21282],[-79.08854,43.2127],[-79.08764,43.21287]]]}},{"type":"Feature","properties":{"serie":"Chinguacousy - Loamy Phase","texture":"loam limoneux","code_texture":"SIL","drainage":"imparfait","pente":1.2,"classe_agricole":"2"},"geometry":{"type":"Polygon","coordinates":[[[-79.09296,43.22046],[-79.09314,43.22087],[-79.09409,43.22148],[-79.09481,43.22213],[-79.09547,43.22405],[-79.0957,43.22419],[-79.09615,43.22349],[-79.09662,43.2231],[-79.09708,43.22291],[-79.09844,43.2217],[-79.09891,43.22116],[-79.09904,43.22045],[-79.09877,43.2194],[-79.098,43.21952],[-79.09759,43.21936],[-79.0974,43.219],[-79.09782,43.21845],[-79.09839,43.21805],[-79.09852,43.21748],[-79.09802,43.2169],[-79.09795,43.21633],[-79.09834,43.21574],[-79.09821,43.21537],[-79.09639,43.21533],[-79.09543,43.21585],[-79.09396,43.21622],[-79.09328,43.21687],[-79.09333,43.21778],[-79.0938,43.21852],[-79.09352,43.21946],[-79.0928,43.22008],[-79.09296,43.22046]]]}},{"type":"Feature","properties":{"serie":"Chinguacousy - Washed Phase","texture":"loam","code_texture":"L","drainage":"imparfait","pente":1.2,"classe_agricole":"1"},"geometry":{"type":"Polygon","coordinates":[[[-79.08161,43.2149],[-79.08157,43.2153],[-79.08173,43.21549],[-79.08208,43.21563],[-79.08261,43.21565],[-79.0842,43.21532],[-79.08583,43.21463],[-79.08591,43.2143],[-79.08549,43.21409],[-79.08472,43.2143],[-79.08385,43.2147],[-79.0821,43.21466],[-79.08161,43.2149]]]}},{"type":"Feature","properties":{"serie":"Chinguacousy - Loamy Phase","texture":"loam limoneux","code_texture":"SIL","drainage":"imparfait","pente":1.2,"classe_agricole":"2"},"geometry":{"type":"Polygon","coordinates":[[[-79.0891,43.22033],[-79.08926,43.22014],[-79.08942,43.21929],[-79.09009,43.21851],[-79.0918,43.21759],[-79.09208,43.21695],[-79.092,43.21635],[-79.09162,43.2162],[-79.09131,43.21639],[-79.09048,43.21768],[-79.08994,43.21789],[-79.08952,43.21769],[-79.08918,43.21702],[-79.08881,43.21656],[-79.08829,43.21657],[-79.08797,43.21705],[-79.08844,43.21873],[-79.08789,43.21926],[-79.08628,43.21978],[-79.0855,43.22121],[-79.08485,43.2218],[-79.08445,43.22313],[-79.08398,43.22347],[-79.08443,43.22408],[-79.08503,43.22462],[-79.08584,43.22506],[-79.08673,43.22514],[-79.08684,43.22412],[-79.08651,43.22356],[-79.08656,43.22253],[-79.08716,43.22173],[-79.08879,43.22073],[-79.0891,43.22033]]]}},{"type":"Feature","properties":{"serie":"Vineland","texture":"VFSL","code_texture":"VFSL","drainage":"imparfait","pente":1.2,"classe_agricole":"1"},"geometry":{"type":"Polygon","coordinates":[[[-79.07888,43.21998],[-79.07968,43.22009],[-79.08017,43.22005],[-79.08141,43.21867],[-79.08185,43.21867],[-79.08186,43.21904],[-79.08151,43.21957],[-79.08141,43.22021],[-79.08192,43.22092],[-79.08326,43.22186],[-79.08399,43.2218],[-79.0842,43.22135],[-79.08398,43.2208],[-79.08318,43.2205],[-79.08262,43.22006],[-79.08292,43.2194],[-79.08359,43.21874],[-79.08527,43.21798],[-79.0867,43.21786],[-79.08691,43.21756],[-79.08608,43.21646],[-79.08563,43.21607],[-79.08492,43.21608],[-79.08331,43.21655],[-79.08189,43.21624],[-79.08115,43.21653],[-79.08122,43.21705],[-79.08209,43.21722],[-79.0819,43.21761],[-79.08105,43.21776],[-79.08014,43.21768],[-79.07918,43.2172],[-79.07821,43.2172],[-79.07761,43.21763],[-79.07682,43.21765],[-79.07631,43.21793],[-79.07641,43.21881],[-79.07707,43.21923],[-79.07799,43.21936],[-79.07823,43.21962],[-79.07823,43.21988],[-79.07866,43.21993],[-79.07888,43.21998]]]}},{"type":"Feature","properties":{"serie":"Chinguacousy - Loamy Phase","texture":"loam limoneux","code_texture":"SIL","drainage":"imparfait","pente":1.2,"classe_agricole":"2"},"geometry":{"type":"Polygon","coordinates":[[[-79.06327,43.21226],[-79.06188,43.21245],[-79.06148,43.21476],[-79.0628,43.21413],[-79.06504,43.2135],[-79.06479,43.21322],[-79.06383,43.2132],[-79.06332,43.21282],[-79.06389,43.21254],[-79.06456,43.21249],[-79.06476,43.21218],[-79.0642,43.21211],[-79.06327,43.21226]]]}},{"type":"Feature","properties":{"serie":"Chinguacousy - Loamy Phase","texture":"loam limoneux","code_texture":"SIL","drainage":"imparfait","pente":1.2,"classe_agricole":"2"},"geometry":{"type":"Polygon","coordinates":[[[-79.06518,43.21676],[-79.06571,43.21718],[-79.06626,43.21737],[-79.06802,43.21758],[-79.06871,43.2178],[-79.06863,43.21829],[-79.06721,43.21874],[-79.06724,43.21917],[-79.06802,43.21935],[-79.06885,43.21902],[-79.06946,43.2189],[-79.07069,43.21884],[-79.07079,43.21848],[-79.07107,43.21799],[-79.07097,43.21759],[-79.0701,43.2173],[-79.06999,43.21686],[-79.071,43.21679],[-79.07186,43.21633],[-79.07298,43.21602],[-79.0739,43.21608],[-79.07464,43.21599],[-79.07511,43.21566],[-79.07522,43.21509],[-79.07484,43.21457],[-79.07391,43.21439],[-79.0719,43.21501],[-79.07089,43.21511],[-79.06863,43.21511],[-79.06759,43.21542],[-79.06599,43.21521],[-79.0652,43.21543],[-79.0647,43.21576],[-79.06483,43.21597],[-79.06527,43.21612],[-79.0656,43.21638],[-79.06555,43.21656],[-79.0654,43.21664],[-79.06518,43.21676]]]}},{"type":"Feature","properties":{"serie":"Tavistock - Till Red Phase","texture":"VFSL","code_texture":"VFSL","drainage":"imparfait","pente":3.5,"classe_agricole":"2"},"geometry":{"type":"Polygon","coordinates":[[[-79.07495,43.21846],[-79.07491,43.21882],[-79.07515,43.21963],[-79.07561,43.22041],[-79.07643,43.22112],[-79.07675,43.22093],[-79.07667,43.2197],[-79.07582,43.21893],[-79.07557,43.21833],[-79.07554,43.21783],[-79.07532,43.21784],[-79.07498,43.21823],[-79.07495,43.21846]]]}},{"type":"Feature","properties":{"serie":"Jeddo - Loamy Phase","texture":"loam","code_texture":"L","drainage":"pauvre","pente":1.2,"classe_agricole":"3"},"geometry":{"type":"Polygon","coordinates":[[[-79.06447,43.21693],[-79.06438,43.21746],[-79.06314,43.21822],[-79.06296,43.21898],[-79.0636,43.21961],[-79.06462,43.21979],[-79.06837,43.21975],[-79.06911,43.21962],[-79.06946,43.21946],[-79.0693,43.21895],[-79.06885,43.21902],[-79.06802,43.21935],[-79.06724,43.21917],[-79.06721,43.21874],[-79.06863,43.21829],[-79.06871,43.2178],[-79.06802,43.21758],[-79.06626,43.21737],[-79.06571,43.21718],[-79.06518,43.21676],[-79.06473,43.21688],[-79.06447,43.21693]]]}},{"type":"Feature","properties":{"serie":"Vineland","texture":"VFSL","code_texture":"VFSL","drainage":"imparfait","pente":1.2,"classe_agricole":"1"},"geometry":{"type":"Polygon","coordinates":[[[-79.126,43.24535],[-79.12636,43.24472],[-79.12695,43.24441],[-79.12744,43.2445],[-79.12934,43.24541],[-79.12942,43.24505],[-79.12846,43.24402],[-79.12845,43.24378],[-79.12808,43.2434],[-79.12754,43.24233],[-79.12674,43.23985],[-79.12586,43.23929],[-79.12519,43.23826],[-79.12351,43.23689],[-79.12268,43.23592],[-79.1215,43.2354],[-79.12029,43.23511],[-79.11939,43.23447],[-79.11812,43.23424],[-79.11762,43.23328],[-79.11679,43.233],[-79.11547,43.2329],[-79.11457,43.23269],[-79.11379,43.23222],[-79.11327,43.231],[-79.11288,43.23054],[-79.11246,43.23084],[-79.11241,43.23116],[-79.11251,43.23151],[-79.11298,43.23211],[-79.11323,43.23383],[-79.1125,43.23386],[-79.11253,43.23452],[-79.11265,43.2344],[-79.113,43.23435],[-79.11528,43.23512],[-79.11588,43.23551],[-79.11662,43.23615],[-79.11741,43.23702],[-79.11827,43.2383],[-79.11877,43.23924],[-79.1189,43.23996],[-79.12241,43.23993],[-79.12319,43.2401],[-79.12393,43.24078],[-79.12459,43.24165],[-79.1251,43.24252],[-79.12533,43.24351],[-79.12534,43.24473],[-79.12559,43.24533],[-79.126,43.24535]]]}},{"type":"Feature","properties":{"serie":"Vineland","texture":"VFSL","code_texture":"VFSL","drainage":"imparfait","pente":3.5,"classe_agricole":"2"},"geometry":{"type":"Polygon","coordinates":[[[-79.12037,43.2506],[-79.12057,43.25085],[-79.12125,43.25099],[-79.12164,43.25127],[-79.12138,43.25173],[-79.12064,43.25203],[-79.12069,43.25244],[-79.12233,43.25262],[-79.12257,43.25311],[-79.12261,43.25344],[-79.12303,43.25325],[-79.12397,43.25209],[-79.12358,43.25206],[-79.12341,43.2519],[-79.12343,43.25157],[-79.12294,43.25163],[-79.12259,43.2513],[-79.12257,43.25072],[-79.12393,43.25046],[-79.12431,43.24983],[-79.12403,43.24926],[-79.12337,43.24873],[-79.12348,43.2481],[-79.12207,43.24793],[-79.12144,43.24752],[-79.12102,43.24673],[-79.12148,43.24532],[-79.12103,43.24521],[-79.12057,43.24578],[-79.12009,43.24618],[-79.11961,43.24554],[-79.11941,43.24485],[-79.11892,43.24455],[-79.11843,43.24391],[-79.11858,43.2433],[-79.11839,43.24247],[-79.1184,43.24164],[-79.11878,43.24098],[-79.11894,43.24026],[-79.11877,43.23924],[-79.11827,43.2383],[-79.11741,43.23702],[-79.11662,43.23615],[-79.11528,43.23512],[-79.113,43.23435],[-79.11265,43.2344],[-79.11254,43.23462],[-79.11279,43.23497],[-79.11454,43.23583],[-79.11635,43.23752],[-79.11696,43.23829],[-79.11737,43.23929],[-79.11752,43.24033],[-79.11745,43.24117],[-79.11707,43.24196],[-79.11667,43.24225],[-79.11618,43.24209],[-79.11582,43.24158],[-79.11468,43.24152],[-79.11566,43.24235],[-79.11616,43.24261],[-79.11668,43.24384],[-79.11715,43.24422],[-79.11721,43.24454],[-79.1165,43.24508],[-79.11675,43.24555],[-79.11839,43.24546],[-79.11848,43.24606],[-79.11827,43.24693],[-79.1193,43.24698],[-79.11993,43.24726],[-79.1209,43.24825],[-79.12174,43.24862],[-79.12192,43.249],[-79.12139,43.24926],[-79.12064,43.24908],[-79.11986,43.24871],[-79.11962,43.24884],[-79.12028,43.24933],[-79.12124,43.24959],[-79.12222,43.25001],[-79.12215,43.25041],[-79.12162,43.25053],[-79.12086,43.25052],[-79.12037,43.2506]]]}},{"type":"Feature","properties":{"serie":"Vineland","texture":"VFSL","code_texture":"VFSL","drainage":"imparfait","pente":3.5,"classe_agricole":"2"},"geometry":{"type":"Polygon","coordinates":[[[-79.11607,43.25347],[-79.11698,43.2539],[-79.11755,43.25373],[-79.11778,43.25381],[-79.11884,43.25446],[-79.11898,43.25442],[-79.11931,43.25391],[-79.11952,43.2538],[-79.11977,43.25391],[-79.12032,43.25473],[-79.12069,43.25482],[-79.121,43.2548],[-79.12135,43.25461],[-79.12261,43.25344],[-79.12257,43.25311],[-79.12233,43.25262],[-79.12069,43.25244],[-79.12064,43.25203],[-79.12138,43.25173],[-79.12164,43.25127],[-79.12125,43.25099],[-79.12057,43.25085],[-79.12035,43.25048],[-79.11922,43.25025],[-79.11856,43.25026],[-79.11827,43.25031],[-79.11874,43.25139],[-79.11925,43.25295],[-79.11804,43.25327],[-79.11632,43.25345],[-79.11607,43.25347]]]}},{"type":"Feature","properties":{"serie":"Water","texture":"NA","code_texture":"NA","drainage":null,"pente":-9,"classe_agricole":"W"},"geometry":{"type":"Polygon","coordinates":[[[-79.12013,43.25618],[-79.12068,43.25642],[-79.1208,43.25626],[-79.12072,43.25584],[-79.12092,43.25617],[-79.12127,43.2561],[-79.12136,43.25603],[-79.12136,43.25587],[-79.12154,43.25579],[-79.12167,43.25552],[-79.12106,43.25516],[-79.12078,43.25515],[-79.12049,43.25527],[-79.11981,43.25475],[-79.119,43.25461],[-79.11858,43.25466],[-79.11832,43.25438],[-79.11703,43.25408],[-79.11655,43.25425],[-79.11604,43.25416],[-79.11612,43.25426],[-79.11657,43.2544],[-79.11718,43.25423],[-79.11775,43.2544],[-79.11725,43.2544],[-79.1172,43.25453],[-79.11767,43.25467],[-79.11836,43.25513],[-79.11872,43.25518],[-79.11916,43.25539],[-79.11932,43.25559],[-79.11922,43.2559],[-79.11952,43.25624],[-79.12009,43.25617],[-79.12013,43.25618]]]}},{"type":"Feature","properties":{"serie":"Tavistock","texture":"loam","code_texture":"L","drainage":"imparfait","pente":1.2,"classe_agricole":"1"},"geometry":{"type":"Polygon","coordinates":[[[-79.11827,43.25031],[-79.11922,43.25025],[-79.12035,43.25048],[-79.12037,43.2506],[-79.12162,43.25053],[-79.12215,43.25041],[-79.12222,43.25001],[-79.12124,43.24959],[-79.12028,43.24933],[-79.11962,43.24884],[-79.11986,43.24871],[-79.12064,43.24908],[-79.12139,43.24926],[-79.12192,43.249],[-79.12174,43.24862],[-79.1209,43.24825],[-79.12054,43.24788],[-79.12048,43.24807],[-79.12007,43.24837],[-79.11871,43.24847],[-79.11868,43.249],[-79.11788,43.24901],[-79.11783,43.24775],[-79.11927,43.2476],[-79.1193,43.24698],[-79.11827,43.24693],[-79.11848,43.24606],[-79.11839,43.24546],[-79.11675,43.24555],[-79.11649,43.24711],[-79.11578,43.24798],[-79.11464,43.24855],[-79.11387,43.2491],[-79.11382,43.24964],[-79.11447,43.25004],[-79.11533,43.25025],[-79.11584,43.2503],[-79.11822,43.25018],[-79.11827,43.25031]]]}},{"type":"Feature","properties":{"serie":"Not Mapped","texture":"NA","code_texture":"NA","drainage":null,"pente":-9,"classe_agricole":"0"},"geometry":{"type":"Polygon","coordinates":[[[-79.11784,43.23369],[-79.11812,43.23424],[-79.11939,43.23447],[-79.12203,43.23443],[-79.12418,43.23416],[-79.12414,43.23352],[-79.12212,43.23358],[-79.12206,43.23316],[-79.12044,43.23318],[-79.12038,43.23361],[-79.11931,43.23365],[-79.11784,43.23369]]]}},{"type":"Feature","properties":{"serie":"Vineland","texture":"VFSL","code_texture":"VFSL","drainage":"imparfait","pente":3.5,"classe_agricole":"2"},"geometry":{"type":"Polygon","coordinates":[[[-79.12211,43.23275],[-79.12281,43.23302],[-79.12344,43.23354],[-79.12414,43.23352],[-79.12403,43.23025],[-79.12349,43.23004],[-79.12145,43.22808],[-79.12078,43.22759],[-79.12079,43.22804],[-79.1202,43.22807],[-79.12022,43.22824],[-79.12086,43.22913],[-79.12218,43.23042],[-79.12304,43.23095],[-79.1236,43.2317],[-79.12335,43.23241],[-79.12269,43.23246],[-79.12186,43.23228],[-79.12211,43.23275]]]}},{"type":"Feature","properties":{"serie":"Not Mapped","texture":"NA","code_texture":"NA","drainage":null,"pente":-9,"classe_agricole":"0"},"geometry":{"type":"Polygon","coordinates":[[[-79.1189,43.23996],[-79.11894,43.24026],[-79.11881,43.24083],[-79.1224,43.24069],[-79.12226,43.24042],[-79.12241,43.23993],[-79.1189,43.23996]]]}},{"type":"Feature","properties":{"serie":"Vineland","texture":"VFSL","code_texture":"VFSL","drainage":"imparfait","pente":1.2,"classe_agricole":"1"},"geometry":{"type":"Polygon","coordinates":[[[-79.11948,43.23326],[-79.11963,43.23364],[-79.12038,43.23361],[-79.12044,43.23318],[-79.12206,43.23316],[-79.12212,43.23358],[-79.12344,43.23354],[-79.12281,43.23302],[-79.12211,43.23275],[-79.12186,43.23228],[-79.12269,43.23246],[-79.12335,43.23241],[-79.1236,43.2317],[-79.12304,43.23095],[-79.12218,43.23042],[-79.1215,43.22981],[-79.12086,43.22913],[-79.12022,43.22824],[-79.11863,43.22835],[-79.119,43.22924],[-79.11883,43.22984],[-79.11825,43.23004],[-79.11755,43.22976],[-79.11668,43.22907],[-79.1158,43.22858],[-79.11561,43.22867],[-79.11577,43.22949],[-79.1162,43.23015],[-79.11687,43.23066],[-79.11806,43.23222],[-79.11884,43.2327],[-79.11948,43.23326]]]}},{"type":"Feature","properties":{"serie":"Not Mapped","texture":"NA","code_texture":"NA","drainage":null,"pente":-9,"classe_agricole":"0"},"geometry":{"type":"Polygon","coordinates":[[[-79.1193,43.24698],[-79.11927,43.2476],[-79.11783,43.24775],[-79.11788,43.24901],[-79.11868,43.249],[-79.11871,43.24847],[-79.12007,43.24837],[-79.12048,43.24807],[-79.12054,43.24788],[-79.11993,43.24726],[-79.1193,43.24698]]]}},{"type":"Feature","properties":{"serie":"Not Mapped","texture":"NA","code_texture":"NA","drainage":null,"pente":-9,"classe_agricole":"0"},"geometry":{"type":"Polygon","coordinates":[[[-79.11548,43.2531],[-79.11607,43.25347],[-79.11804,43.25327],[-79.11925,43.25295],[-79.11874,43.25139],[-79.11822,43.25018],[-79.11584,43.2503],[-79.11432,43.25202],[-79.11429,43.2522],[-79.11446,43.25237],[-79.11531,43.25299],[-79.11548,43.2531]]]}},{"type":"Feature","properties":{"serie":"Vineland","texture":"VFSL","code_texture":"VFSL","drainage":"imparfait","pente":3.5,"classe_agricole":"2"},"geometry":{"type":"Polygon","coordinates":[[[-79.11288,43.23054],[-79.11327,43.231],[-79.11379,43.23222],[-79.11457,43.23269],[-79.11547,43.2329],[-79.11679,43.233],[-79.11762,43.23328],[-79.11784,43.23369],[-79.11963,43.23364],[-79.11948,43.23326],[-79.11884,43.2327],[-79.11806,43.23222],[-79.11687,43.23066],[-79.1162,43.23015],[-79.11577,43.22949],[-79.11561,43.22867],[-79.1158,43.22858],[-79.11542,43.22846],[-79.11499,43.22857],[-79.11493,43.22922],[-79.11502,43.23019],[-79.11617,43.23167],[-79.11624,43.23217],[-79.11572,43.23233],[-79.11503,43.23215],[-79.11453,43.23164],[-79.11422,43.23103],[-79.1133,43.23023],[-79.11288,43.23054]]]}},{"type":"Feature","properties":{"serie":"Tavistock","texture":"loam","code_texture":"L","drainage":"imparfait","pente":1.2,"classe_agricole":"1"},"geometry":{"type":"Polygon","coordinates":[[[-79.11404,43.24678],[-79.11459,43.24675],[-79.11521,43.24686],[-79.11623,43.24743],[-79.11649,43.24711],[-79.11675,43.24555],[-79.1165,43.24508],[-79.11721,43.24454],[-79.11715,43.24422],[-79.11668,43.24384],[-79.11616,43.24261],[-79.11566,43.24235],[-79.11468,43.24152],[-79.11439,43.24148],[-79.11443,43.2405],[-79.115,43.24037],[-79.11441,43.23817],[-79.11357,43.23722],[-79.11299,43.23618],[-79.11295,43.23541],[-79.11316,43.23515],[-79.11279,43.23497],[-79.11254,43.23462],[-79.11226,43.2346],[-79.1106,43.23496],[-79.10994,43.23482],[-79.10918,43.23481],[-79.10863,43.2352],[-79.10816,43.23573],[-79.10784,43.23635],[-79.10836,43.2367],[-79.10918,43.23703],[-79.10926,43.23756],[-79.10852,43.23872],[-79.10835,43.23918],[-79.10873,43.23966],[-79.10942,43.23982],[-79.10989,43.23948],[-79.1103,43.23951],[-79.11023,43.24014],[-79.11053,43.24056],[-79.11202,43.24191],[-79.11296,43.24319],[-79.11359,43.24318],[-79.11359,43.24347],[-79.11327,43.24415],[-79.11291,43.24657],[-79.11308,43.24672],[-79.1139,43.24641],[-79.11408,43.24648],[-79.11406,43.24662],[-79.11404,43.24678]]]}},{"type":"Feature","properties":{"serie":"Brantford","texture":"loam limono-argileux","code_texture":"SICL","drainage":"modérément bon","pente":22.5,"classe_agricole":"5"},"geometry":{"type":"Polygon","coordinates":[[[-79.11321,43.2529],[-79.11345,43.25315],[-79.11287,43.25365],[-79.11345,43.25373],[-79.11462,43.25371],[-79.11484,43.25344],[-79.11548,43.2531],[-79.1148,43.25269],[-79.11429,43.2522],[-79.11432,43.25202],[-79.11543,43.25076],[-79.11514,43.25072],[-79.11424,43.25138],[-79.11366,43.2513],[-79.11304,43.25156],[-79.11311,43.25168],[-79.11304,43.2519],[-79.11251,43.25189],[-79.11104,43.25217],[-79.11079,43.25192],[-79.11163,43.25093],[-79.11131,43.25035],[-79.10951,43.24938],[-79.10947,43.24868],[-79.10967,43.24747],[-79.10939,43.24701],[-79.10879,43.24691],[-79.1085,43.2466],[-79.1089,43.2462],[-79.10941,43.24589],[-79.10932,43.2455],[-79.10857,43.24533],[-79.10806,43.24508],[-79.10859,43.24456],[-79.10782,43.24401],[-79.10863,43.24352],[-79.10869,43.24307],[-79.10747,43.24312],[-79.10738,43.24284],[-79.10696,43.24242],[-79.10622,43.24205],[-79.10383,43.24151],[-79.10318,43.24172],[-79.10287,43.24155],[-79.10293,43.2414],[-79.1026,43.24129],[-79.10215,43.24131],[-79.10208,43.24156],[-79.10213,43.2419],[-79.1024,43.24222],[-79.103,43.2425],[-79.10516,43.24285],[-79.10564,43.24341],[-79.10574,43.24404],[-79.10613,43.24425],[-79.10645,43.24465],[-79.10588,43.24506],[-79.10494,43.24537],[-79.10463,43.24565],[-79.10678,43.24622],[-79.10715,43.24657],[-79.1067,43.24693],[-79.10699,43.24701],[-79.10734,43.24729],[-79.10853,43.24789],[-79.10863,43.24834],[-79.10844,43.24876],[-79.10845,43.24912],[-79.10815,43.24953],[-79.10816,43.24977],[-79.10852,43.24974],[-79.10892,43.24986],[-79.10879,43.25036],[-79.10997,43.25073],[-79.11026,43.25096],[-79.11033,43.25126],[-79.11013,43.2515],[-79.10977,43.2517],[-79.10948,43.25243],[-79.10913,43.25244],[-79.1086,43.25263],[-79.11047,43.25313],[-79.11253,43.25288],[-79.11321,43.2529]],[[-79.10696,43.24362],[-79.10715,43.24377],[-79.10728,43.24406],[-79.10723,43.24425],[-79.10697,43.24427],[-79.10685,43.24404],[-79.10639,43.24381],[-79.10639,43.24359],[-79.10649,43.24348],[-79.10671,43.24346],[-79.10696,43.24362]]]}},{"type":"Feature","properties":{"serie":"Beverly - Loamy Phase","texture":"loam limoneux","code_texture":"SIL","drainage":"imparfait","pente":3.5,"classe_agricole":"2"},"geometry":{"type":"Polygon","coordinates":[[[-79.11366,43.2513],[-79.11424,43.25138],[-79.11514,43.25072],[-79.11543,43.25076],[-79.11584,43.2503],[-79.11447,43.25004],[-79.11382,43.24964],[-79.11387,43.2491],[-79.11442,43.24871],[-79.11435,43.24794],[-79.11376,43.24817],[-79.11253,43.24891],[-79.11271,43.2492],[-79.1127,43.24954],[-79.11228,43.24963],[-79.11243,43.25009],[-79.11295,43.25037],[-79.11362,43.25044],[-79.11365,43.25084],[-79.11366,43.2513]]]}},{"type":"Feature","properties":{"serie":"Vineland","texture":"VFSL","code_texture":"VFSL","drainage":"imparfait","pente":1.2,"classe_agricole":"1"},"geometry":{"type":"Polygon","coordinates":[[[-79.11582,43.24158],[-79.11618,43.24209],[-79.11667,43.24225],[-79.11707,43.24196],[-79.11745,43.24117],[-79.11752,43.24033],[-79.11737,43.23929],[-79.11696,43.23829],[-79.11635,43.23752],[-79.11454,43.23583],[-79.11316,43.23515],[-79.11295,43.23541],[-79.11299,43.23618],[-79.11357,43.23722],[-79.11441,43.23817],[-79.115,43.24037],[-79.1158,43.24045],[-79.1159,43.24049],[-79.11598,43.24078],[-79.1165,43.24081],[-79.11662,43.24155],[-79.11613,43.24159],[-79.11582,43.24158]]]}},{"type":"Feature","properties":{"serie":"Vineland","texture":"VFSL","code_texture":"VFSL","drainage":"imparfait","pente":1.2,"classe_agricole":"1"},"geometry":{"type":"Polygon","coordinates":[[[-79.11435,43.24794],[-79.11442,43.24871],[-79.11578,43.24798],[-79.11623,43.24743],[-79.11521,43.24686],[-79.11459,43.24675],[-79.11404,43.24678],[-79.11293,43.24708],[-79.11215,43.24773],[-79.11262,43.24823],[-79.11314,43.24819],[-79.11365,43.24784],[-79.11411,43.24773],[-79.11435,43.24794]]]}},{"type":"Feature","properties":{"serie":"Vineland","texture":"VFSL","code_texture":"VFSL","drainage":"imparfait","pente":1.2,"classe_agricole":"1"},"geometry":{"type":"Polygon","coordinates":[[[-79.1137,43.22871],[-79.11464,43.2293],[-79.1133,43.23023],[-79.11422,43.23103],[-79.11453,43.23164],[-79.11503,43.23215],[-79.11572,43.23233],[-79.11624,43.23217],[-79.11617,43.23167],[-79.11502,43.23019],[-79.11493,43.22922],[-79.11499,43.22857],[-79.11542,43.22846],[-79.1158,43.22858],[-79.11668,43.22907],[-79.11755,43.22976],[-79.11825,43.23004],[-79.11883,43.22984],[-79.119,43.22924],[-79.11873,43.22843],[-79.11863,43.22835],[-79.11784,43.22837],[-79.11781,43.22798],[-79.11711,43.22799],[-79.11709,43.22746],[-79.11509,43.22754],[-79.1137,43.22871]]]}},{"type":"Feature","properties":{"serie":"Not Mapped","texture":"NA","code_texture":"NA","drainage":null,"pente":-9,"classe_agricole":"0"},"geometry":{"type":"Polygon","coordinates":[[[-79.11582,43.24158],[-79.11662,43.24155],[-79.1165,43.24081],[-79.11598,43.24078],[-79.1159,43.24049],[-79.1158,43.24045],[-79.115,43.24037],[-79.11443,43.2405],[-79.11439,43.24148],[-79.11556,43.24158],[-79.11582,43.24158]]]}},{"type":"Feature","properties":{"serie":"Brantford","texture":"loam limono-argileux","code_texture":"SICL","drainage":"modérément bon","pente":12,"classe_agricole":"4"},"geometry":{"type":"Polygon","coordinates":[[[-79.11152,43.24785],[-79.11138,43.24807],[-79.11175,43.2483],[-79.11185,43.24885],[-79.11162,43.24942],[-79.1116,43.25004],[-79.11282,43.25121],[-79.11304,43.25156],[-79.11366,43.2513],[-79.11362,43.25044],[-79.11295,43.25037],[-79.11243,43.25009],[-79.11228,43.24963],[-79.1127,43.24954],[-79.11271,43.2492],[-79.11253,43.24891],[-79.11376,43.24817],[-79.11435,43.24794],[-79.11411,43.24773],[-79.11365,43.24784],[-79.11314,43.24819],[-79.11262,43.24823],[-79.11215,43.24773],[-79.11152,43.24785]]]}},{"type":"Feature","properties":{"serie":"Tavistock","texture":"loam","code_texture":"L","drainage":"imparfait","pente":3.5,"classe_agricole":"2"},"geometry":{"type":"Polygon","coordinates":[[[-79.11149,43.24431],[-79.1111,43.24441],[-79.11179,43.24531],[-79.11096,43.24572],[-79.11171,43.24612],[-79.11171,43.24659],[-79.11141,43.24694],[-79.11139,43.2475],[-79.11152,43.24785],[-79.11215,43.24773],[-79.11293,43.24708],[-79.11404,43.24678],[-79.11408,43.24648],[-79.1139,43.24641],[-79.11308,43.24672],[-79.11291,43.24657],[-79.11327,43.24415],[-79.11359,43.24347],[-79.11359,43.24318],[-79.11296,43.24319],[-79.11202,43.24191],[-79.11053,43.24056],[-79.11023,43.24014],[-79.1103,43.23951],[-79.10989,43.23948],[-79.10942,43.23982],[-79.10873,43.23966],[-79.10835,43.23918],[-79.10852,43.23872],[-79.10926,43.23756],[-79.10918,43.23703],[-79.10836,43.2367],[-79.10766,43.23627],[-79.10738,43.23638],[-79.10725,43.23673],[-79.10819,43.23751],[-79.10821,43.23789],[-79.10783,43.23823],[-79.10718,43.23913],[-79.1065,43.23926],[-79.10599,43.23954],[-79.10598,43.23982],[-79.10667,43.23994],[-79.10773,43.23995],[-79.10853,43.24036],[-79.10935,43.24111],[-79.11023,43.24216],[-79.11226,43.24381],[-79.11229,43.24399],[-79.11171,43.24427],[-79.11149,43.24431]]]}},{"type":"Feature","properties":{"serie":"Tavistock","texture":"loam","code_texture":"L","drainage":"imparfait","pente":1.2,"classe_agricole":"1"},"geometry":{"type":"Polygon","coordinates":[[[-79.10869,43.24307],[-79.10863,43.24352],[-79.10782,43.24401],[-79.10859,43.24456],[-79.10806,43.24508],[-79.10857,43.24533],[-79.10932,43.2455],[-79.10941,43.24589],[-79.1089,43.2462],[-79.1085,43.2466],[-79.10879,43.24691],[-79.10939,43.24701],[-79.10967,43.24747],[-79.10947,43.24868],[-79.10951,43.24938],[-79.11131,43.25035],[-79.11163,43.25093],[-79.11079,43.25192],[-79.11104,43.25217],[-79.11251,43.25189],[-79.11304,43.2519],[-79.11311,43.25168],[-79.11282,43.25121],[-79.1116,43.25004],[-79.11162,43.24942],[-79.11185,43.24885],[-79.11175,43.2483],[-79.11138,43.24807],[-79.11152,43.24785],[-79.11139,43.2475],[-79.11141,43.24694],[-79.11171,43.24659],[-79.11171,43.24612],[-79.11096,43.24572],[-79.11179,43.24531],[-79.1111,43.24441],[-79.11149,43.24431],[-79.11136,43.24418],[-79.10993,43.24339],[-79.10915,43.24313],[-79.10869,43.24307]]]}},{"type":"Feature","properties":{"serie":"Tavistock","texture":"loam","code_texture":"L","drainage":"imparfait","pente":1.2,"classe_agricole":"1"},"geometry":{"type":"Polygon","coordinates":[[[-79.10869,43.24307],[-79.10915,43.24313],[-79.10993,43.24339],[-79.11076,43.24379],[-79.11149,43.24431],[-79.1119,43.24422],[-79.11229,43.24399],[-79.11226,43.24381],[-79.11023,43.24216],[-79.10935,43.24111],[-79.10853,43.24036],[-79.10773,43.23995],[-79.10667,43.23994],[-79.10598,43.23982],[-79.10599,43.23954],[-79.1065,43.23926],[-79.10718,43.23913],[-79.10783,43.23823],[-79.10821,43.23789],[-79.10819,43.23751],[-79.10759,43.23705],[-79.10716,43.2372],[-79.1065,43.23707],[-79.1058,43.2367],[-79.10404,43.2364],[-79.10342,43.23684],[-79.10411,43.23727],[-79.10379,43.23752],[-79.10353,43.23808],[-79.1035,43.23852],[-79.10219,43.23855],[-79.1018,43.23878],[-79.10244,43.23956],[-79.10242,43.2402],[-79.10292,43.24053],[-79.10307,43.24104],[-79.10287,43.24155],[-79.10318,43.24172],[-79.10383,43.24151],[-79.10622,43.24205],[-79.10696,43.24242],[-79.10738,43.24284],[-79.10747,43.24312],[-79.10851,43.24306],[-79.10869,43.24307]]]}},{"type":"Feature","properties":{"serie":"Vineland","texture":"VFSL","code_texture":"VFSL","drainage":"imparfait","pente":1.2,"classe_agricole":"1"},"geometry":{"type":"Polygon","coordinates":[[[-79.10388,43.25262],[-79.10382,43.25278],[-79.10494,43.2528],[-79.10751,43.2526],[-79.1086,43.25263],[-79.10913,43.25244],[-79.10948,43.25243],[-79.10977,43.2517],[-79.11013,43.2515],[-79.11033,43.25126],[-79.11026,43.25096],[-79.10997,43.25073],[-79.10879,43.25036],[-79.10727,43.25062],[-79.10649,43.25086],[-79.10501,43.2516],[-79.10429,43.25215],[-79.10388,43.25262]]]}},{"type":"Feature","properties":{"serie":"Not Mapped","texture":"NA","code_texture":"NA","drainage":null,"pente":-9,"classe_agricole":"0"},"geometry":{"type":"Polygon","coordinates":[[[-79.11316,43.23302],[-79.11179,43.23307],[-79.11185,43.23465],[-79.11254,43.23462],[-79.1125,43.23386],[-79.11323,43.23383],[-79.11316,43.23302]]]}},{"type":"Feature","properties":{"serie":"Vineland","texture":"VFSL","code_texture":"VFSL","drainage":"imparfait","pente":1.2,"classe_agricole":"1"},"geometry":{"type":"Polygon","coordinates":[[[-79.10416,43.23628],[-79.10404,43.2364],[-79.1058,43.2367],[-79.1065,43.23707],[-79.10716,43.2372],[-79.10759,43.23705],[-79.10725,43.23673],[-79.10738,43.23638],[-79.10766,43.23627],[-79.10784,43.23635],[-79.10816,43.23573],[-79.10863,43.2352],[-79.10918,43.23481],[-79.10994,43.23482],[-79.1106,43.23496],[-79.11119,43.23489],[-79.11185,43.23465],[-79.11179,43.23307],[-79.11316,43.23302],[-79.11298,43.23211],[-79.11251,43.23151],[-79.11241,43.23116],[-79.11246,43.23084],[-79.11169,43.23138],[-79.11152,43.22867],[-79.10879,43.22877],[-79.1076,43.23074],[-79.10647,43.23078],[-79.10595,43.23108],[-79.10506,43.23109],[-79.10417,43.23097],[-79.10352,43.23101],[-79.10384,43.23135],[-79.10558,43.23181],[-79.10583,43.23245],[-79.1055,43.23287],[-79.10506,43.2331],[-79.1056,43.23387],[-79.10549,43.23408],[-79.10712,43.23398],[-79.10656,43.23352],[-79.10746,43.23282],[-79.10813,43.23326],[-79.10877,43.234],[-79.10772,43.23504],[-79.1076,43.23497],[-79.10722,43.23503],[-79.10664,43.23533],[-79.10608,43.23573],[-79.10554,43.23629],[-79.10477,43.23589],[-79.1044,43.2361],[-79.10416,43.23628]]]}},{"type":"Feature","properties":{"serie":"Tavistock","texture":"loam","code_texture":"L","drainage":"imparfait","pente":1.2,"classe_agricole":"1"},"geometry":{"type":"Polygon","coordinates":[[[-79.10348,43.2501],[-79.10292,43.25045],[-79.10249,43.25103],[-79.10224,43.25165],[-79.10244,43.25219],[-79.1031,43.25252],[-79.10318,43.25275],[-79.10382,43.25278],[-79.10429,43.25215],[-79.10501,43.2516],[-79.10582,43.25114],[-79.10727,43.25062],[-79.10879,43.25036],[-79.10892,43.24986],[-79.10852,43.24974],[-79.10816,43.24977],[-79.10815,43.24953],[-79.10662,43.24913],[-79.10606,43.24905],[-79.10424,43.24917],[-79.10401,43.2496],[-79.10348,43.2501]]]}},{"type":"Feature","properties":{"serie":"Brantford","texture":"loam limono-argileux","code_texture":"SICL","drainage":"modérément bon","pente":12,"classe_agricole":"4"},"geometry":{"type":"Polygon","coordinates":[[[-79.10122,43.24621],[-79.10216,43.247],[-79.10255,43.2475],[-79.10297,43.24767],[-79.10376,43.24767],[-79.10458,43.2478],[-79.10632,43.24831],[-79.10845,43.24912],[-79.10844,43.24876],[-79.10863,43.24834],[-79.10809,43.24835],[-79.10433,43.24697],[-79.10342,43.2468],[-79.1031,43.24655],[-79.10304,43.24624],[-79.10241,43.24576],[-79.10213,43.24513],[-79.10091,43.24442],[-79.10099,43.24386],[-79.10056,43.24367],[-79.09989,43.24379],[-79.09939,43.24373],[-79.09925,43.24335],[-79.09929,43.24301],[-79.09867,43.24275],[-79.09785,43.24309],[-79.09841,43.24431],[-79.09883,43.24452],[-79.09932,43.24463],[-79.09926,43.24521],[-79.09953,43.24541],[-79.10046,43.24549],[-79.10088,43.24566],[-79.10107,43.24606],[-79.10122,43.24621]]]}},{"type":"Feature","properties":{"serie":"Tavistock","texture":"loam","code_texture":"L","drainage":"imparfait","pente":1.2,"classe_agricole":"1"},"geometry":{"type":"Polygon","coordinates":[[[-79.104,43.24691],[-79.10809,43.24835],[-79.10863,43.24834],[-79.10853,43.24789],[-79.10734,43.24729],[-79.10699,43.24701],[-79.1067,43.24693],[-79.10715,43.24657],[-79.10678,43.24622],[-79.10463,43.24565],[-79.10494,43.24537],[-79.10588,43.24506],[-79.10645,43.24465],[-79.10613,43.24425],[-79.10574,43.24404],[-79.10564,43.24341],[-79.10516,43.24285],[-79.103,43.2425],[-79.1024,43.24222],[-79.10213,43.2419],[-79.10215,43.24131],[-79.10135,43.24108],[-79.10144,43.24218],[-79.10041,43.24219],[-79.10023,43.24112],[-79.0977,43.2412],[-79.09724,43.24078],[-79.09772,43.2404],[-79.09762,43.24034],[-79.09656,43.23991],[-79.09597,43.23983],[-79.09559,43.24002],[-79.09576,43.24016],[-79.09613,43.24089],[-79.0966,43.24133],[-79.09733,43.24134],[-79.09786,43.24166],[-79.09856,43.24266],[-79.09895,43.24289],[-79.09929,43.24301],[-79.10031,43.24268],[-79.10092,43.2427],[-79.10326,43.24326],[-79.10319,43.24391],[-79.10281,43.24476],[-79.10415,43.24603],[-79.10425,43.24657],[-79.104,43.24691]]]}},{"type":"Feature","properties":{"serie":"Tavistock","texture":"loam","code_texture":"L","drainage":"imparfait","pente":1.2,"classe_agricole":"1"},"geometry":{"type":"Polygon","coordinates":[[[-79.10424,43.24917],[-79.10606,43.24905],[-79.10815,43.24953],[-79.10845,43.24912],[-79.10632,43.24831],[-79.10458,43.2478],[-79.10376,43.24767],[-79.10297,43.24767],[-79.10255,43.2475],[-79.10216,43.247],[-79.10122,43.24621],[-79.10049,43.24655],[-79.10188,43.24774],[-79.10264,43.24824],[-79.10339,43.2482],[-79.10417,43.2484],[-79.10432,43.24903],[-79.10424,43.24917]]]}},{"type":"Feature","properties":{"serie":"Water","texture":"NA","code_texture":"NA","drainage":null,"pente":-9,"classe_agricole":"W"},"geometry":{"type":"Polygon","coordinates":[[[-79.10649,43.24348],[-79.10639,43.24359],[-79.10639,43.24381],[-79.10685,43.24404],[-79.1069,43.2442],[-79.10709,43.24432],[-79.10723,43.24425],[-79.10728,43.24406],[-79.10715,43.24377],[-79.10671,43.24346],[-79.10649,43.24348]]]}},{"type":"Feature","properties":{"serie":"Not Mapped","texture":"NA","code_texture":"NA","drainage":null,"pente":-9,"classe_agricole":"0"},"geometry":{"type":"Polygon","coordinates":[[[-79.09868,43.23398],[-79.09884,43.23437],[-79.09965,43.2349],[-79.10056,43.23566],[-79.10178,43.23797],[-79.10194,43.2387],[-79.10219,43.23855],[-79.1035,43.23852],[-79.10353,43.23808],[-79.10379,43.23752],[-79.10411,43.23727],[-79.10342,43.23684],[-79.1044,43.2361],[-79.10477,43.23589],[-79.10554,43.23629],[-79.10608,43.23573],[-79.10664,43.23533],[-79.10722,43.23503],[-79.1076,43.23497],[-79.10772,43.23504],[-79.10877,43.234],[-79.10813,43.23326],[-79.10746,43.23282],[-79.10656,43.23352],[-79.10712,43.23398],[-79.1013,43.23417],[-79.10079,43.23391],[-79.09914,43.23393],[-79.09868,43.23398]]]}},{"type":"Feature","properties":{"serie":"Tavistock - Till Red Phase","texture":"VFSL","code_texture":"VFSL","drainage":"imparfait","pente":1.2,"classe_agricole":"1"},"geometry":{"type":"Polygon","coordinates":[[[-79.09968,43.23166],[-79.10062,43.23204],[-79.10099,43.23254],[-79.10094,43.23324],[-79.10106,43.23342],[-79.10146,43.23325],[-79.10276,43.23217],[-79.1033,43.23213],[-79.10374,43.23266],[-79.10387,43.23337],[-79.10428,43.23413],[-79.10549,43.23408],[-79.1056,43.23387],[-79.10506,43.2331],[-79.1055,43.23287],[-79.10583,43.23245],[-79.10558,43.23181],[-79.10384,43.23135],[-79.10352,43.23101],[-79.10417,43.23097],[-79.10506,43.23109],[-79.10595,43.23108],[-79.10647,43.23078],[-79.1076,43.23074],[-79.10879,43.22877],[-79.10538,43.22888],[-79.10365,43.22978],[-79.10303,43.23025],[-79.10257,43.23039],[-79.10236,43.23069],[-79.1013,43.23147],[-79.10069,43.2315],[-79.09968,43.23166]]]}},{"type":"Feature","properties":{"serie":"Beverly - Loamy Phase","texture":"loam limoneux","code_texture":"SIL","drainage":"imparfait","pente":1.2,"classe_agricole":"2"},"geometry":{"type":"Polygon","coordinates":[[[-79.10143,43.24971],[-79.10184,43.25015],[-79.10271,43.25073],[-79.10292,43.25045],[-79.10348,43.2501],[-79.10401,43.2496],[-79.10432,43.24903],[-79.10417,43.2484],[-79.10339,43.2482],[-79.10264,43.24824],[-79.10188,43.24774],[-79.10049,43.24655],[-79.0992,43.24717],[-79.09871,43.24752],[-79.09853,43.24788],[-79.09884,43.2483],[-79.09953,43.24854],[-79.09988,43.24898],[-79.10091,43.24898],[-79.10157,43.24918],[-79.10176,43.24956],[-79.10143,43.24971]]]}},{"type":"Feature","properties":{"serie":"Tavistock","texture":"loam","code_texture":"L","drainage":"imparfait","pente":3.5,"classe_agricole":"2"},"geometry":{"type":"Polygon","coordinates":[[[-79.10179,43.25266],[-79.10318,43.25275],[-79.1031,43.25252],[-79.10244,43.25219],[-79.10224,43.25165],[-79.10271,43.25073],[-79.10184,43.25015],[-79.10143,43.24971],[-79.1007,43.24975],[-79.10002,43.24959],[-79.09888,43.24916],[-79.09958,43.25095],[-79.09984,43.25131],[-79.1006,43.2518],[-79.10081,43.25222],[-79.10085,43.25266],[-79.1013,43.25265],[-79.10179,43.25266]]]}},{"type":"Feature","properties":{"serie":"Tavistock","texture":"loam","code_texture":"L","drainage":"imparfait","pente":1.2,"classe_agricole":"1"},"geometry":{"type":"Polygon","coordinates":[[[-79.09929,43.24301],[-79.09925,43.24335],[-79.09939,43.24373],[-79.09989,43.24379],[-79.10056,43.24367],[-79.10099,43.24386],[-79.10091,43.24442],[-79.10213,43.24513],[-79.10241,43.24576],[-79.10304,43.24624],[-79.1031,43.24655],[-79.10342,43.2468],[-79.104,43.24691],[-79.10425,43.24657],[-79.10415,43.24603],[-79.10281,43.24476],[-79.10319,43.24391],[-79.10326,43.24326],[-79.10092,43.2427],[-79.10031,43.24268],[-79.09969,43.24282],[-79.09929,43.24301]]]}},{"type":"Feature","properties":{"serie":"Chinguacousy - Loamy Phase","texture":"loam limoneux","code_texture":"SIL","drainage":"imparfait","pente":7,"classe_agricole":"3"},"geometry":{"type":"Polygon","coordinates":[[[-79.10189,43.23014],[-79.10251,43.23049],[-79.10538,43.22888],[-79.10578,43.22809],[-79.10684,43.22671],[-79.10732,43.22569],[-79.10757,43.22558],[-79.10722,43.2253],[-79.10686,43.2253],[-79.10646,43.22547],[-79.10612,43.22585],[-79.10566,43.22685],[-79.10538,43.22694],[-79.10496,43.22689],[-79.1048,43.2278],[-79.10465,43.22805],[-79.10433,43.22824],[-79.10388,43.22814],[-79.10357,43.22778],[-79.10331,43.22801],[-79.10355,43.22829],[-79.10374,43.22874],[-79.10337,43.22897],[-79.10262,43.22907],[-79.1023,43.22962],[-79.10189,43.23014]]]}},{"type":"Feature","properties":{"serie":"Beverly - Loamy Phase","texture":"loam limoneux","code_texture":"SIL","drainage":"imparfait","pente":3.5,"classe_agricole":"2"},"geometry":{"type":"Polygon","coordinates":[[[-79.09862,43.24866],[-79.09888,43.24916],[-79.10002,43.24959],[-79.1007,43.24975],[-79.10143,43.24971],[-79.10176,43.24956],[-79.10157,43.24918],[-79.10091,43.24898],[-79.09988,43.24898],[-79.09953,43.24854],[-79.09884,43.2483],[-79.09853,43.24788],[-79.09871,43.24752],[-79.0992,43.24717],[-79.10122,43.24621],[-79.10088,43.24566],[-79.10046,43.24549],[-79.1002,43.24583],[-79.09978,43.24594],[-79.09807,43.24569],[-79.09692,43.24597],[-79.09655,43.24571],[-79.09695,43.24458],[-79.09668,43.24461],[-79.09633,43.24493],[-79.09582,43.2452],[-79.09536,43.24528],[-79.09478,43.24493],[-79.09447,43.245],[-79.09439,43.24546],[-79.09454,43.24581],[-79.0945,43.24597],[-79.09524,43.24608],[-79.09685,43.24676],[-79.09738,43.24718],[-79.09774,43.24786],[-79.09789,43.24847],[-79.0984,43.24844],[-79.09862,43.24866]]]}},{"type":"Feature","properties":{"serie":"Oneida","texture":"loam argileux","code_texture":"CL","drainage":"modérément bon","pente":12,"classe_agricole":"4"},"geometry":{"type":"Polygon","coordinates":[[[-79.10215,43.24131],[-79.1026,43.24129],[-79.10293,43.2414],[-79.10307,43.24104],[-79.10292,43.24053],[-79.10242,43.2402],[-79.10244,43.23956],[-79.1018,43.23878],[-79.10194,43.2387],[-79.10178,43.23797],[-79.10056,43.23566],[-79.09965,43.2349],[-79.09884,43.23437],[-79.09839,43.23354],[-79.09766,43.23307],[-79.09842,43.23289],[-79.09906,43.23234],[-79.09956,43.23167],[-79.1013,43.23147],[-79.10193,43.23106],[-79.10251,43.23049],[-79.10189,43.23014],[-79.10129,43.23026],[-79.1008,43.23059],[-79.10013,43.23085],[-79.09947,43.23073],[-79.09804,43.23231],[-79.09734,43.23262],[-79.09661,43.23281],[-79.09608,43.23343],[-79.0967,43.23388],[-79.09795,43.2341],[-79.09801,43.23457],[-79.09939,43.23558],[-79.10004,43.23626],[-79.10055,43.23705],[-79.10081,43.23776],[-79.10074,43.23831],[-79.10087,43.23859],[-79.10102,43.23868],[-79.10215,43.24131]]]}},{"type":"Feature","properties":{"serie":"Vineland","texture":"VFSL","code_texture":"VFSL","drainage":"imparfait","pente":1.2,"classe_agricole":"1"},"geometry":{"type":"Polygon","coordinates":[[[-79.09868,43.23398],[-79.10038,43.2339],[-79.10079,43.23391],[-79.1013,43.23417],[-79.10428,43.23413],[-79.10387,43.23337],[-79.10374,43.23266],[-79.1033,43.23213],[-79.10276,43.23217],[-79.10146,43.23325],[-79.10106,43.23342],[-79.10094,43.23324],[-79.10099,43.23254],[-79.10062,43.23204],[-79.09998,43.23175],[-79.09956,43.23167],[-79.09906,43.23234],[-79.09842,43.23289],[-79.09766,43.23307],[-79.09839,43.23354],[-79.09868,43.23398]]]}},{"type":"Feature","properties":{"serie":"Chinguacousy - Loamy Phase","texture":"loam limoneux","code_texture":"SIL","drainage":"imparfait","pente":3.5,"classe_agricole":"2"},"geometry":{"type":"Polygon","coordinates":[[[-79.10191,43.22674],[-79.10297,43.22761],[-79.10331,43.22801],[-79.10357,43.22778],[-79.10372,43.22686],[-79.10398,43.22659],[-79.10463,43.22629],[-79.10489,43.22606],[-79.10499,43.22583],[-79.10197,43.22595],[-79.10191,43.22674]]]}},{"type":"Feature","properties":{"serie":"Not Mapped","texture":"NA","code_texture":"NA","drainage":null,"pente":-9,"classe_agricole":"0"},"geometry":{"type":"Polygon","coordinates":[[[-79.09772,43.2404],[-79.09724,43.24078],[-79.0977,43.2412],[-79.10023,43.24112],[-79.10041,43.24219],[-79.10144,43.24218],[-79.10135,43.24108],[-79.10215,43.24131],[-79.10102,43.23868],[-79.09904,43.24024],[-79.09841,43.23987],[-79.09772,43.2404]]]}},{"type":"Feature","properties":{"serie":"Tavistock - Till Red Phase","texture":"VFSL","code_texture":"VFSL","drainage":"imparfait","pente":1.2,"classe_agricole":"1"},"geometry":{"type":"Polygon","coordinates":[[[-79.10128,43.22653],[-79.10052,43.22689],[-79.09976,43.22749],[-79.09889,43.22795],[-79.09781,43.22821],[-79.09721,43.22815],[-79.0967,43.22867],[-79.09739,43.22933],[-79.0973,43.23005],[-79.09701,43.23095],[-79.09737,43.23147],[-79.09791,43.23183],[-79.0984,43.23196],[-79.09947,43.23073],[-79.10013,43.23085],[-79.1008,43.23059],[-79.10129,43.23026],[-79.10189,43.23014],[-79.10262,43.22907],[-79.10337,43.22897],[-79.10374,43.22874],[-79.10355,43.22829],[-79.10297,43.22761],[-79.10179,43.22666],[-79.10128,43.22653]]]}},{"type":"Feature","properties":{"serie":"Tavistock","texture":"loam","code_texture":"L","drainage":"imparfait","pente":1.2,"classe_agricole":"1"},"geometry":{"type":"Polygon","coordinates":[[[-79.09695,43.24458],[-79.09655,43.24571],[-79.09692,43.24597],[-79.09807,43.24569],[-79.09978,43.24594],[-79.1002,43.24583],[-79.10046,43.24549],[-79.09953,43.24541],[-79.09926,43.24521],[-79.09932,43.24463],[-79.09883,43.24452],[-79.09841,43.24431],[-79.09785,43.24309],[-79.0974,43.24281],[-79.09709,43.24331],[-79.09698,43.24421],[-79.09695,43.24458]]]}},{"type":"Feature","properties":{"serie":"Vineland","texture":"VFSL","code_texture":"VFSL","drainage":"imparfait","pente":1.2,"classe_agricole":"1"},"geometry":{"type":"Polygon","coordinates":[[[-79.09338,43.24025],[-79.09462,43.24061],[-79.09495,43.2404],[-79.09499,43.24],[-79.09522,43.23977],[-79.09559,43.24002],[-79.09597,43.23983],[-79.09656,43.23991],[-79.09772,43.2404],[-79.09841,43.23987],[-79.09904,43.24024],[-79.10102,43.23868],[-79.1008,43.23845],[-79.09962,43.23823],[-79.0989,43.23782],[-79.09824,43.23633],[-79.09764,43.23584],[-79.09602,43.23508],[-79.09555,43.23471],[-79.09524,43.23405],[-79.09451,43.23466],[-79.09394,43.23488],[-79.09313,43.23503],[-79.09193,43.23505],[-79.09048,43.23486],[-79.09034,43.23547],[-79.0909,43.23637],[-79.09187,43.23715],[-79.09307,43.23759],[-79.09409,43.23725],[-79.09505,43.23629],[-79.0957,43.23593],[-79.09612,43.23652],[-79.09636,43.23726],[-79.097,43.23802],[-79.09695,43.23837],[-79.09462,43.23844],[-79.09388,43.23874],[-79.09344,43.23928],[-79.09335,43.23988],[-79.09338,43.24025]]]}},{"type":"Feature","properties":{"serie":"Beverly - Loamy Phase","texture":"loam limoneux","code_texture":"SIL","drainage":"imparfait","pente":1.2,"classe_agricole":"2"},"geometry":{"type":"Polygon","coordinates":[[[-79.09524,43.23405],[-79.09555,43.23471],[-79.09602,43.23508],[-79.09764,43.23584],[-79.09824,43.23633],[-79.0989,43.23782],[-79.09962,43.23823],[-79.1008,43.23845],[-79.10074,43.23831],[-79.10081,43.23776],[-79.10055,43.23705],[-79.10004,43.23626],[-79.09939,43.23558],[-79.09801,43.23457],[-79.09795,43.2341],[-79.0967,43.23388],[-79.09608,43.23343],[-79.09543,43.23388],[-79.09524,43.23405]]]}},{"type":"Feature","properties":{"serie":"Beverly - Loamy Phase","texture":"loam limoneux","code_texture":"SIL","drainage":"imparfait","pente":1.2,"classe_agricole":"2"},"geometry":{"type":"Polygon","coordinates":[[[-79.09073,43.24862],[-79.09048,43.24883],[-79.09151,43.2493],[-79.09275,43.24965],[-79.09489,43.24986],[-79.09693,43.2496],[-79.09733,43.24941],[-79.09735,43.24929],[-79.09697,43.24857],[-79.0976,43.24857],[-79.09789,43.24847],[-79.09774,43.24786],[-79.09738,43.24718],[-79.09685,43.24676],[-79.09524,43.24608],[-79.0945,43.24597],[-79.09416,43.2464],[-79.09383,43.24661],[-79.09279,43.24678],[-79.09176,43.24713],[-79.09119,43.24679],[-79.09091,43.24684],[-79.09081,43.24714],[-79.09082,43.24823],[-79.09073,43.24862]]]}},{"type":"Feature","properties":{"serie":"Beverly - Loamy Phase","texture":"loam limoneux","code_texture":"SIL","drainage":"imparfait","pente":3.5,"classe_agricole":"2"},"geometry":{"type":"Polygon","coordinates":[[[-79.0974,43.24281],[-79.09785,43.24309],[-79.09867,43.24275],[-79.09827,43.24216],[-79.09786,43.24166],[-79.09733,43.24134],[-79.0966,43.24133],[-79.09613,43.24089],[-79.09576,43.24016],[-79.09522,43.23977],[-79.09499,43.24],[-79.09495,43.2404],[-79.09462,43.24061],[-79.09315,43.24021],[-79.09281,43.24056],[-79.09289,43.2411],[-79.09335,43.24147],[-79.09393,43.2415],[-79.09441,43.24141],[-79.09454,43.24212],[-79.09513,43.24219],[-79.09582,43.24257],[-79.09668,43.24257],[-79.09715,43.24271],[-79.0974,43.24281]]]}},{"type":"Feature","properties":{"serie":"Chinguacousy - Loamy Phase","texture":"loam limoneux","code_texture":"SIL","drainage":"imparfait","pente":3.5,"classe_agricole":"2"},"geometry":{"type":"Polygon","coordinates":[[[-79.09488,43.23305],[-79.09461,43.23353],[-79.09465,43.23379],[-79.09514,43.23388],[-79.09524,43.23405],[-79.09608,43.23343],[-79.09661,43.23281],[-79.09734,43.23262],[-79.09804,43.23231],[-79.0984,43.23196],[-79.09791,43.23183],[-79.09737,43.23147],[-79.09701,43.23095],[-79.0973,43.23005],[-79.09739,43.22933],[-79.0967,43.22867],[-79.09721,43.22815],[-79.09781,43.22821],[-79.09889,43.22795],[-79.09976,43.22749],[-79.10052,43.22689],[-79.10128,43.22653],[-79.10091,43.22601],[-79.10072,43.22607],[-79.1002,43.22663],[-79.09988,43.22674],[-79.0993,43.22673],[-79.09932,43.22537],[-79.09968,43.22536],[-79.09936,43.22496],[-79.09886,43.22482],[-79.09826,43.22487],[-79.09692,43.2253],[-79.09633,43.22524],[-79.09539,43.22664],[-79.09552,43.2271],[-79.09611,43.22723],[-79.09695,43.22692],[-79.09776,43.22642],[-79.0984,43.22615],[-79.09849,43.22653],[-79.0982,43.22709],[-79.09769,43.22747],[-79.09569,43.22811],[-79.09502,43.2287],[-79.0946,43.22939],[-79.09403,43.22996],[-79.09324,43.23013],[-79.09245,43.23017],[-79.09203,43.2304],[-79.09286,43.23094],[-79.09445,43.23119],[-79.09501,43.2314],[-79.09536,43.23193],[-79.09532,43.23245],[-79.09496,43.23294],[-79.09488,43.23305]]]}},{"type":"Feature","properties":{"serie":"Chinguacousy - Red Washed Phase","texture":"loam","code_texture":"L","drainage":"imparfait","pente":1.2,"classe_agricole":"1"},"geometry":{"type":"Polygon","coordinates":[[[-79.13085,43.24996],[-79.13182,43.24998],[-79.13346,43.2492],[-79.13408,43.2485],[-79.13442,43.24753],[-79.13516,43.24667],[-79.13648,43.24621],[-79.13738,43.24618],[-79.13741,43.24656],[-79.13622,43.24736],[-79.13608,43.24827],[-79.1361,43.24965],[-79.13723,43.24971],[-79.13775,43.24982],[-79.13791,43.24995],[-79.13875,43.24957],[-79.1396,43.24904],[-79.14169,43.24738],[-79.14259,43.24684],[-79.14328,43.2466],[-79.14338,43.24643],[-79.1437,43.24624],[-79.144,43.24573],[-79.14596,43.24519],[-79.14701,43.24511],[-79.14765,43.24332],[-79.1482,43.24284],[-79.14852,43.24235],[-79.14855,43.24212],[-79.14911,43.24167],[-79.14905,43.24096],[-79.14871,43.24103],[-79.14494,43.24064],[-79.1438,43.24079],[-79.14173,43.24179],[-79.14063,43.24196],[-79.13951,43.24194],[-79.13825,43.24234],[-79.13702,43.24258],[-79.13556,43.24257],[-79.13439,43.24229],[-79.13361,43.24267],[-79.13306,43.24259],[-79.1328,43.24275],[-79.13284,43.24305],[-79.13324,43.24333],[-79.135,43.24373],[-79.13805,43.24378],[-79.13838,43.24443],[-79.13752,43.24536],[-79.13622,43.24563],[-79.13379,43.24576],[-79.13283,43.24553],[-79.13226,43.24527],[-79.13178,43.24523],[-79.13188,43.24585],[-79.13151,43.24614],[-79.13095,43.2462],[-79.13087,43.24655],[-79.13097,43.2473],[-79.13082,43.24756],[-79.13097,43.24767],[-79.13024,43.24865],[-79.1308,43.24976],[-79.13085,43.24996]]]}},{"type":"Feature","properties":{"serie":"Vineland","texture":"VFSL","code_texture":"VFSL","drainage":"imparfait","pente":1.2,"classe_agricole":"1"},"geometry":{"type":"Polygon","coordinates":[[[-79.13372,43.2562],[-79.13407,43.25621],[-79.13398,43.25608],[-79.1342,43.25567],[-79.13582,43.2556],[-79.13596,43.2557],[-79.13599,43.25601],[-79.13665,43.25594],[-79.13684,43.25515],[-79.13676,43.25428],[-79.13718,43.25396],[-79.13809,43.25288],[-79.13884,43.25224],[-79.13919,43.25141],[-79.1387,43.25122],[-79.13794,43.25127],[-79.13768,43.25102],[-79.13821,43.25057],[-79.14135,43.24928],[-79.14321,43.24775],[-79.14366,43.24722],[-79.14328,43.2466],[-79.14259,43.24684],[-79.14169,43.24738],[-79.1396,43.24904],[-79.13875,43.24957],[-79.13701,43.25043],[-79.13634,43.25061],[-79.13635,43.25111],[-79.13618,43.25152],[-79.13602,43.25238],[-79.13597,43.25355],[-79.13558,43.25407],[-79.13423,43.25518],[-79.13373,43.25576],[-79.13372,43.2562]]]}},{"type":"Feature","properties":{"serie":"Jeddo - Loamy Red Phase","texture":"loam","code_texture":"L","drainage":"pauvre","pente":1.2,"classe_agricole":"3"},"geometry":{"type":"Polygon","coordinates":[[[-79.14514,43.22539],[-79.14474,43.22606],[-79.14388,43.22633],[-79.1426,43.2264],[-79.14176,43.22703],[-79.1417,43.2278],[-79.1424,43.22797],[-79.1429,43.22835],[-79.14344,43.2286],[-79.14395,43.22869],[-79.14497,43.22842],[-79.14579,43.22799],[-79.14656,43.22739],[-79.14696,43.22676],[-79.14702,43.22611],[-79.14671,43.22558],[-79.14611,43.22516],[-79.14552,43.22512],[-79.14514,43.22539]]]}},{"type":"Feature","properties":{"serie":"Chinguacousy - Red Phase","texture":"loam argileux","code_texture":"CL","drainage":"imparfait","pente":3.5,"classe_agricole":"2"},"geometry":{"type":"Polygon","coordinates":[[[-79.13539,43.24152],[-79.13616,43.24181],[-79.13691,43.24176],[-79.1375,43.24132],[-79.1379,43.24052],[-79.13883,43.24011],[-79.13928,43.23931],[-79.13934,43.23884],[-79.14023,43.23894],[-79.1416,43.23888],[-79.14254,43.23917],[-79.14349,43.23929],[-79.14446,43.23925],[-79.14469,43.23888],[-79.14344,43.23831],[-79.14201,43.23841],[-79.1398,43.23829],[-79.13957,43.23793],[-79.13982,43.23755],[-79.14072,43.23697],[-79.14108,43.23646],[-79.14126,43.23593],[-79.14114,43.23555],[-79.14086,43.23563],[-79.13994,43.23674],[-79.13903,43.23723],[-79.13858,43.23848],[-79.13784,43.23888],[-79.13799,43.2397],[-79.13717,43.24017],[-79.1364,43.2411],[-79.13591,43.24118],[-79.13569,43.24131],[-79.13539,43.24152]]]}},{"type":"Feature","properties":{"serie":"Tavistock - Till Red Phase","texture":"VFSL","code_texture":"VFSL","drainage":"imparfait","pente":3.5,"classe_agricole":"2"},"geometry":{"type":"Polygon","coordinates":[[[-79.13716,43.25599],[-79.13754,43.25603],[-79.13828,43.25569],[-79.13868,43.2556],[-79.13928,43.25505],[-79.14104,43.25432],[-79.14115,43.25263],[-79.14074,43.25227],[-79.14034,43.25246],[-79.13911,43.25276],[-79.13896,43.25306],[-79.13861,43.25333],[-79.13875,43.2537],[-79.1393,43.25406],[-79.13878,43.25422],[-79.1379,43.25418],[-79.13738,43.25443],[-79.13782,43.25495],[-79.13782,43.25548],[-79.13726,43.25569],[-79.13717,43.25598],[-79.13716,43.25599]]]}},{"type":"Feature","properties":{"serie":"Chinguacousy - Red Washed Phase","texture":"loam","code_texture":"L","drainage":"imparfait","pente":1.2,"classe_agricole":"1"},"geometry":{"type":"Polygon","coordinates":[[[-79.1343,43.23477],[-79.13459,43.23491],[-79.13531,43.23608],[-79.13587,43.23642],[-79.1365,43.23649],[-79.13731,43.23617],[-79.13892,43.23512],[-79.13969,43.23472],[-79.14163,43.23426],[-79.1425,43.23382],[-79.14301,43.23315],[-79.14317,43.23245],[-79.14282,43.23187],[-79.14078,43.23177],[-79.14023,43.23137],[-79.13996,43.23052],[-79.13977,43.22958],[-79.13977,43.22883],[-79.14044,43.22749],[-79.14051,43.22704],[-79.14045,43.22695],[-79.13935,43.22741],[-79.13879,43.22837],[-79.13834,43.22875],[-79.13785,43.2294],[-79.13774,43.23005],[-79.13806,43.23086],[-79.13794,43.23155],[-79.13754,43.23154],[-79.13714,43.23099],[-79.13722,43.22996],[-79.13697,43.2292],[-79.13629,43.22887],[-79.13592,43.22885],[-79.13541,43.2296],[-79.1348,43.2301],[-79.13448,43.23061],[-79.13458,43.23124],[-79.13485,43.23178],[-79.13537,43.23183],[-79.136,43.23162],[-79.13617,43.23195],[-79.1355,43.23241],[-79.13559,43.23282],[-79.13588,43.23335],[-79.13549,43.23386],[-79.13479,43.23436],[-79.1343,43.23477]]]}},{"type":"Feature","properties":{"serie":"Tavistock - Till Red Phase","texture":"VFSL","code_texture":"VFSL","drainage":"imparfait","pente":1.2,"classe_agricole":"1"},"geometry":{"type":"Polygon","coordinates":[[[-79.13162,43.23652],[-79.13185,43.23798],[-79.13152,43.23879],[-79.13097,43.23956],[-79.13086,43.24031],[-79.13265,43.24127],[-79.13291,43.24179],[-79.13349,43.24173],[-79.13437,43.24129],[-79.1352,43.24102],[-79.13569,43.24131],[-79.13591,43.24118],[-79.1364,43.2411],[-79.13717,43.24017],[-79.13799,43.2397],[-79.13784,43.23888],[-79.13858,43.23848],[-79.13903,43.23723],[-79.13994,43.23674],[-79.14044,43.23623],[-79.14086,43.23563],[-79.1408,43.2352],[-79.14105,43.23438],[-79.13969,43.23472],[-79.13892,43.23512],[-79.13731,43.23617],[-79.1365,43.23649],[-79.13587,43.23642],[-79.13531,43.23608],[-79.13459,43.23491],[-79.1343,43.23477],[-79.13377,43.23595],[-79.13326,43.23617],[-79.13272,43.23594],[-79.13241,43.23601],[-79.13171,43.23643],[-79.13162,43.23652]]]}},{"type":"Feature","properties":{"serie":"Tavistock - Till Red Phase","texture":"VFSL","code_texture":"VFSL","drainage":"imparfait","pente":3.5,"classe_agricole":"2"},"geometry":{"type":"Polygon","coordinates":[[[-79.1361,43.24965],[-79.13553,43.24964],[-79.13451,43.24988],[-79.13378,43.25028],[-79.13358,43.25074],[-79.13423,43.25099],[-79.13701,43.25043],[-79.13791,43.24995],[-79.13775,43.24982],[-79.13639,43.24965],[-79.1361,43.24965]]]}},{"type":"Feature","properties":{"serie":"Vineland","texture":"VFSL","code_texture":"VFSL","drainage":"imparfait","pente":1.2,"classe_agricole":"1"},"geometry":{"type":"Polygon","coordinates":[[[-79.13178,43.24523],[-79.13226,43.24527],[-79.13283,43.24553],[-79.13379,43.24576],[-79.13622,43.24563],[-79.13752,43.24536],[-79.13838,43.24443],[-79.13805,43.24378],[-79.135,43.24373],[-79.13398,43.24355],[-79.13324,43.24333],[-79.13284,43.24305],[-79.1328,43.24275],[-79.13261,43.24275],[-79.13097,43.24359],[-79.13078,43.24396],[-79.13082,43.24446],[-79.1314,43.24506],[-79.13178,43.24523]]]}},{"type":"Feature","properties":{"serie":"Not Mapped","texture":"NA","code_texture":"NA","drainage":null,"pente":-9,"classe_agricole":"0"},"geometry":{"type":"Polygon","coordinates":[[[-79.13331,43.25721],[-79.13367,43.25712],[-79.13384,43.25724],[-79.13421,43.2571],[-79.13412,43.25696],[-79.13428,43.25683],[-79.13489,43.25661],[-79.13518,43.25663],[-79.13505,43.25648],[-79.1351,43.25635],[-79.13599,43.25601],[-79.13596,43.2557],[-79.13582,43.2556],[-79.1342,43.25567],[-79.13398,43.25608],[-79.13407,43.25621],[-79.13321,43.25623],[-79.13331,43.25721]]]}},{"type":"Feature","properties":{"serie":"Chinguacousy - Red Phase","texture":"loam argileux","code_texture":"CL","drainage":"imparfait","pente":3.5,"classe_agricole":"2"},"geometry":{"type":"Polygon","coordinates":[[[-79.13592,43.22885],[-79.13629,43.22887],[-79.13697,43.2292],[-79.13722,43.22996],[-79.13714,43.23099],[-79.13754,43.23154],[-79.13794,43.23155],[-79.13806,43.23086],[-79.13774,43.23005],[-79.13785,43.2294],[-79.13834,43.22875],[-79.13879,43.22837],[-79.13935,43.22741],[-79.14045,43.22695],[-79.14095,43.22657],[-79.14126,43.22608],[-79.14112,43.22568],[-79.1406,43.22585],[-79.14003,43.2264],[-79.13931,43.22678],[-79.13785,43.22696],[-79.13753,43.22792],[-79.13708,43.22804],[-79.1362,43.228],[-79.13579,43.22816],[-79.1356,43.22841],[-79.13564,43.2287],[-79.13592,43.22885]]]}},{"type":"Feature","properties":{"serie":"Tavistock - Till Red Phase","texture":"VFSL","code_texture":"VFSL","drainage":"imparfait","pente":1.2,"classe_agricole":"1"},"geometry":{"type":"Polygon","coordinates":[[[-79.12695,43.25351],[-79.12711,43.25378],[-79.12773,43.25404],[-79.12991,43.25472],[-79.13063,43.25476],[-79.1311,43.25426],[-79.13081,43.2537],[-79.12967,43.25349],[-79.13017,43.25328],[-79.13186,43.25287],[-79.13241,43.25296],[-79.13327,43.25279],[-79.13403,43.25291],[-79.13464,43.25315],[-79.13546,43.25295],[-79.13603,43.25303],[-79.13602,43.25238],[-79.13618,43.25152],[-79.13635,43.25111],[-79.13634,43.25061],[-79.13423,43.25099],[-79.13358,43.25074],[-79.13378,43.25028],[-79.13451,43.24988],[-79.13553,43.24964],[-79.1361,43.24965],[-79.13608,43.24827],[-79.13622,43.24736],[-79.13741,43.24656],[-79.13738,43.24618],[-79.13648,43.24621],[-79.13516,43.24667],[-79.13442,43.24753],[-79.13408,43.2485],[-79.13346,43.2492],[-79.13182,43.24998],[-79.13085,43.24996],[-79.13094,43.25046],[-79.13078,43.25111],[-79.13025,43.25179],[-79.12886,43.25318],[-79.1284,43.25343],[-79.12802,43.25319],[-79.12768,43.25271],[-79.12684,43.25294],[-79.12677,43.25326],[-79.12695,43.25351]]]}},{"type":"Feature","properties":{"serie":"Tavistock - Till Red Phase","texture":"VFSL","code_texture":"VFSL","drainage":"imparfait","pente":1.2,"classe_agricole":"1"},"geometry":{"type":"Polygon","coordinates":[[[-79.12927,43.25682],[-79.1299,43.25677],[-79.13133,43.25713],[-79.13182,43.25715],[-79.13174,43.25684],[-79.13116,43.2563],[-79.13143,43.25605],[-79.13207,43.25604],[-79.13322,43.25633],[-79.13321,43.25623],[-79.13372,43.2562],[-79.13373,43.25576],[-79.13423,43.25518],[-79.13558,43.25407],[-79.13597,43.25355],[-79.13603,43.25303],[-79.13546,43.25295],[-79.13464,43.25315],[-79.13403,43.25291],[-79.13327,43.25279],[-79.13241,43.25296],[-79.13186,43.25287],[-79.13017,43.25328],[-79.12967,43.25349],[-79.13081,43.2537],[-79.1311,43.25426],[-79.13063,43.25476],[-79.12991,43.25472],[-79.12773,43.25404],[-79.12711,43.25378],[-79.12695,43.25351],[-79.12666,43.25361],[-79.12636,43.25382],[-79.12615,43.25437],[-79.12595,43.25457],[-79.12641,43.25483],[-79.12682,43.25462],[-79.12721,43.25471],[-79.12766,43.25525],[-79.12917,43.25611],[-79.12927,43.25682]]]}},{"type":"Feature","properties":{"serie":"Tavistock - Till Red Phase","texture":"VFSL","code_texture":"VFSL","drainage":"imparfait","pente":1.2,"classe_agricole":"1"},"geometry":{"type":"Polygon","coordinates":[[[-79.12782,43.25772],[-79.12894,43.25774],[-79.13091,43.2576],[-79.13142,43.25778],[-79.13149,43.2579],[-79.13286,43.25731],[-79.13331,43.25721],[-79.13322,43.25633],[-79.13207,43.25604],[-79.13143,43.25605],[-79.13116,43.2563],[-79.13174,43.25684],[-79.13182,43.25715],[-79.13133,43.25713],[-79.1299,43.25677],[-79.12909,43.25683],[-79.12824,43.25732],[-79.12782,43.25772]]]}},{"type":"Feature","properties":{"serie":"Alluvium","texture":"loam limono-argileux","code_texture":"SICL","drainage":null,"pente":1.2,"classe_agricole":"5"},"geometry":{"type":"Polygon","coordinates":[[[-79.12802,43.25319],[-79.1284,43.25343],[-79.12886,43.25318],[-79.13025,43.25179],[-79.13078,43.25111],[-79.13094,43.25046],[-79.1308,43.24976],[-79.1305,43.24904],[-79.13017,43.24854],[-79.12967,43.24834],[-79.12898,43.24836],[-79.12869,43.24824],[-79.12894,43.24768],[-79.12929,43.24742],[-79.12997,43.24741],[-79.13082,43.24756],[-79.13097,43.2473],[-79.13087,43.24655],[-79.13095,43.2462],[-79.13151,43.24614],[-79.13188,43.24585],[-79.13178,43.24523],[-79.13107,43.24481],[-79.13082,43.24446],[-79.13078,43.24396],[-79.13097,43.24359],[-79.13261,43.24275],[-79.1328,43.24275],[-79.13306,43.24259],[-79.13361,43.24267],[-79.13439,43.24229],[-79.13569,43.24131],[-79.1352,43.24102],[-79.13437,43.24129],[-79.13349,43.24173],[-79.13291,43.24179],[-79.13265,43.24127],[-79.13086,43.24031],[-79.13097,43.23956],[-79.13152,43.23879],[-79.13185,43.23798],[-79.13162,43.23652],[-79.1313,43.23536],[-79.13141,43.23503],[-79.13165,43.23497],[-79.13272,43.23594],[-79.13326,43.23617],[-79.13377,43.23595],[-79.1342,43.23485],[-79.13549,43.23386],[-79.13588,43.23335],[-79.13559,43.23282],[-79.1355,43.23241],[-79.13617,43.23195],[-79.136,43.23162],[-79.13537,43.23183],[-79.13485,43.23178],[-79.13458,43.23124],[-79.13448,43.23061],[-79.1348,43.2301],[-79.13473,43.23003],[-79.13419,43.22989],[-79.13371,43.23002],[-79.13316,43.23043],[-79.13178,43.23002],[-79.13112,43.22944],[-79.13055,43.22947],[-79.13033,43.22918],[-79.13026,43.22884],[-79.1304,43.22863],[-79.13076,43.22845],[-79.13097,43.2279],[-79.12998,43.2276],[-79.12934,43.22772],[-79.12881,43.22765],[-79.12801,43.22738],[-79.12705,43.22761],[-79.12685,43.22751],[-79.12684,43.22733],[-79.12718,43.22647],[-79.12713,43.2261],[-79.12688,43.22582],[-79.12646,43.22583],[-79.12651,43.22538],[-79.12632,43.22493],[-79.12616,43.22475],[-79.12536,43.22447],[-79.12485,43.22442],[-79.1247,43.22453],[-79.12467,43.22462],[-79.12479,43.22474],[-79.12536,43.22496],[-79.12542,43.22508],[-79.12533,43.22548],[-79.12547,43.22548],[-79.12546,43.22597],[-79.1251,43.22598],[-79.12502,43.22607],[-79.12502,43.22639],[-79.12522,43.22656],[-79.12519,43.22698],[-79.12535,43.22737],[-79.12513,43.2279],[-79.12562,43.22796],[-79.12673,43.22863],[-79.12814,43.22871],[-79.12892,43.22931],[-79.12976,43.2293],[-79.12991,43.22946],[-79.12967,43.23052],[-79.13007,43.23073],[-79.13075,43.23087],[-79.13145,43.23071],[-79.13183,43.23143],[-79.13325,43.23184],[-79.13391,43.23236],[-79.13459,43.23269],[-79.13477,43.23333],[-79.13413,43.2337],[-79.13022,43.23448],[-79.13043,43.23511],[-79.13016,43.23597],[-79.13049,43.23659],[-79.13094,43.23705],[-79.13121,43.23756],[-79.13101,43.23826],[-79.13059,43.23887],[-79.13026,43.23915],[-79.12956,43.24124],[-79.1302,43.24143],[-79.12976,43.24244],[-79.1311,43.24227],[-79.13116,43.24247],[-79.13104,43.24269],[-79.13074,43.2429],[-79.12975,43.24343],[-79.12947,43.24389],[-79.12921,43.24413],[-79.12905,43.24351],[-79.12872,43.24338],[-79.12838,43.24372],[-79.12846,43.24402],[-79.12942,43.24505],[-79.12934,43.24541],[-79.12744,43.2445],[-79.12695,43.24441],[-79.12636,43.24472],[-79.12601,43.24524],[-79.12598,43.24579],[-79.12628,43.24641],[-79.1273,43.24709],[-79.12713,43.24748],[-79.12603,43.24763],[-79.12574,43.24784],[-79.12565,43.24832],[-79.12643,43.2498],[-79.12684,43.25006],[-79.12838,43.25051],[-79.12843,43.25079],[-79.12819,43.25123],[-79.12867,43.25124],[-79.12858,43.24972],[-79.12838,43.24959],[-79.12885,43.24955],[-79.12895,43.24968],[-79.12899,43.25059],[-79.1288,43.25129],[-79.12906,43.2515],[-79.12922,43.2514],[-79.12942,43.25099],[-79.12942,43.25051],[-79.12902,43.24932],[-79.12876,43.24923],[-79.12803,43.2493],[-79.12807,43.249],[-79.12834,43.24873],[-79.1288,43.24861],[-79.12934,43.24868],[-79.12984,43.24913],[-79.13024,43.25067],[-79.13023,43.25125],[-79.13001,43.25165],[-79.12888,43.25277],[-79.12855,43.2529],[-79.12826,43.25281],[-79.12798,43.25258],[-79.12768,43.25271],[-79.12802,43.25319]],[[-79.12852,43.24562],[-79.12968,43.24621],[-79.12972,43.24658],[-79.12953,43.24678],[-79.12916,43.24685],[-79.1289,43.24672],[-79.12869,43.24631],[-79.12837,43.24602],[-79.12761,43.24609],[-79.12701,43.24596],[-79.12673,43.2455],[-79.12712,43.24517],[-79.12794,43.24515],[-79.12852,43.24562]],[[-79.12756,43.24835],[-79.12681,43.24856],[-79.12671,43.24929],[-79.12643,43.2492],[-79.12608,43.24862],[-79.12618,43.24827],[-79.12668,43.248],[-79.12729,43.24789],[-79.12765,43.2481],[-79.12756,43.24835]]]}},{"type":"Feature","properties":{"serie":"Not Mapped","texture":"NA","code_texture":"NA","drainage":null,"pente":-9,"classe_agricole":"0"},"geometry":{"type":"Polygon","coordinates":[[[-79.12328,43.2568],[-79.12339,43.25693],[-79.12356,43.25695],[-79.12374,43.25674],[-79.12424,43.25674],[-79.12596,43.25709],[-79.12628,43.25732],[-79.12623,43.25778],[-79.12636,43.25795],[-79.1267,43.25826],[-79.12688,43.25823],[-79.12684,43.25836],[-79.12714,43.25839],[-79.12748,43.25864],[-79.12804,43.25836],[-79.1286,43.25824],[-79.13012,43.25802],[-79.13106,43.25806],[-79.13149,43.2579],[-79.13142,43.25778],[-79.13091,43.2576],[-79.12894,43.25774],[-79.12763,43.25772],[-79.12729,43.25739],[-79.12724,43.25655],[-79.12694,43.25627],[-79.12442,43.25548],[-79.12415,43.25584],[-79.12361,43.25615],[-79.12328,43.25664],[-79.12328,43.25678],[-79.12328,43.2568]]]}},{"type":"Feature","properties":{"serie":"Beverly - Loamy Phase","texture":"loam limoneux","code_texture":"SIL","drainage":"imparfait","pente":1.2,"classe_agricole":"2"},"geometry":{"type":"Polygon","coordinates":[[[-79.12914,43.23381],[-79.13017,43.23435],[-79.13022,43.23448],[-79.13413,43.2337],[-79.13477,43.23333],[-79.13459,43.23269],[-79.13391,43.23236],[-79.13325,43.23184],[-79.13183,43.23143],[-79.13145,43.23071],[-79.13075,43.23087],[-79.13007,43.23073],[-79.12967,43.23052],[-79.12978,43.22978],[-79.12912,43.22997],[-79.12719,43.22984],[-79.12637,43.22999],[-79.12608,43.23053],[-79.12627,43.23109],[-79.12723,43.23135],[-79.12814,43.23143],[-79.12891,43.232],[-79.12916,43.23282],[-79.12912,43.2336],[-79.12914,43.23381]]]}},{"type":"Feature","properties":{"serie":"Chinguacousy - Red Washed Phase","texture":"loam","code_texture":"L","drainage":"imparfait","pente":1.2,"classe_agricole":"1"},"geometry":{"type":"Polygon","coordinates":[[[-79.13097,43.2279],[-79.13076,43.22845],[-79.1304,43.22863],[-79.13026,43.22884],[-79.13033,43.22918],[-79.13055,43.22947],[-79.13112,43.22944],[-79.13178,43.23002],[-79.13316,43.23043],[-79.13346,43.23022],[-79.13344,43.22998],[-79.13409,43.22955],[-79.13432,43.22918],[-79.13416,43.22796],[-79.13416,43.22708],[-79.13372,43.22647],[-79.13297,43.22635],[-79.1323,43.22644],[-79.13171,43.22666],[-79.13115,43.22716],[-79.13097,43.2279]]]}},{"type":"Feature","properties":{"serie":"Alluvium","texture":"loam limoneux","code_texture":"SIL","drainage":null,"pente":3.5,"classe_agricole":"3"},"geometry":{"type":"Polygon","coordinates":[[[-79.13082,43.24756],[-79.12997,43.24741],[-79.12929,43.24742],[-79.12894,43.24768],[-79.12869,43.24824],[-79.12898,43.24836],[-79.12967,43.24834],[-79.13017,43.24854],[-79.13024,43.24865],[-79.13097,43.24767],[-79.13082,43.24756]]]}},{"type":"Feature","properties":{"serie":"Tavistock - Till Red Phase","texture":"VFSL","code_texture":"VFSL","drainage":"imparfait","pente":3.5,"classe_agricole":"2"},"geometry":{"type":"Polygon","coordinates":[[[-79.12694,43.25627],[-79.12724,43.25655],[-79.12729,43.25739],[-79.12763,43.25772],[-79.12782,43.25772],[-79.12824,43.25732],[-79.12909,43.25683],[-79.12927,43.25682],[-79.12917,43.25611],[-79.12766,43.25525],[-79.12721,43.25471],[-79.12682,43.25462],[-79.12641,43.25483],[-79.127,43.25537],[-79.12711,43.25586],[-79.12694,43.25627]]]}},{"type":"Feature","properties":{"serie":"Alluvium","texture":"loam limoneux","code_texture":"SIL","drainage":null,"pente":1.2,"classe_agricole":"3"},"geometry":{"type":"Polygon","coordinates":[[[-79.12798,43.25258],[-79.12826,43.25281],[-79.12855,43.2529],[-79.12888,43.25277],[-79.13001,43.25165],[-79.13023,43.25125],[-79.13024,43.25067],[-79.12984,43.24913],[-79.12934,43.24868],[-79.1288,43.24861],[-79.12834,43.24873],[-79.12807,43.249],[-79.12803,43.2493],[-79.12876,43.24923],[-79.12902,43.24932],[-79.12942,43.25051],[-79.12942,43.25099],[-79.12922,43.2514],[-79.12857,43.25159],[-79.12841,43.25177],[-79.12854,43.25199],[-79.12846,43.25219],[-79.12815,43.25247],[-79.12798,43.25258]]]}},{"type":"Feature","properties":{"serie":"Oneida - Red Phase","texture":"loam argileux","code_texture":"CL","drainage":"modérément bon","pente":7,"classe_agricole":"3"},"geometry":{"type":"Polygon","coordinates":[[[-79.13272,43.23594],[-79.13165,43.23497],[-79.13141,43.23503],[-79.1313,43.23536],[-79.13162,43.23652],[-79.13202,43.23617],[-79.13241,43.23601],[-79.13272,43.23594]]]}},{"type":"Feature","properties":{"serie":"Tavistock - Till Red Phase","texture":"VFSL","code_texture":"VFSL","drainage":"imparfait","pente":1.2,"classe_agricole":"1"},"geometry":{"type":"Polygon","coordinates":[[[-79.12872,43.24338],[-79.12905,43.24351],[-79.12921,43.24413],[-79.12947,43.24389],[-79.12975,43.24343],[-79.13074,43.2429],[-79.13104,43.24269],[-79.13116,43.24247],[-79.1311,43.24227],[-79.12976,43.24244],[-79.12967,43.24254],[-79.12901,43.24236],[-79.12934,43.24146],[-79.12841,43.24115],[-79.12906,43.23989],[-79.12924,43.23992],[-79.1291,43.23944],[-79.12834,43.23866],[-79.12669,43.23885],[-79.1274,43.23954],[-79.12782,43.2403],[-79.12828,43.242],[-79.12862,43.24277],[-79.12872,43.24338]]]}},{"type":"Feature","properties":{"serie":"Alluvium","texture":"loam limono-argileux","code_texture":"SICL","drainage":null,"pente":1.2,"classe_agricole":"5"},"geometry":{"type":"Polygon","coordinates":[[[-79.12306,43.25675],[-79.12328,43.2568],[-79.12328,43.25664],[-79.12361,43.25615],[-79.12415,43.25584],[-79.12442,43.25548],[-79.12425,43.25509],[-79.1245,43.25485],[-79.12518,43.25487],[-79.12582,43.25473],[-79.12615,43.25437],[-79.12636,43.25382],[-79.12695,43.25351],[-79.12677,43.25326],[-79.12684,43.25294],[-79.12768,43.25271],[-79.12815,43.25247],[-79.12846,43.25219],[-79.12854,43.25199],[-79.12841,43.25177],[-79.12857,43.25159],[-79.12906,43.2515],[-79.1288,43.25129],[-79.12843,43.25143],[-79.12815,43.25136],[-79.12808,43.25159],[-79.1282,43.25183],[-79.12819,43.25207],[-79.12763,43.25247],[-79.12723,43.25248],[-79.12676,43.25223],[-79.12657,43.25231],[-79.12649,43.25261],[-79.12607,43.25305],[-79.12578,43.25376],[-79.12573,43.25436],[-79.12533,43.25447],[-79.12486,43.25435],[-79.12363,43.25491],[-79.12372,43.25538],[-79.12388,43.25551],[-79.12374,43.25559],[-79.12375,43.2559],[-79.12286,43.25642],[-79.12305,43.25674],[-79.12306,43.25675]]]}},{"type":"Feature","properties":{"serie":"Tavistock - Till Red Phase","texture":"VFSL","code_texture":"VFSL","drainage":"imparfait","pente":1.2,"classe_agricole":"1"},"geometry":{"type":"Polygon","coordinates":[[[-79.13058,43.22778],[-79.13097,43.2279],[-79.13115,43.22716],[-79.13171,43.22666],[-79.1323,43.22644],[-79.13297,43.22635],[-79.13345,43.22642],[-79.13341,43.22574],[-79.13349,43.22541],[-79.1334,43.22531],[-79.13028,43.22541],[-79.13024,43.22688],[-79.1294,43.22683],[-79.12934,43.2254],[-79.12712,43.22544],[-79.12715,43.22581],[-79.12688,43.22582],[-79.12713,43.2261],[-79.12718,43.22647],[-79.12684,43.22733],[-79.12685,43.22751],[-79.12705,43.22761],[-79.12801,43.22738],[-79.12881,43.22765],[-79.12934,43.22772],[-79.12998,43.2276],[-79.13058,43.22778]]]}},{"type":"Feature","properties":{"serie":"Water","texture":"NA","code_texture":"NA","drainage":null,"pente":-9,"classe_agricole":"W"},"geometry":{"type":"Polygon","coordinates":[[[-79.12294,43.25672],[-79.12306,43.25675],[-79.12262,43.25603],[-79.12281,43.25601],[-79.12296,43.25619],[-79.1231,43.25619],[-79.12361,43.25591],[-79.12372,43.25561],[-79.12389,43.25548],[-79.12374,43.25538],[-79.12323,43.25542],[-79.12302,43.25557],[-79.12282,43.25591],[-79.12249,43.25598],[-79.12246,43.25574],[-79.12276,43.25543],[-79.12279,43.25436],[-79.12257,43.25474],[-79.12252,43.25539],[-79.12226,43.25567],[-79.12214,43.25567],[-79.12209,43.25524],[-79.12221,43.25481],[-79.12249,43.25434],[-79.1228,43.25405],[-79.12324,43.2538],[-79.12357,43.25382],[-79.1245,43.25427],[-79.12514,43.25444],[-79.12559,43.25443],[-79.12577,43.25429],[-79.12578,43.25376],[-79.12607,43.25305],[-79.12649,43.25261],[-79.12657,43.25231],[-79.12676,43.25223],[-79.12723,43.25248],[-79.12763,43.25247],[-79.12819,43.25207],[-79.1282,43.25183],[-79.12808,43.25159],[-79.12815,43.25136],[-79.12843,43.25143],[-79.1288,43.25129],[-79.12899,43.25059],[-79.12895,43.24968],[-79.12885,43.24955],[-79.12838,43.24959],[-79.12858,43.24972],[-79.12867,43.25124],[-79.12804,43.25126],[-79.12789,43.25147],[-79.12796,43.25207],[-79.1276,43.25237],[-79.12725,43.25235],[-79.12687,43.2521],[-79.12657,43.25214],[-79.12645,43.25247],[-79.12587,43.25316],[-79.12546,43.25432],[-79.12498,43.25432],[-79.12446,43.25414],[-79.12437,43.25405],[-79.12439,43.25379],[-79.12425,43.25379],[-79.12411,43.25396],[-79.1234,43.25366],[-79.12308,43.25374],[-79.12246,43.25411],[-79.12225,43.25438],[-79.12191,43.25521],[-79.12201,43.25596],[-79.12218,43.25618],[-79.12262,43.25628],[-79.12294,43.25672]]]}},{"type":"Feature","properties":{"serie":"Alluvium","texture":"loam limoneux","code_texture":"SIL","drainage":null,"pente":3.5,"classe_agricole":"3"},"geometry":{"type":"Polygon","coordinates":[[[-79.12869,43.24631],[-79.1289,43.24672],[-79.12916,43.24685],[-79.12953,43.24678],[-79.12972,43.24658],[-79.12968,43.24621],[-79.12852,43.24562],[-79.12794,43.24515],[-79.12712,43.24517],[-79.12673,43.2455],[-79.12701,43.24596],[-79.12761,43.24609],[-79.12837,43.24602],[-79.12869,43.24631]]]}},{"type":"Feature","properties":{"serie":"Beverly - Loamy Phase","texture":"loam limoneux","code_texture":"SIL","drainage":"imparfait","pente":1.2,"classe_agricole":"2"},"geometry":{"type":"Polygon","coordinates":[[[-79.12804,43.23578],[-79.12867,43.23745],[-79.12977,43.23882],[-79.13026,43.23915],[-79.13059,43.23887],[-79.13101,43.23826],[-79.13121,43.23756],[-79.13094,43.23705],[-79.13049,43.23659],[-79.13016,43.23597],[-79.13043,43.23511],[-79.13017,43.23435],[-79.12914,43.23381],[-79.12875,43.23397],[-79.12841,43.23417],[-79.12811,43.23459],[-79.12794,43.23531],[-79.12804,43.23578]]]}},{"type":"Feature","properties":{"serie":"Not Mapped","texture":"NA","code_texture":"NA","drainage":null,"pente":-9,"classe_agricole":"0"},"geometry":{"type":"Polygon","coordinates":[[[-79.12924,43.23992],[-79.12906,43.23989],[-79.12841,43.24115],[-79.12934,43.24146],[-79.12901,43.24236],[-79.12967,43.24254],[-79.1302,43.24143],[-79.12956,43.24124],[-79.12994,43.24007],[-79.12972,43.24002],[-79.12924,43.23992]]]}},{"type":"Feature","properties":{"serie":"Vittoria - Red Phase","texture":"VFSL","code_texture":"VFSL","drainage":"imparfait","pente":1.2,"classe_agricole":"1"},"geometry":{"type":"Polygon","coordinates":[[[-79.12348,43.2481],[-79.12337,43.24873],[-79.12403,43.24926],[-79.12431,43.24983],[-79.12393,43.25046],[-79.12257,43.25072],[-79.12259,43.2513],[-79.12294,43.25163],[-79.12343,43.25157],[-79.12341,43.2519],[-79.12358,43.25206],[-79.12397,43.25209],[-79.12444,43.25133],[-79.12674,43.2516],[-79.12672,43.25193],[-79.12768,43.25132],[-79.12819,43.25123],[-79.12843,43.25079],[-79.12838,43.25051],[-79.12684,43.25006],[-79.12643,43.2498],[-79.12565,43.24832],[-79.12504,43.24819],[-79.12502,43.24743],[-79.12515,43.24649],[-79.12436,43.24615],[-79.12289,43.24621],[-79.12306,43.24656],[-79.12369,43.24677],[-79.12386,43.24729],[-79.12351,43.24796],[-79.12348,43.2481]]]}},{"type":"Feature","properties":{"serie":"Alluvium","texture":"loam limoneux","code_texture":"SIL","drainage":null,"pente":1.2,"classe_agricole":"3"},"geometry":{"type":"Polygon","coordinates":[[[-79.12665,43.2521],[-79.12696,43.25213],[-79.12725,43.25235],[-79.12766,43.25233],[-79.12796,43.25207],[-79.12789,43.25147],[-79.12804,43.25126],[-79.12768,43.25132],[-79.12672,43.25193],[-79.12664,43.25206],[-79.12665,43.2521]]]}},{"type":"Feature","properties":{"serie":"Beverly - Loamy Phase","texture":"loam limoneux","code_texture":"SIL","drainage":"imparfait","pente":3.5,"classe_agricole":"2"},"geometry":{"type":"Polygon","coordinates":[[[-79.12924,43.23992],[-79.12994,43.24007],[-79.13026,43.23915],[-79.12977,43.23882],[-79.12867,43.23745],[-79.12804,43.23578],[-79.12731,43.23518],[-79.12484,43.2339],[-79.12418,43.23416],[-79.12559,43.23507],[-79.12619,43.23558],[-79.12675,43.23622],[-79.12834,43.23866],[-79.1291,43.23944],[-79.12924,43.23992]]]}},{"type":"Feature","properties":{"serie":"Vineland","texture":"VFSL","code_texture":"VFSL","drainage":"imparfait","pente":3.5,"classe_agricole":"2"},"geometry":{"type":"Polygon","coordinates":[[[-79.12442,43.25548],[-79.12694,43.25627],[-79.12711,43.25586],[-79.127,43.25537],[-79.12653,43.25489],[-79.12595,43.25457],[-79.12582,43.25473],[-79.12518,43.25487],[-79.1245,43.25485],[-79.12425,43.25509],[-79.12442,43.25548]]]}},{"type":"Feature","properties":{"serie":"Beverly - Loamy Phase","texture":"loam limoneux","code_texture":"SIL","drainage":"imparfait","pente":3.5,"classe_agricole":"2"},"geometry":{"type":"Polygon","coordinates":[[[-79.11939,43.23447],[-79.12029,43.23511],[-79.1215,43.2354],[-79.12268,43.23592],[-79.12351,43.23689],[-79.12519,43.23826],[-79.12586,43.23929],[-79.12674,43.23985],[-79.12754,43.24233],[-79.12808,43.2434],[-79.12838,43.24372],[-79.12872,43.24338],[-79.12862,43.24277],[-79.12828,43.242],[-79.12782,43.2403],[-79.1274,43.23954],[-79.12611,43.23826],[-79.12456,43.23702],[-79.12429,43.23645],[-79.12415,43.23581],[-79.12295,43.23517],[-79.12203,43.23443],[-79.11963,43.23445],[-79.11939,43.23447]]]}},{"type":"Feature","properties":{"serie":"Alluvium","texture":"loam limoneux","code_texture":"SIL","drainage":null,"pente":3.5,"classe_agricole":"3"},"geometry":{"type":"Polygon","coordinates":[[[-79.12668,43.248],[-79.12618,43.24827],[-79.12608,43.24862],[-79.12643,43.2492],[-79.12671,43.24929],[-79.12681,43.24856],[-79.12756,43.24835],[-79.12765,43.2481],[-79.12729,43.24789],[-79.12668,43.248]]]}},{"type":"Feature","properties":{"serie":"Not Mapped","texture":"NA","code_texture":"NA","drainage":null,"pente":-9,"classe_agricole":"0"},"geometry":{"type":"Polygon","coordinates":[[[-79.1238,43.25231],[-79.12512,43.25297],[-79.12588,43.25316],[-79.1264,43.25254],[-79.12672,43.25193],[-79.12674,43.2516],[-79.12444,43.25133],[-79.12397,43.25209],[-79.1238,43.25231]]]}},{"type":"Feature","properties":{"serie":"Not Mapped","texture":"NA","code_texture":"NA","drainage":null,"pente":-9,"classe_agricole":"0"},"geometry":{"type":"Polygon","coordinates":[[[-79.12515,43.24649],[-79.12502,43.24743],[-79.12504,43.24819],[-79.12565,43.24832],[-79.12574,43.24784],[-79.12603,43.24763],[-79.12713,43.24748],[-79.1273,43.24709],[-79.12628,43.24641],[-79.12598,43.24579],[-79.126,43.24535],[-79.12528,43.24538],[-79.12518,43.24633],[-79.12515,43.24649]]]}},{"type":"Feature","properties":{"serie":"Tuscola - Red Phase","texture":"loam","code_texture":"L","drainage":"imparfait","pente":3.5,"classe_agricole":"2"},"geometry":{"type":"Polygon","coordinates":[[[-79.12303,43.25325],[-79.1246,43.25376],[-79.12515,43.25345],[-79.12582,43.25327],[-79.12588,43.25316],[-79.12512,43.25297],[-79.1238,43.25231],[-79.12317,43.25312],[-79.12303,43.25325]]]}},{"type":"Feature","properties":{"serie":"Alluvium","texture":"loam limono-argileux","code_texture":"SICL","drainage":null,"pente":1.2,"classe_agricole":"5"},"geometry":{"type":"Polygon","coordinates":[[[-79.12263,43.25664],[-79.12294,43.25672],[-79.12293,43.25664],[-79.12261,43.25627],[-79.12208,43.25611],[-79.1219,43.25536],[-79.12195,43.25506],[-79.12238,43.25418],[-79.12308,43.25374],[-79.1234,43.25366],[-79.12411,43.25396],[-79.12425,43.25379],[-79.12439,43.25379],[-79.12437,43.25405],[-79.12446,43.25414],[-79.12539,43.25435],[-79.12555,43.2542],[-79.12582,43.25327],[-79.12515,43.25345],[-79.1246,43.25376],[-79.12303,43.25325],[-79.12285,43.2533],[-79.12245,43.25355],[-79.12135,43.25461],[-79.121,43.2548],[-79.12069,43.25482],[-79.12032,43.25473],[-79.11977,43.25391],[-79.11952,43.2538],[-79.11931,43.25391],[-79.11898,43.25442],[-79.11884,43.25446],[-79.11755,43.25373],[-79.11698,43.2539],[-79.11673,43.25384],[-79.11548,43.2531],[-79.11484,43.25344],[-79.11456,43.25391],[-79.11475,43.25409],[-79.11638,43.25473],[-79.11666,43.255],[-79.1158,43.25512],[-79.11583,43.2554],[-79.11758,43.2556],[-79.11851,43.25603],[-79.11872,43.25635],[-79.12255,43.25664],[-79.12263,43.25664]],[[-79.12079,43.25628],[-79.12065,43.25643],[-79.12009,43.25617],[-79.11952,43.25624],[-79.11922,43.2559],[-79.11932,43.25559],[-79.11916,43.25539],[-79.11872,43.25518],[-79.11836,43.25513],[-79.11767,43.25467],[-79.1172,43.25453],[-79.11725,43.2544],[-79.11775,43.2544],[-79.11718,43.25423],[-79.11641,43.2544],[-79.11604,43.25416],[-79.11655,43.25425],[-79.11703,43.25408],[-79.11832,43.25438],[-79.11861,43.25467],[-79.119,43.25461],[-79.11981,43.25475],[-79.12049,43.25527],[-79.12078,43.25515],[-79.12119,43.25521],[-79.12168,43.25555],[-79.12154,43.25579],[-79.12136,43.25587],[-79.12136,43.25603],[-79.12127,43.2561],[-79.12092,43.25617],[-79.12072,43.25584],[-79.1208,43.25626],[-79.12079,43.25628]]]}},{"type":"Feature","properties":{"serie":"Not Mapped","texture":"NA","code_texture":"NA","drainage":null,"pente":-9,"classe_agricole":"0"},"geometry":{"type":"Polygon","coordinates":[[[-79.12594,43.23812],[-79.12669,43.23885],[-79.12834,43.23866],[-79.12723,43.23695],[-79.12657,43.237],[-79.12664,43.23807],[-79.12594,43.23812]]]}},{"type":"Feature","properties":{"serie":"Tavistock","texture":"loam","code_texture":"L","drainage":"imparfait","pente":1.2,"classe_agricole":"1"},"geometry":{"type":"Polygon","coordinates":[[[-79.12577,43.23444],[-79.12731,43.23518],[-79.12804,43.23578],[-79.12794,43.23531],[-79.12811,43.23459],[-79.12841,43.23417],[-79.12914,43.23381],[-79.12914,43.23316],[-79.12851,43.23305],[-79.12795,43.23272],[-79.12711,43.23242],[-79.1274,43.23433],[-79.12577,43.23444]]]}},{"type":"Feature","properties":{"serie":"Vineland","texture":"VFSL","code_texture":"VFSL","drainage":"imparfait","pente":1.2,"classe_agricole":"1"},"geometry":{"type":"Polygon","coordinates":[[[-79.12077,43.22716],[-79.12078,43.22759],[-79.12145,43.22808],[-79.12349,43.23004],[-79.12403,43.23025],[-79.12402,43.23001],[-79.12457,43.22994],[-79.12456,43.22952],[-79.12529,43.22951],[-79.12553,43.23217],[-79.12706,43.23215],[-79.12711,43.23242],[-79.12795,43.23272],[-79.12851,43.23305],[-79.12914,43.23316],[-79.12916,43.23282],[-79.12891,43.232],[-79.12814,43.23143],[-79.12723,43.23135],[-79.12627,43.23109],[-79.12608,43.23053],[-79.12637,43.22999],[-79.12719,43.22984],[-79.12912,43.22997],[-79.12978,43.22978],[-79.12991,43.22946],[-79.12976,43.2293],[-79.12892,43.22931],[-79.12814,43.22871],[-79.12673,43.22863],[-79.12562,43.22796],[-79.12512,43.22788],[-79.12519,43.22817],[-79.12551,43.22817],[-79.12598,43.22834],[-79.12583,43.22865],[-79.12529,43.22874],[-79.12507,43.22864],[-79.12453,43.22864],[-79.12453,43.22851],[-79.12373,43.22853],[-79.12372,43.22824],[-79.1233,43.2282],[-79.12328,43.22769],[-79.12352,43.22761],[-79.12345,43.22715],[-79.12077,43.22715],[-79.12077,43.22716]]]}},{"type":"Feature","properties":{"serie":"Marsh","texture":"ORG","code_texture":"ORG","drainage":"très pauvre","pente":0.2,"classe_agricole":"7"},"geometry":{"type":"Polygon","coordinates":[[[-79.12281,43.25442],[-79.12272,43.25463],[-79.1228,43.25483],[-79.12276,43.25543],[-79.12243,43.25584],[-79.1225,43.25599],[-79.12282,43.25591],[-79.12313,43.25547],[-79.12372,43.25538],[-79.12363,43.25491],[-79.12486,43.25435],[-79.1239,43.25402],[-79.12289,43.25439],[-79.12281,43.25442]]]}},{"type":"Feature","properties":{"serie":"Vineland","texture":"VFSL","code_texture":"VFSL","drainage":"imparfait","pente":1.2,"classe_agricole":"1"},"geometry":{"type":"Polygon","coordinates":[[[-79.12203,43.23443],[-79.12295,43.23517],[-79.12415,43.23581],[-79.12429,43.23645],[-79.12456,43.23702],[-79.12594,43.23812],[-79.12664,43.23807],[-79.12657,43.237],[-79.12723,43.23695],[-79.12675,43.23622],[-79.12559,43.23507],[-79.12418,43.23416],[-79.12219,43.23441],[-79.12203,43.23443]]]}},{"type":"Feature","properties":{"serie":"Marsh","texture":"ORG","code_texture":"ORG","drainage":"très pauvre","pente":0.2,"classe_agricole":"7"},"geometry":{"type":"Polygon","coordinates":[[[-79.12374,43.25559],[-79.12361,43.25591],[-79.1231,43.25619],[-79.12296,43.25619],[-79.12281,43.25601],[-79.12261,43.25605],[-79.12286,43.25642],[-79.12375,43.2559],[-79.12374,43.25563],[-79.12374,43.25559]]]}},{"type":"Feature","properties":{"serie":"Tavistock - Till Red Phase","texture":"VFSL","code_texture":"VFSL","drainage":"imparfait","pente":3.5,"classe_agricole":"2"},"geometry":{"type":"Polygon","coordinates":[[[-79.12299,43.24641],[-79.12289,43.24621],[-79.12376,43.24612],[-79.12436,43.24615],[-79.12515,43.24649],[-79.12528,43.24538],[-79.12559,43.24533],[-79.12534,43.24473],[-79.12533,43.24351],[-79.1251,43.24252],[-79.12459,43.24165],[-79.12393,43.24078],[-79.12319,43.2401],[-79.12241,43.23993],[-79.12226,43.24042],[-79.12263,43.24115],[-79.12375,43.24164],[-79.12415,43.2422],[-79.12385,43.24294],[-79.12434,43.24372],[-79.12413,43.2446],[-79.12241,43.24577],[-79.12258,43.24632],[-79.12299,43.24641]]]}},{"type":"Feature","properties":{"serie":"Alluvium","texture":"loam limono-argileux","code_texture":"SICL","drainage":null,"pente":1.2,"classe_agricole":"5"},"geometry":{"type":"Polygon","coordinates":[[[-79.1239,43.25402],[-79.12361,43.25383],[-79.12324,43.2538],[-79.12288,43.25398],[-79.12249,43.25434],[-79.12221,43.25481],[-79.12209,43.25524],[-79.12213,43.25564],[-79.12222,43.25568],[-79.12252,43.25539],[-79.12257,43.25474],[-79.12275,43.25438],[-79.12367,43.25411],[-79.1239,43.25402]]]}},{"type":"Feature","properties":{"serie":"Not Mapped","texture":"NA","code_texture":"NA","drainage":null,"pente":-9,"classe_agricole":"0"},"geometry":{"type":"Polygon","coordinates":[[[-79.12418,43.23416],[-79.12484,43.2339],[-79.12577,43.23444],[-79.1274,43.23433],[-79.12706,43.23215],[-79.12553,43.23217],[-79.12529,43.22951],[-79.12456,43.22952],[-79.12457,43.22994],[-79.12402,43.23001],[-79.12414,43.23352],[-79.12418,43.23416]]]}},{"type":"Feature","properties":{"serie":"Vineland","texture":"VFSL","code_texture":"VFSL","drainage":"imparfait","pente":1.2,"classe_agricole":"1"},"geometry":{"type":"Polygon","coordinates":[[[-79.11881,43.24083],[-79.1184,43.24164],[-79.11839,43.24247],[-79.11858,43.2433],[-79.11843,43.24391],[-79.11892,43.24455],[-79.11941,43.24485],[-79.11961,43.24554],[-79.12009,43.24618],[-79.12057,43.24578],[-79.12103,43.24521],[-79.12148,43.24532],[-79.12102,43.24673],[-79.12144,43.24752],[-79.12207,43.24793],[-79.12348,43.2481],[-79.12386,43.24729],[-79.12369,43.24677],[-79.12306,43.24656],[-79.12299,43.24641],[-79.12258,43.24632],[-79.12241,43.24577],[-79.12413,43.2446],[-79.12434,43.24372],[-79.12385,43.24294],[-79.12415,43.2422],[-79.12375,43.24164],[-79.12263,43.24115],[-79.1224,43.24069],[-79.11881,43.24083]]]}},{"type":"Feature","properties":{"serie":"Grimsby","texture":"VFSL","code_texture":"VFSL","drainage":"bon","pente":3.5,"classe_agricole":"2"},"geometry":{"type":"Polygon","coordinates":[[[-79.10126,43.19604],[-79.1014,43.19631],[-79.1013,43.19669],[-79.101,43.19698],[-79.10035,43.19728],[-79.10008,43.198],[-79.10037,43.19942],[-79.10135,43.19922],[-79.10139,43.19841],[-79.10125,43.19791],[-79.10165,43.1973],[-79.10271,43.19649],[-79.10309,43.19607],[-79.1025,43.19573],[-79.10178,43.19582],[-79.10126,43.19604]]]}},{"type":"Feature","properties":{"serie":"Chinguacousy - Loamy Phase","texture":"loam limoneux","code_texture":"SIL","drainage":"imparfait","pente":1.2,"classe_agricole":"2"},"geometry":{"type":"Polygon","coordinates":[[[-79.10433,43.2053],[-79.10491,43.20577],[-79.10747,43.20658],[-79.10951,43.20754],[-79.11156,43.20765],[-79.11211,43.20786],[-79.11304,43.20842],[-79.11379,43.20852],[-79.11419,43.20823],[-79.11232,43.20652],[-79.11194,43.2067],[-79.11118,43.20685],[-79.11009,43.20679],[-79.10922,43.2066],[-79.10888,43.20629],[-79.10929,43.20617],[-79.11088,43.20605],[-79.11172,43.20581],[-79.11151,43.20543],[-79.11238,43.2052],[-79.11232,43.20497],[-79.11253,43.20478],[-79.11225,43.2043],[-79.11187,43.20412],[-79.1104,43.20424],[-79.10728,43.20329],[-79.10653,43.20293],[-79.10636,43.2025],[-79.10679,43.20228],[-79.10701,43.20233],[-79.10707,43.20209],[-79.10911,43.20245],[-79.10969,43.20221],[-79.10976,43.20166],[-79.10948,43.20103],[-79.10967,43.20054],[-79.10999,43.20034],[-79.11016,43.19965],[-79.10999,43.19906],[-79.10957,43.19853],[-79.10932,43.19799],[-79.10989,43.19739],[-79.11071,43.19679],[-79.11015,43.19675],[-79.10861,43.19709],[-79.1056,43.19814],[-79.10355,43.19836],[-79.10289,43.19873],[-79.10278,43.19923],[-79.10168,43.20013],[-79.10197,43.20051],[-79.10456,43.20178],[-79.10468,43.20243],[-79.10432,43.20324],[-79.10463,43.20403],[-79.10526,43.20468],[-79.10552,43.20509],[-79.10536,43.20528],[-79.10464,43.20529],[-79.10433,43.2053]]]}},{"type":"Feature","properties":{"serie":"Chinguacousy - Loamy Phase","texture":"loam limoneux","code_texture":"SIL","drainage":"imparfait","pente":3.5,"classe_agricole":"2"},"geometry":{"type":"Polygon","coordinates":[[[-79.11198,43.19754],[-79.11135,43.198],[-79.11056,43.19815],[-79.11034,43.19837],[-79.11153,43.19843],[-79.11135,43.19926],[-79.11147,43.20003],[-79.11108,43.20085],[-79.1109,43.20158],[-79.11115,43.20205],[-79.11183,43.20227],[-79.11265,43.20225],[-79.11304,43.20188],[-79.11302,43.20139],[-79.11285,43.20083],[-79.11288,43.20048],[-79.1135,43.19966],[-79.11365,43.19909],[-79.11274,43.19903],[-79.11248,43.19853],[-79.11263,43.19796],[-79.11235,43.19757],[-79.11198,43.19754]]]}},{"type":"Feature","properties":{"serie":"Tavistock - Till Phase","texture":"loam","code_texture":"L","drainage":"imparfait","pente":1.2,"classe_agricole":"1"},"geometry":{"type":"Polygon","coordinates":[[[-79.10369,43.2051],[-79.10433,43.2053],[-79.10536,43.20528],[-79.10552,43.20509],[-79.10526,43.20468],[-79.10463,43.20403],[-79.10432,43.20324],[-79.10468,43.20243],[-79.10456,43.20178],[-79.10197,43.20051],[-79.10168,43.20013],[-79.10278,43.19923],[-79.10289,43.19873],[-79.10241,43.19869],[-79.10135,43.19922],[-79.10037,43.19942],[-79.09956,43.20084],[-79.09924,43.20172],[-79.09907,43.20259],[-79.09935,43.20329],[-79.0999,43.20337],[-79.1005,43.20302],[-79.10088,43.20319],[-79.10114,43.20373],[-79.10094,43.20417],[-79.10026,43.20413],[-79.09947,43.20386],[-79.09875,43.2039],[-79.09853,43.20416],[-79.09873,43.20463],[-79.09927,43.20494],[-79.09991,43.20508],[-79.10081,43.2051],[-79.10259,43.20475],[-79.10331,43.20487],[-79.10369,43.2051]]]}},{"type":"Feature","properties":{"serie":"Chinguacousy - Loamy Phase","texture":"loam limoneux","code_texture":"SIL","drainage":"imparfait","pente":1.2,"classe_agricole":"2"},"geometry":{"type":"Polygon","coordinates":[[[-79.11394,43.20567],[-79.11443,43.20577],[-79.11568,43.20419],[-79.1161,43.20337],[-79.1167,43.2027],[-79.11888,43.20125],[-79.118,43.2011],[-79.11706,43.20053],[-79.11658,43.20003],[-79.11578,43.1997],[-79.11504,43.19988],[-79.11453,43.20099],[-79.11395,43.2014],[-79.11404,43.2015],[-79.11372,43.20214],[-79.11298,43.20253],[-79.11292,43.20332],[-79.11324,43.20382],[-79.1142,43.2026],[-79.11515,43.20233],[-79.11586,43.20158],[-79.11613,43.20172],[-79.11572,43.20252],[-79.11397,43.20387],[-79.11408,43.20521],[-79.11394,43.20567]]]}},{"type":"Feature","properties":{"serie":"Jeddo","texture":"loam argileux","code_texture":"CL","drainage":"pauvre","pente":1.2,"classe_agricole":"3"},"geometry":{"type":"Polygon","coordinates":[[[-79.14565,43.21471],[-79.14638,43.21579],[-79.14655,43.2158],[-79.14679,43.21474],[-79.14679,43.21411],[-79.14707,43.21326],[-79.14776,43.21259],[-79.14811,43.21248],[-79.14702,43.21203],[-79.14656,43.21171],[-79.14614,43.21114],[-79.14607,43.21055],[-79.14662,43.20971],[-79.14755,43.20904],[-79.14792,43.20864],[-79.14881,43.20972],[-79.14974,43.21016],[-79.1497,43.21084],[-79.1494,43.21167],[-79.14977,43.21239],[-79.15074,43.21275],[-79.15203,43.21298],[-79.15261,43.21354],[-79.15306,43.21375],[-79.15385,43.21337],[-79.15438,43.21284],[-79.15293,43.21268],[-79.15214,43.21234],[-79.15236,43.21182],[-79.15212,43.21126],[-79.15154,43.21036],[-79.15018,43.20916],[-79.14914,43.20782],[-79.14897,43.20697],[-79.15061,43.20462],[-79.15219,43.20318],[-79.15281,43.20282],[-79.15367,43.2026],[-79.15435,43.20219],[-79.15446,43.20153],[-79.1536,43.20106],[-79.15267,43.20136],[-79.15059,43.20172],[-79.14976,43.20179],[-79.14943,43.20167],[-79.14959,43.20137],[-79.15087,43.20093],[-79.15103,43.20063],[-79.15092,43.20017],[-79.15025,43.19995],[-79.14848,43.20007],[-79.14782,43.19987],[-79.14673,43.20005],[-79.14556,43.20006],[-79.14416,43.19992],[-79.14285,43.19997],[-79.1417,43.2004],[-79.14085,43.20094],[-79.14044,43.20169],[-79.14061,43.20266],[-79.14002,43.2036],[-79.13898,43.20458],[-79.13885,43.2057],[-79.13968,43.20592],[-79.14058,43.20392],[-79.14126,43.2035],[-79.14194,43.20373],[-79.14224,43.20439],[-79.14198,43.20527],[-79.14052,43.20703],[-79.14028,43.20762],[-79.14049,43.20843],[-79.14012,43.20904],[-79.13954,43.20944],[-79.13931,43.21],[-79.13962,43.21054],[-79.14037,43.21095],[-79.14083,43.21137],[-79.14109,43.21175],[-79.1412,43.21227],[-79.14295,43.21374],[-79.14369,43.21477],[-79.14447,43.21465],[-79.14504,43.21386],[-79.14561,43.21387],[-79.14565,43.21471]],[[-79.14507,43.20884],[-79.14509,43.20941],[-79.14472,43.20977],[-79.14356,43.21032],[-79.1434,43.21173],[-79.14294,43.2122],[-79.14227,43.21226],[-79.14194,43.21203],[-79.14183,43.21178],[-79.14211,43.21115],[-79.14155,43.21026],[-79.14209,43.21006],[-79.14249,43.20975],[-79.14235,43.20931],[-79.14288,43.20917],[-79.14308,43.20887],[-79.14243,43.20859],[-79.14195,43.20807],[-79.14243,43.2077],[-79.14318,43.20763],[-79.14407,43.20777],[-79.14483,43.20821],[-79.14507,43.20884]],[[-79.14432,43.20174],[-79.14415,43.20248],[-79.14424,43.20331],[-79.14453,43.20403],[-79.14458,43.20481],[-79.14481,43.2054],[-79.14482,43.20594],[-79.14444,43.20637],[-79.14301,43.20612],[-79.14244,43.20553],[-79.14313,43.20471],[-79.14315,43.20363],[-79.14261,43.20269],[-79.14264,43.20211],[-79.14305,43.20065],[-79.14354,43.20061],[-79.14407,43.20106],[-79.14432,43.20174]]]}},{"type":"Feature","properties":{"serie":"Chinguacousy","texture":"loam argileux","code_texture":"CL","drainage":"imparfait","pente":3.5,"classe_agricole":"2"},"geometry":{"type":"Polygon","coordinates":[[[-79.11443,43.20577],[-79.11507,43.20637],[-79.11579,43.20526],[-79.11636,43.20485],[-79.11759,43.20437],[-79.11779,43.20421],[-79.11781,43.20405],[-79.11752,43.20405],[-79.11713,43.20427],[-79.11681,43.20429],[-79.11681,43.20393],[-79.11759,43.2028],[-79.1182,43.20228],[-79.11974,43.20179],[-79.11996,43.20147],[-79.12123,43.20063],[-79.12106,43.20049],[-79.12049,43.20042],[-79.11903,43.20116],[-79.1167,43.2027],[-79.1161,43.20337],[-79.11568,43.20419],[-79.11456,43.2056],[-79.11443,43.20577]]]}},{"type":"Feature","properties":{"serie":"Chinguacousy - Loamy Phase","texture":"loam limoneux","code_texture":"SIL","drainage":"imparfait","pente":1.2,"classe_agricole":"2"},"geometry":{"type":"Polygon","coordinates":[[[-79.11507,43.20637],[-79.11523,43.20649],[-79.11569,43.20759],[-79.1167,43.20693],[-79.11714,43.20677],[-79.11737,43.20683],[-79.11763,43.20635],[-79.11841,43.20566],[-79.11954,43.20536],[-79.12075,43.20546],[-79.1218,43.20543],[-79.12277,43.20511],[-79.12329,43.2046],[-79.12309,43.20382],[-79.12251,43.20296],[-79.12168,43.20214],[-79.12087,43.20174],[-79.1201,43.20171],[-79.11918,43.20191],[-79.1182,43.20228],[-79.11759,43.2028],[-79.11681,43.20393],[-79.11681,43.20429],[-79.11713,43.20427],[-79.11752,43.20405],[-79.11781,43.20405],[-79.11779,43.20421],[-79.11759,43.20437],[-79.11636,43.20485],[-79.11579,43.20526],[-79.1152,43.20613],[-79.11507,43.20637]]]}},{"type":"Feature","properties":{"serie":"Chinguacousy - Loamy Phase","texture":"loam limoneux","code_texture":"SIL","drainage":"imparfait","pente":1.2,"classe_agricole":"2"},"geometry":{"type":"Polygon","coordinates":[[[-79.10701,43.20233],[-79.10679,43.20228],[-79.10636,43.2025],[-79.10653,43.20293],[-79.10728,43.20329],[-79.1104,43.20424],[-79.11187,43.20412],[-79.11193,43.20388],[-79.11186,43.20369],[-79.11146,43.20334],[-79.11086,43.20296],[-79.11029,43.20273],[-79.10867,43.2027],[-79.10777,43.20247],[-79.10701,43.20233]]]}},{"type":"Feature","properties":{"serie":"Jeddo","texture":"loam argileux","code_texture":"CL","drainage":"pauvre","pente":1.2,"classe_agricole":"3"},"geometry":{"type":"Polygon","coordinates":[[[-79.13745,43.2085],[-79.13746,43.209],[-79.13809,43.20939],[-79.13847,43.20952],[-79.13954,43.20944],[-79.14012,43.20904],[-79.14049,43.20843],[-79.14028,43.20762],[-79.14052,43.20703],[-79.14198,43.20527],[-79.14224,43.20439],[-79.14194,43.20373],[-79.14126,43.2035],[-79.14058,43.20392],[-79.13968,43.20592],[-79.13893,43.20685],[-79.13823,43.20816],[-79.138,43.20836],[-79.1376,43.20849],[-79.13745,43.2085]]]}},{"type":"Feature","properties":{"serie":"Jeddo","texture":"loam argileux","code_texture":"CL","drainage":"pauvre","pente":1.2,"classe_agricole":"3"},"geometry":{"type":"Polygon","coordinates":[[[-79.12869,43.21546],[-79.12912,43.21543],[-79.12987,43.21504],[-79.13093,43.21425],[-79.13093,43.21375],[-79.13172,43.21367],[-79.12987,43.21276],[-79.12949,43.21233],[-79.1294,43.21181],[-79.13069,43.20968],[-79.13129,43.20888],[-79.13216,43.20837],[-79.13236,43.20764],[-79.13298,43.20679],[-79.13441,43.20552],[-79.13457,43.20491],[-79.13429,43.20427],[-79.13361,43.20403],[-79.13006,43.20493],[-79.12717,43.20546],[-79.12654,43.20577],[-79.12646,43.20654],[-79.12685,43.20702],[-79.12843,43.20771],[-79.12885,43.20841],[-79.12874,43.20904],[-79.1283,43.20958],[-79.12825,43.21023],[-79.12868,43.21083],[-79.12876,43.21118],[-79.1282,43.2115],[-79.12801,43.2118],[-79.12905,43.21296],[-79.12886,43.21341],[-79.12849,43.21393],[-79.12849,43.21408],[-79.12834,43.21413],[-79.1281,43.21451],[-79.12802,43.21502],[-79.12868,43.21504],[-79.12869,43.21546]]]}},{"type":"Feature","properties":{"serie":"Water","texture":"NA","code_texture":"NA","drainage":null,"pente":-9,"classe_agricole":"W"},"geometry":{"type":"Polygon","coordinates":[[[-79.11537,43.20844],[-79.11646,43.20807],[-79.1168,43.20778],[-79.11665,43.20857],[-79.11681,43.2089],[-79.11754,43.20931],[-79.11781,43.20961],[-79.11969,43.20944],[-79.11954,43.20889],[-79.11979,43.20844],[-79.11916,43.20837],[-79.11862,43.20869],[-79.11831,43.20851],[-79.11765,43.20745],[-79.11753,43.20687],[-79.11714,43.20677],[-79.1167,43.20693],[-79.11569,43.20759],[-79.11523,43.20649],[-79.11443,43.20577],[-79.11331,43.20564],[-79.11282,43.20499],[-79.11253,43.20478],[-79.11236,43.20486],[-79.11238,43.2052],[-79.11288,43.20602],[-79.11385,43.20618],[-79.11463,43.20667],[-79.11483,43.20711],[-79.11489,43.20755],[-79.11473,43.20777],[-79.11514,43.20833],[-79.11537,43.20844]]]}},{"type":"Feature","properties":{"serie":"Chinguacousy - Loamy Phase","texture":"loam limoneux","code_texture":"SIL","drainage":"imparfait","pente":1.2,"classe_agricole":"2"},"geometry":{"type":"Polygon","coordinates":[[[-79.09927,43.20494],[-79.09914,43.20568],[-79.09886,43.20614],[-79.09832,43.20661],[-79.09789,43.20742],[-79.09731,43.20822],[-79.09602,43.20931],[-79.09625,43.21004],[-79.09701,43.21067],[-79.09797,43.21126],[-79.09845,43.21175],[-79.09948,43.21187],[-79.09999,43.21297],[-79.10049,43.21295],[-79.10114,43.21237],[-79.1022,43.21167],[-79.10261,43.21123],[-79.10237,43.21073],[-79.10196,43.21033],[-79.10247,43.20999],[-79.10261,43.20948],[-79.102,43.20889],[-79.10181,43.20822],[-79.10184,43.20743],[-79.10059,43.20639],[-79.10052,43.2051],[-79.09991,43.20508],[-79.09927,43.20494]]]}},{"type":"Feature","properties":{"serie":"Chinguacousy - Loamy Phase","texture":"loam limoneux","code_texture":"SIL","drainage":"imparfait","pente":1.2,"classe_agricole":"2"},"geometry":{"type":"Polygon","coordinates":[[[-79.09617,43.22469],[-79.09612,43.22478],[-79.09633,43.22524],[-79.09649,43.22529],[-79.09692,43.2253],[-79.09826,43.22487],[-79.09886,43.22482],[-79.09936,43.22496],[-79.10051,43.22456],[-79.10199,43.22347],[-79.10258,43.22351],[-79.1036,43.22465],[-79.10427,43.22469],[-79.10549,43.22373],[-79.10738,43.22365],[-79.10822,43.22321],[-79.10878,43.22271],[-79.10849,43.22234],[-79.10785,43.22199],[-79.10788,43.2215],[-79.10879,43.22093],[-79.11057,43.2206],[-79.11104,43.22001],[-79.11124,43.21993],[-79.11112,43.21825],[-79.11311,43.21818],[-79.11303,43.21765],[-79.1132,43.21765],[-79.11351,43.2173],[-79.1139,43.21711],[-79.11498,43.21764],[-79.11546,43.21756],[-79.11558,43.21715],[-79.11486,43.21676],[-79.11398,43.21651],[-79.11365,43.21595],[-79.11318,43.2155],[-79.11233,43.215],[-79.11226,43.21439],[-79.11288,43.2143],[-79.11365,43.21445],[-79.11389,43.21437],[-79.11423,43.21416],[-79.11495,43.21287],[-79.11557,43.21282],[-79.11566,43.213],[-79.11722,43.21279],[-79.11758,43.21266],[-79.1177,43.2125],[-79.11773,43.21222],[-79.11729,43.21204],[-79.11704,43.21176],[-79.11707,43.21145],[-79.11749,43.21101],[-79.11677,43.21075],[-79.11585,43.21077],[-79.11488,43.21109],[-79.11409,43.21089],[-79.11307,43.21132],[-79.11192,43.21196],[-79.11108,43.21193],[-79.10987,43.21224],[-79.10919,43.21199],[-79.10905,43.2114],[-79.10976,43.21096],[-79.11097,43.21049],[-79.11115,43.21022],[-79.11451,43.20988],[-79.11569,43.20953],[-79.11587,43.20937],[-79.11579,43.20922],[-79.11536,43.20916],[-79.11498,43.20897],[-79.11439,43.20923],[-79.11379,43.20852],[-79.11304,43.20842],[-79.11211,43.20786],[-79.11156,43.20765],[-79.10951,43.20754],[-79.10747,43.20658],[-79.10491,43.20577],[-79.10433,43.2053],[-79.10369,43.2051],[-79.10327,43.20545],[-79.10209,43.20539],[-79.10206,43.20581],[-79.10278,43.20632],[-79.10313,43.20731],[-79.10384,43.2072],[-79.10446,43.20727],[-79.10436,43.20759],[-79.10345,43.208],[-79.10316,43.20841],[-79.10449,43.20891],[-79.10464,43.20904],[-79.10521,43.2089],[-79.10632,43.20916],[-79.10694,43.20839],[-79.10752,43.20806],[-79.1082,43.20811],[-79.10967,43.20843],[-79.11034,43.20839],[-79.11083,43.20849],[-79.1108,43.20902],[-79.11046,43.20941],[-79.10865,43.21023],[-79.10671,43.2113],[-79.10613,43.21175],[-79.10568,43.21248],[-79.10622,43.2127],[-79.10663,43.21341],[-79.10675,43.2144],[-79.10717,43.21486],[-79.1085,43.21415],[-79.10937,43.21402],[-79.1099,43.21476],[-79.11017,43.21554],[-79.11096,43.21596],[-79.1113,43.2165],[-79.11091,43.21707],[-79.11033,43.21754],[-79.10953,43.21758],[-79.10926,43.21674],[-79.10913,43.21569],[-79.10861,43.21532],[-79.10789,43.21604],[-79.10753,43.21728],[-79.10769,43.21844],[-79.10738,43.21945],[-79.10672,43.22009],[-79.10615,43.22003],[-79.10593,43.21899],[-79.10551,43.21914],[-79.10452,43.22027],[-79.10391,43.22115],[-79.10318,43.22188],[-79.10144,43.22328],[-79.10066,43.22378],[-79.09981,43.22411],[-79.0976,43.22447],[-79.0972,43.22447],[-79.09709,43.22423],[-79.09688,43.22406],[-79.09637,43.22444],[-79.09617,43.22469]]]}},{"type":"Feature","properties":{"serie":"Not Mapped","texture":"NA","code_texture":"NA","drainage":null,"pente":-9,"classe_agricole":"0"},"geometry":{"type":"Polygon","coordinates":[[[-79.11379,43.20852],[-79.11439,43.20923],[-79.11498,43.20897],[-79.11495,43.20887],[-79.11537,43.20844],[-79.11489,43.20807],[-79.11473,43.20777],[-79.11489,43.20755],[-79.11483,43.20711],[-79.11463,43.20667],[-79.11385,43.20618],[-79.11288,43.20602],[-79.11238,43.2052],[-79.11151,43.20543],[-79.11221,43.20641],[-79.11419,43.20823],[-79.11379,43.20852]]]}},{"type":"Feature","properties":{"serie":"Chinguacousy","texture":"loam argileux","code_texture":"CL","drainage":"imparfait","pente":3.5,"classe_agricole":"2"},"geometry":{"type":"Polygon","coordinates":[[[-79.11172,43.20581],[-79.11088,43.20605],[-79.10929,43.20617],[-79.10888,43.20629],[-79.10922,43.2066],[-79.11009,43.20679],[-79.11118,43.20685],[-79.11194,43.2067],[-79.11232,43.20652],[-79.1118,43.20593],[-79.11172,43.20581]]]}},{"type":"Feature","properties":{"serie":"Chinguacousy - Loamy Phase","texture":"loam limoneux","code_texture":"SIL","drainage":"imparfait","pente":3.5,"classe_agricole":"2"},"geometry":{"type":"Polygon","coordinates":[[[-79.11757,43.20709],[-79.11765,43.20745],[-79.11831,43.20851],[-79.11862,43.20869],[-79.11916,43.20837],[-79.11979,43.20844],[-79.11996,43.20812],[-79.12044,43.20764],[-79.12109,43.20715],[-79.12187,43.20708],[-79.12217,43.20716],[-79.12225,43.20648],[-79.12188,43.20624],[-79.12133,43.2061],[-79.12109,43.20583],[-79.12063,43.207],[-79.12021,43.20701],[-79.12012,43.20636],[-79.11984,43.20594],[-79.11912,43.20615],[-79.11855,43.20664],[-79.11804,43.20692],[-79.11757,43.20709]]]}},{"type":"Feature","properties":{"serie":"Chinguacousy - Loamy Phase","texture":"loam limoneux","code_texture":"SIL","drainage":"imparfait","pente":1.2,"classe_agricole":"2"},"geometry":{"type":"Polygon","coordinates":[[[-79.11969,43.20944],[-79.1201,43.21036],[-79.11987,43.21095],[-79.11913,43.21119],[-79.11866,43.21158],[-79.11909,43.21205],[-79.12006,43.21213],[-79.12066,43.2125],[-79.12076,43.21304],[-79.12129,43.21309],[-79.12162,43.21278],[-79.12166,43.21209],[-79.12197,43.21153],[-79.12282,43.21072],[-79.12314,43.21029],[-79.12293,43.20979],[-79.12281,43.20886],[-79.12238,43.20855],[-79.12217,43.20716],[-79.12187,43.20708],[-79.12109,43.20715],[-79.12044,43.20764],[-79.11996,43.20812],[-79.11954,43.20889],[-79.11969,43.20944]]]}},{"type":"Feature","properties":{"serie":"Chinguacousy","texture":"loam argileux","code_texture":"CL","drainage":"imparfait","pente":1.2,"classe_agricole":"2"},"geometry":{"type":"Polygon","coordinates":[[[-79.14243,43.2077],[-79.14195,43.20807],[-79.14243,43.20859],[-79.14308,43.20887],[-79.14288,43.20917],[-79.14235,43.20931],[-79.14249,43.20975],[-79.14209,43.21006],[-79.14155,43.21026],[-79.14211,43.21115],[-79.14183,43.21164],[-79.14194,43.21203],[-79.14227,43.21226],[-79.14294,43.2122],[-79.1434,43.21173],[-79.14356,43.21032],[-79.14472,43.20977],[-79.14509,43.20941],[-79.14507,43.20884],[-79.14483,43.20821],[-79.14407,43.20777],[-79.14318,43.20763],[-79.14243,43.2077]]]}},{"type":"Feature","properties":{"serie":"Chinguacousy","texture":"loam argileux","code_texture":"CL","drainage":"imparfait","pente":3.5,"classe_agricole":"2"},"geometry":{"type":"Polygon","coordinates":[[[-79.11749,43.21101],[-79.11707,43.21145],[-79.11704,43.21176],[-79.11729,43.21204],[-79.11773,43.21222],[-79.11776,43.21193],[-79.11802,43.21136],[-79.1191,43.21052],[-79.11903,43.21035],[-79.11805,43.21011],[-79.11778,43.20984],[-79.11777,43.20948],[-79.11681,43.2089],[-79.11665,43.20857],[-79.1168,43.20778],[-79.11646,43.20807],[-79.11546,43.20837],[-79.11495,43.20887],[-79.11508,43.20906],[-79.11579,43.20922],[-79.11587,43.20937],[-79.11569,43.20953],[-79.11451,43.20988],[-79.11163,43.21014],[-79.11115,43.21022],[-79.11099,43.21038],[-79.11097,43.21049],[-79.1111,43.21055],[-79.11175,43.21058],[-79.11448,43.21039],[-79.11705,43.21008],[-79.11752,43.21011],[-79.11781,43.21032],[-79.11773,43.21067],[-79.11749,43.21101]]]}},{"type":"Feature","properties":{"serie":"Tavistock - Till Phase","texture":"loam","code_texture":"L","drainage":"imparfait","pente":1.2,"classe_agricole":"1"},"geometry":{"type":"Polygon","coordinates":[[[-79.10416,43.20991],[-79.10371,43.21016],[-79.10373,43.21185],[-79.10329,43.21257],[-79.10327,43.21338],[-79.10377,43.21357],[-79.10435,43.2133],[-79.10518,43.21262],[-79.10568,43.21248],[-79.10613,43.21175],[-79.10671,43.2113],[-79.10865,43.21023],[-79.11046,43.20941],[-79.1108,43.20902],[-79.11083,43.20849],[-79.11034,43.20839],[-79.10967,43.20843],[-79.1082,43.20811],[-79.10752,43.20806],[-79.10694,43.20839],[-79.10632,43.20916],[-79.10658,43.20919],[-79.10783,43.20877],[-79.10762,43.20933],[-79.10703,43.20981],[-79.10656,43.21033],[-79.10613,43.21055],[-79.10574,43.21042],[-79.10553,43.20979],[-79.10494,43.20982],[-79.10416,43.20991]]]}},{"type":"Feature","properties":{"serie":"Not Mapped","texture":"NA","code_texture":"NA","drainage":null,"pente":-9,"classe_agricole":"0"},"geometry":{"type":"Polygon","coordinates":[[[-79.13558,43.20847],[-79.13565,43.21017],[-79.13664,43.21015],[-79.13658,43.21071],[-79.13761,43.21003],[-79.13931,43.21],[-79.13954,43.20944],[-79.13847,43.20952],[-79.13809,43.20939],[-79.13746,43.209],[-79.13745,43.2085],[-79.137,43.20836],[-79.13558,43.20847]]]}},{"type":"Feature","properties":{"serie":"Tavistock - Till Phase","texture":"loam","code_texture":"L","drainage":"imparfait","pente":1.2,"classe_agricole":"1"},"geometry":{"type":"Polygon","coordinates":[[[-79.13216,43.20837],[-79.13129,43.20888],[-79.13069,43.20968],[-79.1294,43.21181],[-79.12949,43.21233],[-79.12987,43.21276],[-79.13172,43.21367],[-79.13207,43.21341],[-79.13117,43.21288],[-79.13207,43.21222],[-79.13239,43.21241],[-79.13306,43.21148],[-79.13314,43.21106],[-79.13304,43.2106],[-79.13236,43.20905],[-79.13216,43.20837]]]}},{"type":"Feature","properties":{"serie":"Tavistock - Till Phase","texture":"loam","code_texture":"L","drainage":"imparfait","pente":1.2,"classe_agricole":"1"},"geometry":{"type":"Polygon","coordinates":[[[-79.13411,43.21144],[-79.13461,43.21418],[-79.13517,43.21468],[-79.13649,43.21555],[-79.13703,43.21521],[-79.13755,43.21461],[-79.13841,43.21431],[-79.13876,43.2138],[-79.13889,43.21305],[-79.13918,43.21221],[-79.13962,43.21163],[-79.14012,43.21143],[-79.14083,43.21137],[-79.14037,43.21095],[-79.13962,43.21054],[-79.13931,43.21],[-79.13761,43.21003],[-79.13658,43.21071],[-79.13664,43.21015],[-79.13565,43.21017],[-79.13558,43.20847],[-79.13521,43.20872],[-79.13497,43.20915],[-79.13454,43.21069],[-79.13411,43.21144]]]}},{"type":"Feature","properties":{"serie":"Berrien - Till Phase","texture":"FSL","code_texture":"FSL","drainage":"imparfait","pente":3.5,"classe_agricole":"2"},"geometry":{"type":"Polygon","coordinates":[[[-79.10416,43.20991],[-79.10553,43.20979],[-79.10574,43.21042],[-79.10613,43.21055],[-79.10656,43.21033],[-79.10703,43.20981],[-79.10762,43.20933],[-79.10783,43.20877],[-79.10658,43.20919],[-79.10585,43.2091],[-79.10521,43.2089],[-79.10464,43.20904],[-79.10438,43.20937],[-79.10421,43.20978],[-79.10416,43.20991]]]}},{"type":"Feature","properties":{"serie":"Alluvium","texture":"loam limono-argileux","code_texture":"SICL","drainage":null,"pente":1.2,"classe_agricole":"5"},"geometry":{"type":"Polygon","coordinates":[[[-79.1208,43.21497],[-79.12078,43.21505],[-79.12095,43.21492],[-79.12111,43.21495],[-79.12113,43.21506],[-79.12183,43.21507],[-79.12194,43.21474],[-79.12181,43.21447],[-79.12173,43.2139],[-79.12179,43.21312],[-79.1224,43.21264],[-79.12257,43.21178],[-79.12197,43.21178],[-79.12174,43.21201],[-79.12166,43.21209],[-79.12162,43.21278],[-79.12129,43.21309],[-79.12076,43.21304],[-79.12066,43.2125],[-79.12006,43.21213],[-79.11909,43.21205],[-79.11866,43.21158],[-79.11913,43.21119],[-79.11987,43.21095],[-79.1201,43.21036],[-79.11969,43.20944],[-79.11781,43.20961],[-79.11778,43.20984],[-79.11805,43.21011],[-79.11903,43.21035],[-79.1191,43.21052],[-79.11802,43.21136],[-79.11776,43.21193],[-79.11773,43.21222],[-79.11845,43.21258],[-79.11874,43.21304],[-79.11884,43.21364],[-79.11922,43.21396],[-79.11971,43.21401],[-79.12048,43.21393],[-79.12069,43.21454],[-79.12053,43.21466],[-79.1208,43.21497]]]}},{"type":"Feature","properties":{"serie":"Chinguacousy","texture":"loam argileux","code_texture":"CL","drainage":"imparfait","pente":1.2,"classe_agricole":"2"},"geometry":{"type":"Polygon","coordinates":[[[-79.11097,43.21049],[-79.10976,43.21096],[-79.10905,43.2114],[-79.10919,43.21199],[-79.10987,43.21224],[-79.11108,43.21193],[-79.11192,43.21196],[-79.11307,43.21132],[-79.11409,43.21089],[-79.11488,43.21109],[-79.11585,43.21077],[-79.11677,43.21075],[-79.11749,43.21101],[-79.11773,43.21067],[-79.11781,43.21032],[-79.11752,43.21011],[-79.11609,43.21015],[-79.11524,43.21031],[-79.11175,43.21058],[-79.1111,43.21055],[-79.11097,43.21049]]]}},{"type":"Feature","properties":{"serie":"Chinguacousy","texture":"loam argileux","code_texture":"CL","drainage":"imparfait","pente":1.2,"classe_agricole":"2"},"geometry":{"type":"Polygon","coordinates":[[[-79.12328,43.21113],[-79.12257,43.21178],[-79.1224,43.21264],[-79.12179,43.21312],[-79.12173,43.2139],[-79.12181,43.21447],[-79.12194,43.21474],[-79.12183,43.21507],[-79.12417,43.21508],[-79.1238,43.21326],[-79.12437,43.21099],[-79.12328,43.21113]]]}},{"type":"Feature","properties":{"serie":"Chinguacousy - Loamy Phase","texture":"loam limoneux","code_texture":"SIL","drainage":"imparfait","pente":1.2,"classe_agricole":"2"},"geometry":{"type":"Polygon","coordinates":[[[-79.14044,43.21697],[-79.14072,43.21668],[-79.14166,43.21633],[-79.14202,43.21657],[-79.14131,43.2176],[-79.1415,43.21849],[-79.1424,43.21797],[-79.14314,43.21728],[-79.14322,43.21658],[-79.14269,43.21612],[-79.14167,43.2157],[-79.14117,43.21515],[-79.14147,43.21463],[-79.14231,43.21422],[-79.14295,43.21374],[-79.1412,43.21227],[-79.14109,43.21175],[-79.14083,43.21137],[-79.14012,43.21143],[-79.13962,43.21163],[-79.13918,43.21221],[-79.13889,43.21305],[-79.13876,43.2138],[-79.13841,43.21431],[-79.13755,43.21461],[-79.13703,43.21521],[-79.13635,43.21564],[-79.13609,43.21623],[-79.1361,43.21681],[-79.13654,43.21726],[-79.13745,43.21742],[-79.13857,43.21724],[-79.13889,43.21684],[-79.13824,43.21644],[-79.13841,43.21579],[-79.13823,43.21499],[-79.13918,43.21475],[-79.13979,43.21537],[-79.14002,43.21627],[-79.14037,43.21686],[-79.14044,43.21697]]]}},{"type":"Feature","properties":{"serie":"Not Mapped","texture":"NA","code_texture":"NA","drainage":null,"pente":-9,"classe_agricole":"0"},"geometry":{"type":"Polygon","coordinates":[[[-79.11169,43.23138],[-79.11464,43.2293],[-79.1137,43.22871],[-79.11509,43.22754],[-79.11709,43.22746],[-79.11711,43.22799],[-79.11781,43.22798],[-79.11784,43.22837],[-79.11941,43.22833],[-79.12022,43.22827],[-79.1202,43.22807],[-79.12079,43.22804],[-79.12077,43.22715],[-79.12345,43.22715],[-79.12352,43.22761],[-79.12328,43.22769],[-79.1233,43.2282],[-79.12372,43.22824],[-79.12373,43.22853],[-79.12453,43.22851],[-79.12453,43.22864],[-79.12507,43.22864],[-79.12529,43.22874],[-79.12583,43.22865],[-79.12598,43.22834],[-79.12551,43.22817],[-79.12519,43.22817],[-79.12512,43.22795],[-79.12535,43.22737],[-79.12519,43.22698],[-79.12522,43.22656],[-79.12502,43.22639],[-79.12502,43.22607],[-79.1251,43.22598],[-79.12546,43.22597],[-79.12547,43.22548],[-79.12533,43.22548],[-79.12539,43.22499],[-79.12467,43.22462],[-79.12485,43.22442],[-79.12536,43.22447],[-79.12616,43.22475],[-79.12647,43.22519],[-79.12646,43.22583],[-79.12715,43.22581],[-79.12712,43.22544],[-79.12934,43.2254],[-79.1294,43.22683],[-79.13024,43.22688],[-79.13028,43.22541],[-79.13365,43.22531],[-79.1336,43.2245],[-79.13275,43.22455],[-79.13276,43.22485],[-79.13244,43.2249],[-79.13227,43.22488],[-79.13225,43.22468],[-79.13092,43.22472],[-79.13087,43.22485],[-79.13042,43.22488],[-79.13031,43.22159],[-79.13236,43.22161],[-79.1322,43.21831],[-79.13362,43.21828],[-79.1337,43.2186],[-79.13497,43.21861],[-79.13492,43.21824],[-79.13581,43.21821],[-79.13578,43.21709],[-79.13344,43.21709],[-79.13344,43.21492],[-79.13464,43.21488],[-79.1346,43.21393],[-79.1338,43.21295],[-79.13351,43.21314],[-79.13207,43.21222],[-79.13117,43.21288],[-79.13207,43.21341],[-79.13163,43.21374],[-79.13093,43.21375],[-79.13093,43.21425],[-79.12987,43.21504],[-79.12912,43.21543],[-79.12869,43.21546],[-79.12868,43.21504],[-79.12765,43.21507],[-79.12726,43.21496],[-79.1269,43.2151],[-79.12483,43.21514],[-79.12113,43.21506],[-79.12111,43.21495],[-79.12095,43.21492],[-79.12078,43.21505],[-79.1208,43.21497],[-79.12026,43.21494],[-79.11863,43.21495],[-79.11843,43.21594],[-79.11759,43.21597],[-79.11758,43.21614],[-79.11797,43.21618],[-79.11795,43.21652],[-79.11881,43.21651],[-79.11881,43.21624],[-79.11939,43.21623],[-79.11937,43.21652],[-79.12015,43.21648],[-79.12046,43.217],[-79.11928,43.21704],[-79.11929,43.21729],[-79.11588,43.21739],[-79.11588,43.21808],[-79.11367,43.21816],[-79.11359,43.21765],[-79.11303,43.21765],[-79.11311,43.21818],[-79.11112,43.21825],[-79.11161,43.22515],[-79.11135,43.22526],[-79.11134,43.22518],[-79.11073,43.22514],[-79.10889,43.2258],[-79.10824,43.22527],[-79.10732,43.22569],[-79.10684,43.22671],[-79.10578,43.22809],[-79.10538,43.22888],[-79.11152,43.22867],[-79.11169,43.23138]]]}},{"type":"Feature","properties":{"serie":"Tavistock - Till Red Phase","texture":"VFSL","code_texture":"VFSL","drainage":"imparfait","pente":1.2,"classe_agricole":"1"},"geometry":{"type":"Polygon","coordinates":[[[-79.11643,43.21489],[-79.11722,43.21539],[-79.1179,43.21567],[-79.1179,43.21596],[-79.11843,43.21594],[-79.11863,43.21495],[-79.1208,43.21497],[-79.12053,43.21466],[-79.12069,43.21454],[-79.12048,43.21393],[-79.11971,43.21401],[-79.11922,43.21396],[-79.11884,43.21364],[-79.11874,43.21304],[-79.11845,43.21258],[-79.11773,43.21222],[-79.1177,43.2125],[-79.11758,43.21266],[-79.11722,43.21279],[-79.11566,43.213],[-79.11582,43.21329],[-79.11583,43.21416],[-79.11643,43.21489]]]}},{"type":"Feature","properties":{"serie":"Chinguacousy - Loamy Phase","texture":"loam limoneux","code_texture":"SIL","drainage":"imparfait","pente":1.2,"classe_agricole":"2"},"geometry":{"type":"Polygon","coordinates":[[[-79.09697,43.22298],[-79.09716,43.22345],[-79.09747,43.2235],[-79.09851,43.22262],[-79.10123,43.2215],[-79.10166,43.22107],[-79.10194,43.22051],[-79.10239,43.22043],[-79.10272,43.22099],[-79.10281,43.22152],[-79.10318,43.22188],[-79.10391,43.22115],[-79.10452,43.22027],[-79.10551,43.21914],[-79.10593,43.21899],[-79.10615,43.22003],[-79.10672,43.22009],[-79.10738,43.21945],[-79.10769,43.21844],[-79.10753,43.21728],[-79.10789,43.21604],[-79.10861,43.21532],[-79.10913,43.21569],[-79.10926,43.21674],[-79.10953,43.21758],[-79.11033,43.21754],[-79.11091,43.21707],[-79.1113,43.2165],[-79.11096,43.21596],[-79.11017,43.21554],[-79.1099,43.21476],[-79.10937,43.21402],[-79.1085,43.21415],[-79.10717,43.21486],[-79.10675,43.2144],[-79.10663,43.21341],[-79.10622,43.2127],[-79.10568,43.21248],[-79.10518,43.21262],[-79.10457,43.21315],[-79.10474,43.21369],[-79.10432,43.21402],[-79.10411,43.21444],[-79.1043,43.21495],[-79.1043,43.21554],[-79.10477,43.21587],[-79.1052,43.21654],[-79.10478,43.21696],[-79.10403,43.21688],[-79.10307,43.21653],[-79.10208,43.21662],[-79.1013,43.21688],[-79.10058,43.21692],[-79.09914,43.21647],[-79.0988,43.2166],[-79.09882,43.21709],[-79.09928,43.21751],[-79.09924,43.21785],[-79.09894,43.21822],[-79.09871,43.21872],[-79.09878,43.21952],[-79.09904,43.22045],[-79.09891,43.22116],[-79.09844,43.2217],[-79.09708,43.22291],[-79.09697,43.22298]]]}},{"type":"Feature","properties":{"serie":"Tavistock - Till Red Phase","texture":"VFSL","code_texture":"VFSL","drainage":"imparfait","pente":1.2,"classe_agricole":"1"},"geometry":{"type":"Polygon","coordinates":[[[-79.11367,43.21816],[-79.11588,43.21808],[-79.11594,43.21737],[-79.11929,43.21729],[-79.11928,43.21704],[-79.12046,43.217],[-79.12015,43.21648],[-79.11937,43.21652],[-79.11939,43.21623],[-79.11881,43.21624],[-79.11881,43.21651],[-79.11795,43.21652],[-79.11797,43.21618],[-79.11758,43.21614],[-79.11759,43.21597],[-79.1179,43.21596],[-79.1179,43.21567],[-79.11722,43.21539],[-79.11643,43.21489],[-79.11583,43.21416],[-79.11582,43.21329],[-79.11557,43.21282],[-79.11495,43.21287],[-79.11423,43.21416],[-79.11389,43.21437],[-79.11365,43.21445],[-79.11288,43.2143],[-79.11226,43.21439],[-79.11233,43.215],[-79.11318,43.2155],[-79.11365,43.21595],[-79.11398,43.21651],[-79.11486,43.21676],[-79.11558,43.21715],[-79.11546,43.21756],[-79.11498,43.21764],[-79.1139,43.21711],[-79.11351,43.2173],[-79.1132,43.21765],[-79.11359,43.21765],[-79.11367,43.21816]]]}},{"type":"Feature","properties":{"serie":"Chinguacousy - Red Phase","texture":"loam argileux","code_texture":"CL","drainage":"imparfait","pente":1.2,"classe_agricole":"2"},"geometry":{"type":"Polygon","coordinates":[[[-79.14063,43.22183],[-79.14089,43.22168],[-79.14143,43.22108],[-79.14174,43.22034],[-79.14208,43.21992],[-79.14276,43.22003],[-79.14316,43.22045],[-79.14319,43.22101],[-79.14242,43.22224],[-79.14262,43.22299],[-79.14259,43.22357],[-79.14095,43.22452],[-79.14063,43.22488],[-79.14532,43.22389],[-79.14606,43.22305],[-79.1463,43.22196],[-79.14686,43.22123],[-79.14681,43.22006],[-79.14669,43.21973],[-79.14641,43.21976],[-79.14608,43.21684],[-79.14655,43.2158],[-79.14638,43.21579],[-79.14565,43.21471],[-79.14561,43.21387],[-79.14504,43.21386],[-79.14447,43.21465],[-79.14369,43.21477],[-79.14295,43.21374],[-79.14231,43.21422],[-79.14147,43.21463],[-79.14117,43.21515],[-79.14167,43.2157],[-79.14269,43.21612],[-79.14322,43.21658],[-79.14314,43.21728],[-79.1424,43.21797],[-79.1415,43.21849],[-79.1415,43.2187],[-79.14018,43.21947],[-79.14028,43.21998],[-79.14108,43.22012],[-79.14124,43.22063],[-79.14088,43.22103],[-79.14015,43.22138],[-79.14031,43.22159],[-79.14063,43.22183]]]}},{"type":"Feature","properties":{"serie":"Oneida","texture":"loam argileux","code_texture":"CL","drainage":"modérément bon","pente":3.5,"classe_agricole":"2"},"geometry":{"type":"Polygon","coordinates":[[[-79.13863,43.22082],[-79.13881,43.22069],[-79.13883,43.22001],[-79.13876,43.2196],[-79.13836,43.21892],[-79.13832,43.21826],[-79.13931,43.21795],[-79.14044,43.21697],[-79.14002,43.21627],[-79.13979,43.21537],[-79.13918,43.21475],[-79.13823,43.21499],[-79.13841,43.21579],[-79.13824,43.21644],[-79.13889,43.21684],[-79.13857,43.21724],[-79.13745,43.21742],[-79.13654,43.21726],[-79.1361,43.21681],[-79.13609,43.21623],[-79.13635,43.21564],[-79.13649,43.21555],[-79.13517,43.21468],[-79.13461,43.21418],[-79.13464,43.21488],[-79.13344,43.21492],[-79.13344,43.21709],[-79.13578,43.21709],[-79.13579,43.21791],[-79.13617,43.21809],[-79.13638,43.21871],[-79.13751,43.22063],[-79.13785,43.22075],[-79.13831,43.22069],[-79.13863,43.22082]]]}},{"type":"Feature","properties":{"serie":"Chinguacousy - Loamy Phase","texture":"loam limoneux","code_texture":"SIL","drainage":"imparfait","pente":1.2,"classe_agricole":"2"},"geometry":{"type":"Polygon","coordinates":[[[-79.0993,43.21549],[-79.09937,43.21589],[-79.09953,43.21606],[-79.10039,43.21637],[-79.10096,43.21637],[-79.10252,43.21598],[-79.10297,43.21557],[-79.10303,43.21514],[-79.10258,43.21515],[-79.10204,43.2154],[-79.10167,43.21504],[-79.10121,43.21483],[-79.10063,43.2151],[-79.09979,43.21519],[-79.0993,43.21549]]]}},{"type":"Feature","properties":{"serie":"Tavistock - Till Red Phase","texture":"VFSL","code_texture":"VFSL","drainage":"imparfait","pente":1.2,"classe_agricole":"1"},"geometry":{"type":"Polygon","coordinates":[[[-79.13863,43.22082],[-79.13874,43.22126],[-79.13919,43.22149],[-79.13971,43.22147],[-79.14031,43.22134],[-79.14088,43.22103],[-79.14124,43.22063],[-79.14108,43.22012],[-79.14028,43.21998],[-79.14018,43.21947],[-79.1415,43.2187],[-79.14147,43.21813],[-79.14131,43.2176],[-79.14202,43.21657],[-79.14166,43.21633],[-79.14072,43.21668],[-79.13998,43.21745],[-79.13931,43.21795],[-79.13832,43.21826],[-79.13836,43.21892],[-79.13876,43.2196],[-79.13881,43.22069],[-79.13863,43.22082]]]}},{"type":"Feature","properties":{"serie":"Tavistock","texture":"loam","code_texture":"L","drainage":"imparfait","pente":1.2,"classe_agricole":"1"},"geometry":{"type":"Polygon","coordinates":[[[-79.13481,43.2223],[-79.13514,43.22236],[-79.13568,43.22292],[-79.13639,43.22335],[-79.13732,43.22348],[-79.13759,43.22361],[-79.13824,43.22273],[-79.13785,43.22075],[-79.13751,43.22063],[-79.13638,43.21871],[-79.13617,43.21809],[-79.13579,43.21791],[-79.13581,43.21821],[-79.13492,43.21824],[-79.13497,43.21861],[-79.13471,43.21862],[-79.13561,43.21929],[-79.13548,43.21994],[-79.13493,43.2206],[-79.13432,43.22095],[-79.13367,43.22112],[-79.13284,43.22123],[-79.13233,43.22113],[-79.13236,43.22161],[-79.13171,43.22161],[-79.13204,43.22201],[-79.13246,43.2221],[-79.13289,43.22205],[-79.13305,43.22254],[-79.13333,43.22288],[-79.13378,43.22272],[-79.13421,43.22219],[-79.13458,43.22209],[-79.13481,43.2223]]]}},{"type":"Feature","properties":{"serie":"Tavistock - Till Phase","texture":"loam","code_texture":"L","drainage":"imparfait","pente":1.2,"classe_agricole":"1"},"geometry":{"type":"Polygon","coordinates":[[[-79.13222,43.21876],[-79.13233,43.22113],[-79.13284,43.22123],[-79.13432,43.22095],[-79.13493,43.2206],[-79.13548,43.21994],[-79.13561,43.21929],[-79.13471,43.21862],[-79.1337,43.2186],[-79.13362,43.21828],[-79.1322,43.21831],[-79.1322,43.21842],[-79.13222,43.21876]]]}},{"type":"Feature","properties":{"serie":"Chinguacousy - Loamy Red Phase","texture":"loam argileux","code_texture":"CL","drainage":"imparfait","pente":1.2,"classe_agricole":"2"},"geometry":{"type":"Polygon","coordinates":[[[-79.1362,43.228],[-79.13708,43.22804],[-79.13753,43.22792],[-79.13785,43.22696],[-79.13931,43.22678],[-79.14003,43.2264],[-79.1405,43.22594],[-79.14044,43.22521],[-79.14063,43.22488],[-79.14095,43.22452],[-79.14259,43.22357],[-79.14262,43.22299],[-79.14242,43.22224],[-79.14319,43.22101],[-79.14316,43.22045],[-79.14276,43.22003],[-79.14208,43.21992],[-79.14174,43.22034],[-79.14143,43.22108],[-79.14089,43.22168],[-79.14017,43.22208],[-79.13955,43.22272],[-79.13917,43.22348],[-79.13836,43.22445],[-79.13757,43.22505],[-79.13689,43.22543],[-79.13698,43.22574],[-79.13677,43.22629],[-79.13603,43.22699],[-79.13596,43.22757],[-79.1362,43.228]]]}},{"type":"Feature","properties":{"serie":"Chinguacousy - Loamy Phase","texture":"loam limoneux","code_texture":"SIL","drainage":"imparfait","pente":1.2,"classe_agricole":"2"},"geometry":{"type":"Polygon","coordinates":[[[-79.10853,43.22293],[-79.10919,43.22304],[-79.10919,43.22356],[-79.10979,43.22389],[-79.11047,43.224],[-79.11089,43.22419],[-79.11152,43.22385],[-79.11124,43.21993],[-79.11104,43.22001],[-79.11057,43.2206],[-79.10879,43.22093],[-79.10788,43.2215],[-79.10785,43.22199],[-79.10849,43.22234],[-79.10878,43.22271],[-79.10853,43.22293]]]}},{"type":"Feature","properties":{"serie":"Chinguacousy - Loamy Phase","texture":"loam limoneux","code_texture":"SIL","drainage":"imparfait","pente":1.2,"classe_agricole":"2"},"geometry":{"type":"Polygon","coordinates":[[[-79.0957,43.22419],[-79.09551,43.22454],[-79.09576,43.22479],[-79.09612,43.22478],[-79.09659,43.22422],[-79.09688,43.22406],[-79.09709,43.22423],[-79.0972,43.22447],[-79.09981,43.22411],[-79.10066,43.22378],[-79.10144,43.22328],[-79.10318,43.22188],[-79.10281,43.22152],[-79.10272,43.22099],[-79.10239,43.22043],[-79.10194,43.22051],[-79.10166,43.22107],[-79.10123,43.2215],[-79.09851,43.22262],[-79.09747,43.2235],[-79.09716,43.22345],[-79.09697,43.22298],[-79.09662,43.2231],[-79.09615,43.22349],[-79.09576,43.22405],[-79.0957,43.22419]]]}},{"type":"Feature","properties":{"serie":"Oneida - Red Phase","texture":"loam argileux","code_texture":"CL","drainage":"modérément bon","pente":7,"classe_agricole":"3"},"geometry":{"type":"Polygon","coordinates":[[[-79.13345,43.22642],[-79.13372,43.22647],[-79.13416,43.22708],[-79.13416,43.22796],[-79.13432,43.22918],[-79.13409,43.22955],[-79.13344,43.22998],[-79.1334,43.2301],[-79.13346,43.23022],[-79.13371,43.23002],[-79.13419,43.22989],[-79.1348,43.2301],[-79.13541,43.2296],[-79.13592,43.22885],[-79.13564,43.2287],[-79.1356,43.22841],[-79.13579,43.22816],[-79.1362,43.228],[-79.13596,43.22757],[-79.13603,43.22699],[-79.13677,43.22629],[-79.13698,43.22574],[-79.13689,43.22543],[-79.13757,43.22505],[-79.13836,43.22445],[-79.13917,43.22348],[-79.13955,43.22272],[-79.14017,43.22208],[-79.14063,43.22183],[-79.14015,43.22138],[-79.13919,43.22149],[-79.13874,43.22126],[-79.13863,43.22082],[-79.13831,43.22069],[-79.13785,43.22075],[-79.13824,43.22273],[-79.13759,43.22361],[-79.13699,43.2242],[-79.13684,43.22423],[-79.13682,43.22441],[-79.13662,43.22466],[-79.1361,43.22483],[-79.13591,43.22511],[-79.13581,43.22561],[-79.13541,43.2258],[-79.13495,43.22581],[-79.13469,43.22574],[-79.13417,43.22517],[-79.13349,43.22541],[-79.1334,43.22613],[-79.13345,43.22642]]]}},{"type":"Feature","properties":{"serie":"Tavistock - Till Phase","texture":"loam","code_texture":"L","drainage":"imparfait","pente":3.5,"classe_agricole":"2"},"geometry":{"type":"Polygon","coordinates":[[[-79.13365,43.22531],[-79.13417,43.22517],[-79.13427,43.22466],[-79.13467,43.22448],[-79.13459,43.22384],[-79.13353,43.22422],[-79.1333,43.22364],[-79.1328,43.22313],[-79.13217,43.22282],[-79.13213,43.22238],[-79.13246,43.2221],[-79.13204,43.22201],[-79.13171,43.22161],[-79.13031,43.22159],[-79.13042,43.22488],[-79.13087,43.22485],[-79.13092,43.22472],[-79.13225,43.22468],[-79.13227,43.22488],[-79.13244,43.2249],[-79.13276,43.22485],[-79.13275,43.22455],[-79.1336,43.2245],[-79.13365,43.22531]]]}},{"type":"Feature","properties":{"serie":"Vineland - Brown Phase","texture":"VFSL","code_texture":"VFSL","drainage":"imparfait","pente":3.5,"classe_agricole":"2"},"geometry":{"type":"Polygon","coordinates":[[[-79.13246,43.2221],[-79.13213,43.22238],[-79.13217,43.22282],[-79.1328,43.22313],[-79.1333,43.22364],[-79.13353,43.22422],[-79.13469,43.2238],[-79.13474,43.22332],[-79.13451,43.22284],[-79.13481,43.2223],[-79.13458,43.22209],[-79.13421,43.22219],[-79.13378,43.22272],[-79.13333,43.22288],[-79.13305,43.22254],[-79.13289,43.22205],[-79.13246,43.2221]]]}},{"type":"Feature","properties":{"serie":"Chinguacousy - Washed Phase","texture":"loam","code_texture":"L","drainage":"imparfait","pente":1.2,"classe_agricole":"1"},"geometry":{"type":"Polygon","coordinates":[[[-79.13459,43.22384],[-79.13467,43.22448],[-79.13699,43.2242],[-79.13759,43.22361],[-79.13732,43.22348],[-79.13639,43.22335],[-79.13568,43.22292],[-79.13514,43.22236],[-79.13481,43.2223],[-79.13451,43.22284],[-79.13474,43.22332],[-79.13469,43.2238],[-79.13459,43.22384]]]}},{"type":"Feature","properties":{"serie":"Tavistock - Till Phase","texture":"loam","code_texture":"L","drainage":"imparfait","pente":1.2,"classe_agricole":"1"},"geometry":{"type":"Polygon","coordinates":[[[-79.10364,43.2272],[-79.10357,43.22778],[-79.10388,43.22814],[-79.10433,43.22824],[-79.10465,43.22805],[-79.1048,43.2278],[-79.10496,43.22689],[-79.10538,43.22694],[-79.10566,43.22685],[-79.10612,43.22585],[-79.10646,43.22547],[-79.10686,43.2253],[-79.10722,43.2253],[-79.10757,43.22558],[-79.10824,43.22527],[-79.10889,43.2258],[-79.11073,43.22514],[-79.11134,43.22518],[-79.11135,43.22526],[-79.11161,43.22515],[-79.11152,43.22385],[-79.11089,43.22419],[-79.11047,43.224],[-79.10979,43.22389],[-79.10919,43.22356],[-79.10919,43.22304],[-79.10853,43.22293],[-79.10822,43.22321],[-79.10738,43.22365],[-79.10549,43.22373],[-79.10427,43.22469],[-79.1036,43.22465],[-79.10258,43.22351],[-79.10199,43.22347],[-79.10051,43.22456],[-79.09936,43.22496],[-79.09968,43.22536],[-79.1015,43.22527],[-79.10152,43.2249],[-79.10265,43.22487],[-79.10265,43.22545],[-79.10469,43.22537],[-79.10491,43.22544],[-79.105,43.22558],[-79.10489,43.22606],[-79.10463,43.22629],[-79.10398,43.22659],[-79.10372,43.22686],[-79.10364,43.2272]]]}},{"type":"Feature","properties":{"serie":"Not Mapped","texture":"NA","code_texture":"NA","drainage":null,"pente":-9,"classe_agricole":"0"},"geometry":{"type":"Polygon","coordinates":[[[-79.13417,43.22517],[-79.13469,43.22574],[-79.13541,43.2258],[-79.13581,43.22561],[-79.13591,43.22511],[-79.1361,43.22483],[-79.13662,43.22466],[-79.13682,43.22441],[-79.13684,43.22423],[-79.13467,43.22448],[-79.13427,43.22466],[-79.13417,43.22517]]]}},{"type":"Feature","properties":{"serie":"Not Mapped","texture":"NA","code_texture":"NA","drainage":null,"pente":-9,"classe_agricole":"0"},"geometry":{"type":"Polygon","coordinates":[[[-79.09968,43.22536],[-79.09932,43.22537],[-79.0993,43.22673],[-79.09988,43.22674],[-79.1002,43.22663],[-79.10072,43.22607],[-79.10091,43.22601],[-79.10128,43.22653],[-79.10191,43.22674],[-79.10197,43.22595],[-79.10499,43.22583],[-79.105,43.22558],[-79.10491,43.22544],[-79.10469,43.22537],[-79.10265,43.22545],[-79.10265,43.22487],[-79.10152,43.2249],[-79.1015,43.22527],[-79.09968,43.22536]]]}},{"type":"Feature","properties":{"serie":"Toledo","texture":"loam limono-argileux","code_texture":"SICL","drainage":"pauvre","pente":1.2,"classe_agricole":"3"},"geometry":{"type":"Polygon","coordinates":[[[-79.09505,43.17485],[-79.09582,43.17558],[-79.09705,43.1758],[-79.09732,43.17606],[-79.0976,43.17538],[-79.09735,43.17481],[-79.09666,43.17446],[-79.09654,43.17401],[-79.09686,43.17386],[-79.09686,43.17329],[-79.09721,43.17296],[-79.09775,43.17297],[-79.09856,43.17383],[-79.0988,43.17394],[-79.09921,43.17385],[-79.0998,43.17298],[-79.10037,43.17271],[-79.10062,43.17274],[-79.10067,43.17247],[-79.10175,43.17233],[-79.10194,43.17287],[-79.10288,43.17279],[-79.10295,43.17299],[-79.10374,43.17286],[-79.10442,43.17294],[-79.10545,43.17361],[-79.10585,43.17375],[-79.10661,43.17373],[-79.10721,43.17351],[-79.10793,43.17286],[-79.10808,43.17246],[-79.10801,43.17227],[-79.10744,43.17212],[-79.1064,43.17214],[-79.10577,43.17188],[-79.10567,43.17155],[-79.10557,43.17013],[-79.10483,43.16952],[-79.10459,43.16881],[-79.10445,43.16867],[-79.10413,43.16856],[-79.1037,43.16862],[-79.10318,43.16901],[-79.10303,43.1696],[-79.10281,43.1699],[-79.1011,43.17016],[-79.0988,43.17193],[-79.09804,43.17225],[-79.09745,43.17235],[-79.09641,43.17233],[-79.09527,43.17184],[-79.09475,43.17135],[-79.09432,43.17045],[-79.09398,43.17032],[-79.09338,43.17042],[-79.09291,43.17006],[-79.0924,43.17033],[-79.09202,43.17102],[-79.09058,43.17185],[-79.09033,43.17234],[-79.09056,43.17297],[-79.09108,43.17382],[-79.09093,43.17469],[-79.09103,43.17522],[-79.09127,43.17545],[-79.0919,43.1756],[-79.09238,43.17555],[-79.09272,43.17547],[-79.09266,43.17459],[-79.09286,43.17425],[-79.09325,43.17424],[-79.09407,43.17474],[-79.09412,43.17457],[-79.09457,43.17444],[-79.09505,43.17485]]]}},{"type":"Feature","properties":{"serie":"Toledo","texture":"loam limono-argileux","code_texture":"SICL","drainage":"pauvre","pente":1.2,"classe_agricole":"3"},"geometry":{"type":"Polygon","coordinates":[[[-79.12198,43.18877],[-79.12245,43.18925],[-79.12294,43.18947],[-79.1256,43.18969],[-79.12637,43.18996],[-79.12709,43.19048],[-79.12813,43.19084],[-79.12904,43.19085],[-79.12994,43.1906],[-79.13046,43.19017],[-79.13088,43.18955],[-79.1311,43.18894],[-79.13079,43.18835],[-79.13067,43.18774],[-79.13087,43.18703],[-79.13137,43.18631],[-79.13163,43.18552],[-79.13204,43.18473],[-79.13423,43.18272],[-79.13462,43.18264],[-79.13463,43.1829],[-79.13426,43.18339],[-79.13453,43.18368],[-79.13522,43.18338],[-79.13593,43.18281],[-79.13667,43.18241],[-79.13698,43.18266],[-79.13684,43.18318],[-79.13561,43.18409],[-79.13597,43.18414],[-79.13629,43.18434],[-79.13639,43.18513],[-79.13663,43.18551],[-79.13684,43.18491],[-79.1379,43.1831],[-79.13878,43.18206],[-79.14184,43.17895],[-79.14202,43.1783],[-79.14173,43.17791],[-79.14119,43.17809],[-79.14058,43.17879],[-79.13958,43.17968],[-79.13771,43.18062],[-79.13722,43.18048],[-79.13777,43.17971],[-79.13804,43.17877],[-79.1396,43.17702],[-79.1392,43.17677],[-79.13856,43.17698],[-79.13792,43.17696],[-79.13728,43.17754],[-79.13678,43.17756],[-79.13609,43.17728],[-79.13615,43.17672],[-79.13645,43.17603],[-79.13616,43.17566],[-79.13545,43.17606],[-79.13317,43.17681],[-79.13214,43.17705],[-79.13011,43.17692],[-79.1297,43.17734],[-79.12946,43.17822],[-79.12914,43.17878],[-79.12864,43.17893],[-79.12807,43.17883],[-79.12752,43.17846],[-79.12711,43.17832],[-79.12659,43.17877],[-79.12651,43.17958],[-79.12592,43.1801],[-79.12564,43.18075],[-79.12588,43.18123],[-79.12623,43.18155],[-79.12685,43.18174],[-79.12789,43.18169],[-79.12915,43.18142],[-79.13079,43.18083],[-79.13295,43.17991],[-79.13363,43.17928],[-79.13482,43.17854],[-79.13547,43.17837],[-79.13568,43.17868],[-79.13565,43.1791],[-79.13623,43.17933],[-79.13664,43.17978],[-79.13632,43.18039],[-79.1355,43.18115],[-79.13096,43.18431],[-79.12894,43.18547],[-79.12801,43.18581],[-79.12687,43.18609],[-79.12582,43.18659],[-79.1251,43.18706],[-79.12337,43.18771],[-79.12261,43.18817],[-79.12204,43.18864],[-79.12198,43.18877]]]}},{"type":"Feature","properties":{"serie":"Jeddo","texture":"loam argileux","code_texture":"CL","drainage":"pauvre","pente":1.2,"classe_agricole":"3"},"geometry":{"type":"Polygon","coordinates":[[[-79.13947,43.19773],[-79.1389,43.19793],[-79.1383,43.19836],[-79.13816,43.19893],[-79.14073,43.19888],[-79.14378,43.19821],[-79.14713,43.19767],[-79.14807,43.1968],[-79.14876,43.19697],[-79.14904,43.19735],[-79.14951,43.19714],[-79.15,43.19675],[-79.15066,43.19649],[-79.15144,43.1964],[-79.15237,43.19644],[-79.15257,43.1961],[-79.15301,43.19575],[-79.15409,43.19533],[-79.15451,43.19528],[-79.15481,43.19535],[-79.1555,43.19489],[-79.1565,43.19548],[-79.15657,43.19479],[-79.15739,43.19355],[-79.15765,43.19289],[-79.15771,43.19214],[-79.15754,43.19051],[-79.1577,43.18939],[-79.15832,43.18839],[-79.15919,43.18776],[-79.16038,43.18606],[-79.16117,43.18564],[-79.16203,43.18546],[-79.16268,43.18553],[-79.16307,43.18571],[-79.16298,43.1853],[-79.16306,43.18468],[-79.16348,43.18407],[-79.16284,43.18411],[-79.16162,43.1844],[-79.16052,43.18486],[-79.15958,43.18553],[-79.15866,43.18639],[-79.158,43.18652],[-79.15719,43.1864],[-79.15615,43.18604],[-79.15489,43.18578],[-79.15379,43.18587],[-79.15175,43.18666],[-79.15087,43.18686],[-79.15003,43.18733],[-79.14903,43.18773],[-79.14804,43.18834],[-79.14681,43.18989],[-79.14585,43.19031],[-79.14379,43.19173],[-79.14278,43.19187],[-79.14192,43.19166],[-79.14172,43.19099],[-79.14104,43.19037],[-79.14011,43.19001],[-79.14005,43.18946],[-79.14088,43.18878],[-79.14199,43.18821],[-79.14231,43.18753],[-79.14156,43.18708],[-79.1404,43.1872],[-79.13903,43.18782],[-79.13774,43.18861],[-79.13759,43.18933],[-79.13617,43.18946],[-79.13626,43.19083],[-79.13793,43.19036],[-79.13927,43.19056],[-79.13991,43.19085],[-79.14014,43.19127],[-79.14057,43.19153],[-79.14123,43.19175],[-79.14156,43.19212],[-79.14148,43.19269],[-79.14111,43.19342],[-79.14057,43.19398],[-79.1405,43.19438],[-79.14071,43.19477],[-79.1407,43.19567],[-79.14077,43.19593],[-79.14109,43.19587],[-79.14217,43.19597],[-79.14282,43.19582],[-79.14337,43.19583],[-79.14383,43.19607],[-79.14452,43.19598],[-79.14546,43.19639],[-79.14586,43.19683],[-79.1453,43.19705],[-79.14272,43.19699],[-79.14189,43.19729],[-79.14125,43.1973],[-79.14093,43.19773],[-79.14053,43.19794],[-79.14018,43.19769],[-79.13981,43.19767],[-79.13947,43.19773]],[[-79.14804,43.19453],[-79.14749,43.19401],[-79.14469,43.1945],[-79.14338,43.1946],[-79.14235,43.19448],[-79.14209,43.19384],[-79.14257,43.19299],[-79.14335,43.19267],[-79.14485,43.19277],[-79.14621,43.19257],[-79.14727,43.19221],[-79.14852,43.19158],[-79.14948,43.19156],[-79.14961,43.1923],[-79.14858,43.19292],[-79.14859,43.19334],[-79.14964,43.19388],[-79.1502,43.1945],[-79.1499,43.1952],[-79.149,43.19554],[-79.14796,43.19611],[-79.14773,43.19611],[-79.14755,43.19606],[-79.14727,43.19575],[-79.14745,43.19512],[-79.14804,43.19453]]]}},{"type":"Feature","properties":{"serie":"Malton","texture":"loam limono-argileux","code_texture":"SICL","drainage":"pauvre","pente":1.2,"classe_agricole":"3"},"geometry":{"type":"Polygon","coordinates":[[[-79.12098,43.18528],[-79.1208,43.18614],[-79.12077,43.18689],[-79.12088,43.18718],[-79.12198,43.18877],[-79.12215,43.1885],[-79.12337,43.18771],[-79.1251,43.18706],[-79.12582,43.18659],[-79.12687,43.18609],[-79.12801,43.18581],[-79.12894,43.18547],[-79.12986,43.18496],[-79.13096,43.18431],[-79.1355,43.18115],[-79.13632,43.18039],[-79.13664,43.17978],[-79.13623,43.17933],[-79.13565,43.1791],[-79.13568,43.17868],[-79.13547,43.17837],[-79.13482,43.17854],[-79.13363,43.17928],[-79.13295,43.17991],[-79.13079,43.18083],[-79.12915,43.18142],[-79.12789,43.18169],[-79.12685,43.18174],[-79.1266,43.18167],[-79.12547,43.18204],[-79.12255,43.18372],[-79.12168,43.18443],[-79.12098,43.18528]]]}},{"type":"Feature","properties":{"serie":"Not Mapped","texture":"NA","code_texture":"NA","drainage":null,"pente":-9,"classe_agricole":"0"},"geometry":{"type":"Polygon","coordinates":[[[-79.10708,43.17351],[-79.10746,43.17616],[-79.10968,43.17718],[-79.11053,43.17723],[-79.11104,43.1771],[-79.11115,43.17686],[-79.11101,43.17583],[-79.11051,43.17544],[-79.11049,43.17486],[-79.11029,43.1741],[-79.11029,43.17325],[-79.10987,43.17322],[-79.10928,43.17347],[-79.10721,43.17351],[-79.10708,43.17351]]]}},{"type":"Feature","properties":{"serie":"Not Mapped","texture":"NA","code_texture":"NA","drainage":null,"pente":-9,"classe_agricole":"0"},"geometry":{"type":"Polygon","coordinates":[[[-79.10096,43.17337],[-79.10205,43.17335],[-79.10219,43.17381],[-79.10323,43.17378],[-79.10288,43.17279],[-79.10194,43.17287],[-79.10175,43.17233],[-79.10067,43.17247],[-79.10062,43.17274],[-79.10081,43.17303],[-79.10096,43.17337]]]}},{"type":"Feature","properties":{"serie":"Beverly - Loamy Phase","texture":"loam limoneux","code_texture":"SIL","drainage":"imparfait","pente":1.2,"classe_agricole":"2"},"geometry":{"type":"Polygon","coordinates":[[[-79.09686,43.17386],[-79.09718,43.1742],[-79.09853,43.17506],[-79.09878,43.17634],[-79.09949,43.17617],[-79.10027,43.17622],[-79.10081,43.17592],[-79.10142,43.17512],[-79.10145,43.17369],[-79.10124,43.1737],[-79.10101,43.17348],[-79.10062,43.17274],[-79.10037,43.17271],[-79.0998,43.17298],[-79.09921,43.17385],[-79.0988,43.17394],[-79.09856,43.17383],[-79.09775,43.17297],[-79.09721,43.17296],[-79.09686,43.17329],[-79.09686,43.17386]]]}},{"type":"Feature","properties":{"serie":"Malton","texture":"loam limono-argileux","code_texture":"SICL","drainage":"pauvre","pente":1.2,"classe_agricole":"3"},"geometry":{"type":"Polygon","coordinates":[[[-79.13774,43.18861],[-79.13903,43.18782],[-79.1404,43.1872],[-79.14156,43.18708],[-79.14231,43.18753],[-79.14199,43.18821],[-79.14088,43.18878],[-79.14005,43.18946],[-79.14011,43.19001],[-79.14104,43.19037],[-79.14172,43.19099],[-79.14192,43.19166],[-79.14278,43.19187],[-79.14379,43.19173],[-79.14585,43.19031],[-79.14681,43.18989],[-79.14804,43.18834],[-79.14903,43.18773],[-79.15003,43.18733],[-79.15087,43.18686],[-79.15115,43.18574],[-79.15057,43.18571],[-79.14968,43.18582],[-79.14746,43.18625],[-79.14606,43.18622],[-79.14503,43.18591],[-79.1436,43.18517],[-79.14308,43.18454],[-79.14285,43.18384],[-79.14273,43.18254],[-79.14241,43.18219],[-79.14187,43.1821],[-79.14113,43.18226],[-79.1403,43.18271],[-79.13948,43.18335],[-79.13772,43.18514],[-79.13708,43.18555],[-79.13663,43.18551],[-79.13639,43.18513],[-79.13629,43.18434],[-79.13597,43.18414],[-79.13545,43.18408],[-79.13481,43.18418],[-79.13394,43.1845],[-79.13316,43.18498],[-79.1327,43.18551],[-79.13239,43.18618],[-79.13221,43.18762],[-79.13242,43.18812],[-79.13324,43.18894],[-79.13376,43.18931],[-79.13428,43.18943],[-79.13506,43.18944],[-79.13501,43.18781],[-79.13754,43.18773],[-79.13774,43.18844],[-79.13774,43.18861]]]}},{"type":"Feature","properties":{"serie":"Jeddo","texture":"loam argileux","code_texture":"CL","drainage":"pauvre","pente":1.2,"classe_agricole":"3"},"geometry":{"type":"Polygon","coordinates":[[[-79.12483,43.21514],[-79.1269,43.2151],[-79.12726,43.21496],[-79.12765,43.21507],[-79.12802,43.21502],[-79.1281,43.21451],[-79.12834,43.21413],[-79.12849,43.21408],[-79.12849,43.21393],[-79.12886,43.21341],[-79.12905,43.21296],[-79.12801,43.2118],[-79.1282,43.2115],[-79.12876,43.21118],[-79.12868,43.21083],[-79.12825,43.21023],[-79.1283,43.20958],[-79.12874,43.20904],[-79.12885,43.20841],[-79.12843,43.20771],[-79.12685,43.20702],[-79.12646,43.20654],[-79.12654,43.20577],[-79.12717,43.20546],[-79.13006,43.20493],[-79.13361,43.20403],[-79.13429,43.20427],[-79.13457,43.20491],[-79.13441,43.20552],[-79.13298,43.20679],[-79.13236,43.20764],[-79.13216,43.20837],[-79.13314,43.21106],[-79.13306,43.21148],[-79.13239,43.21241],[-79.13351,43.21314],[-79.1338,43.21295],[-79.13451,43.21382],[-79.13411,43.21144],[-79.13454,43.21069],[-79.13497,43.20915],[-79.13521,43.20872],[-79.13558,43.20847],[-79.137,43.20836],[-79.13688,43.20801],[-79.13643,43.20737],[-79.13582,43.20675],[-79.13695,43.20537],[-79.13708,43.20472],[-79.13737,43.20406],[-79.138,43.20339],[-79.13777,43.2013],[-79.1383,43.19836],[-79.1389,43.19793],[-79.13947,43.19773],[-79.13957,43.1974],[-79.13996,43.19684],[-79.14137,43.19659],[-79.14186,43.19625],[-79.14199,43.19597],[-79.14109,43.19587],[-79.13923,43.19636],[-79.13802,43.19739],[-79.13718,43.19816],[-79.13685,43.19894],[-79.13667,43.20054],[-79.13635,43.20101],[-79.13613,43.20083],[-79.13593,43.19989],[-79.1351,43.19949],[-79.13426,43.19883],[-79.13411,43.19822],[-79.13473,43.19751],[-79.13561,43.19678],[-79.13628,43.19606],[-79.13658,43.19509],[-79.13613,43.19415],[-79.13419,43.19321],[-79.13383,43.19267],[-79.13387,43.1923],[-79.13402,43.19208],[-79.13512,43.1914],[-79.13506,43.18944],[-79.13428,43.18943],[-79.13376,43.18931],[-79.13324,43.18894],[-79.13242,43.18812],[-79.13221,43.18762],[-79.13239,43.18618],[-79.1327,43.18551],[-79.13316,43.18498],[-79.13394,43.1845],[-79.13481,43.18418],[-79.13561,43.18409],[-79.13684,43.18318],[-79.13698,43.18266],[-79.13667,43.18241],[-79.13593,43.18281],[-79.13522,43.18338],[-79.13453,43.18368],[-79.13426,43.18339],[-79.13463,43.1829],[-79.13462,43.18264],[-79.13423,43.18272],[-79.13204,43.18473],[-79.13163,43.18552],[-79.13137,43.18631],[-79.13087,43.18703],[-79.13067,43.18774],[-79.13079,43.18835],[-79.1311,43.18894],[-79.13088,43.18955],[-79.13046,43.19017],[-79.12994,43.1906],[-79.12904,43.19085],[-79.12813,43.19084],[-79.12709,43.19048],[-79.12637,43.18996],[-79.1256,43.18969],[-79.12294,43.18947],[-79.12211,43.18899],[-79.12088,43.18718],[-79.12077,43.18689],[-79.1208,43.18614],[-79.12098,43.18528],[-79.12035,43.18425],[-79.1193,43.18328],[-79.1171,43.18233],[-79.11661,43.18193],[-79.11598,43.18113],[-79.11584,43.17967],[-79.11547,43.17787],[-79.11569,43.17757],[-79.11591,43.17754],[-79.1146,43.17684],[-79.11384,43.17682],[-79.1129,43.17699],[-79.11217,43.17712],[-79.1111,43.17749],[-79.11189,43.17859],[-79.113,43.18191],[-79.11263,43.18263],[-79.11202,43.18219],[-79.1115,43.18155],[-79.11098,43.18212],[-79.11053,43.18186],[-79.11056,43.18119],[-79.11039,43.18031],[-79.11063,43.17922],[-79.11022,43.17844],[-79.11024,43.17801],[-79.1091,43.17846],[-79.10866,43.17847],[-79.10896,43.17977],[-79.10898,43.18057],[-79.10941,43.18101],[-79.10977,43.18192],[-79.10953,43.18264],[-79.10963,43.18334],[-79.11026,43.18387],[-79.11023,43.18438],[-79.10965,43.18483],[-79.10877,43.18509],[-79.10822,43.18486],[-79.108,43.18406],[-79.10761,43.18324],[-79.10723,43.18278],[-79.10664,43.18239],[-79.1059,43.18217],[-79.10481,43.18226],[-79.10613,43.1829],[-79.10645,43.18351],[-79.10657,43.18432],[-79.10703,43.18508],[-79.10784,43.18564],[-79.10877,43.18605],[-79.10991,43.18625],[-79.11065,43.18666],[-79.1113,43.18718],[-79.11176,43.18742],[-79.1121,43.18815],[-79.11225,43.18913],[-79.11308,43.19122],[-79.11317,43.19174],[-79.11301,43.19274],[-79.11321,43.19343],[-79.11327,43.19414],[-79.11287,43.19473],[-79.11246,43.19501],[-79.11216,43.19556],[-79.10989,43.19739],[-79.10932,43.19799],[-79.10957,43.19853],[-79.10999,43.19906],[-79.11016,43.19965],[-79.10999,43.20034],[-79.10967,43.20054],[-79.10948,43.20103],[-79.10976,43.20166],[-79.10969,43.20221],[-79.10911,43.20245],[-79.10707,43.20209],[-79.10701,43.20233],[-79.10867,43.2027],[-79.11029,43.20273],[-79.11086,43.20296],[-79.11186,43.20369],[-79.11193,43.20388],[-79.11187,43.20412],[-79.11225,43.2043],[-79.11253,43.20478],[-79.11282,43.20499],[-79.11331,43.20564],[-79.11394,43.20567],[-79.11408,43.20521],[-79.11397,43.20387],[-79.11572,43.20252],[-79.11613,43.20172],[-79.11586,43.20158],[-79.11515,43.20233],[-79.1142,43.2026],[-79.11324,43.20382],[-79.11292,43.20332],[-79.11298,43.20253],[-79.11372,43.20214],[-79.11404,43.2015],[-79.11352,43.20098],[-79.11306,43.20031],[-79.11288,43.20048],[-79.11285,43.20083],[-79.11302,43.20139],[-79.11304,43.20188],[-79.11265,43.20225],[-79.11183,43.20227],[-79.11115,43.20205],[-79.1109,43.20158],[-79.11108,43.20085],[-79.11147,43.20003],[-79.11135,43.19926],[-79.11153,43.19843],[-79.11034,43.19837],[-79.11056,43.19815],[-79.11135,43.198],[-79.11239,43.19719],[-79.11339,43.1962],[-79.11389,43.19594],[-79.11438,43.19549],[-79.11537,43.19489],[-79.1167,43.1939],[-79.11743,43.19356],[-79.11802,43.19358],[-79.1181,43.19386],[-79.11795,43.1943],[-79.11647,43.19554],[-79.12339,43.1954],[-79.12348,43.19818],[-79.12078,43.19812],[-79.12112,43.19909],[-79.12109,43.19961],[-79.12068,43.20041],[-79.12106,43.20049],[-79.12123,43.20063],[-79.12252,43.19986],[-79.12367,43.19943],[-79.12492,43.19912],[-79.12583,43.19869],[-79.1262,43.1982],[-79.12622,43.19783],[-79.12541,43.19654],[-79.12563,43.19586],[-79.12565,43.19532],[-79.12409,43.19416],[-79.12388,43.19334],[-79.12442,43.19287],[-79.12585,43.19375],[-79.12694,43.19381],[-79.12875,43.19252],[-79.12962,43.19258],[-79.13001,43.19323],[-79.12999,43.19393],[-79.13023,43.1945],[-79.13078,43.195],[-79.13017,43.19556],[-79.1292,43.19581],[-79.12884,43.19671],[-79.12921,43.19759],[-79.1302,43.19803],[-79.13215,43.1983],[-79.13204,43.19879],[-79.13017,43.19955],[-79.12888,43.20036],[-79.12773,43.20078],[-79.12392,43.20086],[-79.12316,43.20124],[-79.12262,43.20313],[-79.12309,43.20382],[-79.12329,43.2046],[-79.12277,43.20511],[-79.1218,43.20543],[-79.12075,43.20546],[-79.11954,43.20536],[-79.11841,43.20566],[-79.11763,43.20635],[-79.11737,43.20683],[-79.11753,43.20687],[-79.11757,43.20709],[-79.11855,43.20664],[-79.11912,43.20615],[-79.11984,43.20594],[-79.12012,43.20636],[-79.12021,43.20701],[-79.12063,43.207],[-79.12109,43.20583],[-79.12133,43.2061],[-79.12188,43.20624],[-79.12225,43.20648],[-79.12217,43.20716],[-79.12238,43.20855],[-79.12281,43.20886],[-79.12293,43.20979],[-79.12314,43.21029],[-79.12282,43.21072],[-79.12197,43.21153],[-79.12174,43.21201],[-79.12197,43.21178],[-79.12257,43.21178],[-79.12328,43.21113],[-79.12437,43.21099],[-79.1238,43.21326],[-79.12417,43.21508],[-79.12467,43.21509],[-79.12483,43.21514]],[[-79.11958,43.19066],[-79.11903,43.19086],[-79.11829,43.19091],[-79.11704,43.1908],[-79.11679,43.19045],[-79.11559,43.18976],[-79.11553,43.18903],[-79.11631,43.18871],[-79.11724,43.18859],[-79.11892,43.18788],[-79.11951,43.18803],[-79.11959,43.1886],[-79.11922,43.18915],[-79.11923,43.18965],[-79.11964,43.19015],[-79.11958,43.19066]],[[-79.11552,43.18781],[-79.11511,43.18837],[-79.11417,43.18933],[-79.11378,43.18941],[-79.11353,43.1893],[-79.11334,43.18904],[-79.11304,43.18813],[-79.11252,43.18752],[-79.11243,43.18664],[-79.11216,43.18594],[-79.11198,43.18507],[-79.11253,43.18497],[-79.11305,43.18594],[-79.11369,43.18613],[-79.11404,43.18644],[-79.11377,43.18708],[-79.11424,43.18719],[-79.11493,43.18697],[-79.11551,43.1872],[-79.11552,43.18781]]]}},{"type":"Feature","properties":{"serie":"Toledo","texture":"loam limono-argileux","code_texture":"SICL","drainage":"pauvre","pente":1.2,"classe_agricole":"3"},"geometry":{"type":"Polygon","coordinates":[[[-79.11591,43.17754],[-79.11569,43.17757],[-79.11547,43.17787],[-79.11584,43.17967],[-79.11598,43.18113],[-79.11668,43.18199],[-79.11759,43.18155],[-79.11803,43.18099],[-79.11817,43.18001],[-79.11774,43.17896],[-79.1169,43.17797],[-79.11607,43.17753],[-79.11591,43.17754]]]}},{"type":"Feature","properties":{"serie":"Tavistock","texture":"loam","code_texture":"L","drainage":"imparfait","pente":1.2,"classe_agricole":"1"},"geometry":{"type":"Polygon","coordinates":[[[-79.10432,43.18302],[-79.10579,43.18331],[-79.10628,43.18317],[-79.10613,43.1829],[-79.10434,43.18197],[-79.10414,43.18143],[-79.10391,43.18123],[-79.1034,43.18161],[-79.10291,43.18147],[-79.10125,43.18011],[-79.10011,43.17839],[-79.09924,43.17754],[-79.09882,43.17669],[-79.09853,43.17506],[-79.09718,43.1742],[-79.09686,43.17386],[-79.09654,43.17401],[-79.09666,43.17446],[-79.09735,43.17481],[-79.0976,43.17538],[-79.09732,43.17606],[-79.09772,43.17644],[-79.09802,43.17731],[-79.09813,43.17841],[-79.09891,43.17973],[-79.10003,43.18079],[-79.10203,43.18209],[-79.10416,43.18289],[-79.10432,43.18302]]]}},{"type":"Feature","properties":{"serie":"Beverly - Loamy Phase","texture":"loam limoneux","code_texture":"SIL","drainage":"imparfait","pente":1.2,"classe_agricole":"2"},"geometry":{"type":"Polygon","coordinates":[[[-79.09878,43.17634],[-79.09882,43.17669],[-79.09924,43.17754],[-79.10011,43.17839],[-79.10125,43.18011],[-79.10291,43.18147],[-79.1034,43.18161],[-79.10146,43.17948],[-79.10153,43.17904],[-79.10276,43.17889],[-79.10345,43.17861],[-79.10388,43.17817],[-79.10362,43.17774],[-79.10299,43.17707],[-79.10165,43.17603],[-79.10142,43.17512],[-79.10081,43.17592],[-79.10027,43.17622],[-79.09949,43.17617],[-79.09878,43.17634]]]}},{"type":"Feature","properties":{"serie":"Chinguacousy","texture":"loam argileux","code_texture":"CL","drainage":"imparfait","pente":1.2,"classe_agricole":"2"},"geometry":{"type":"Polygon","coordinates":[[[-79.11024,43.17801],[-79.11022,43.17844],[-79.11063,43.17922],[-79.11039,43.18031],[-79.11056,43.18119],[-79.11053,43.18186],[-79.11098,43.18212],[-79.1115,43.18155],[-79.11202,43.18219],[-79.11263,43.18263],[-79.113,43.18191],[-79.11253,43.18067],[-79.11226,43.17952],[-79.11189,43.17859],[-79.11144,43.17788],[-79.1111,43.17749],[-79.11073,43.1774],[-79.11026,43.17774],[-79.11024,43.17801]]]}},{"type":"Feature","properties":{"serie":"Vineland","texture":"VFSL","code_texture":"VFSL","drainage":"imparfait","pente":1.2,"classe_agricole":"1"},"geometry":{"type":"Polygon","coordinates":[[[-79.1034,43.18161],[-79.10391,43.18123],[-79.10414,43.18143],[-79.10434,43.18197],[-79.10468,43.18218],[-79.10467,43.18185],[-79.1048,43.1816],[-79.10657,43.18154],[-79.10744,43.18134],[-79.10898,43.18057],[-79.10896,43.17977],[-79.10866,43.17847],[-79.1084,43.17849],[-79.10741,43.17705],[-79.10686,43.17741],[-79.10626,43.17813],[-79.1057,43.17775],[-79.10505,43.17687],[-79.10437,43.17692],[-79.10429,43.17763],[-79.10411,43.17804],[-79.10345,43.17861],[-79.10276,43.17889],[-79.10153,43.17904],[-79.10146,43.17948],[-79.10322,43.18138],[-79.1034,43.18161]]]}},{"type":"Feature","properties":{"serie":"Tavistock","texture":"loam","code_texture":"L","drainage":"imparfait","pente":3.5,"classe_agricole":"2"},"geometry":{"type":"Polygon","coordinates":[[[-79.10171,43.18269],[-79.10243,43.18277],[-79.10364,43.18315],[-79.10432,43.18302],[-79.10416,43.18289],[-79.10203,43.18209],[-79.10003,43.18079],[-79.09891,43.17973],[-79.09813,43.17841],[-79.09802,43.17731],[-79.09772,43.17644],[-79.09705,43.1758],[-79.09582,43.17558],[-79.09457,43.17444],[-79.09412,43.17457],[-79.09398,43.1751],[-79.0944,43.17587],[-79.09531,43.1766],[-79.09615,43.17835],[-79.09714,43.17898],[-79.09794,43.18071],[-79.09838,43.18126],[-79.09883,43.18145],[-79.09978,43.18159],[-79.10143,43.18256],[-79.10171,43.18269]]]}},{"type":"Feature","properties":{"serie":"Berrien","texture":"VFSL","code_texture":"VFSL","drainage":"imparfait","pente":1.2,"classe_agricole":"1"},"geometry":{"type":"Polygon","coordinates":[[[-79.09543,43.18015],[-79.09627,43.18049],[-79.0969,43.18102],[-79.09679,43.18163],[-79.09755,43.18178],[-79.09872,43.1814],[-79.09838,43.18126],[-79.09794,43.18071],[-79.09714,43.17898],[-79.09615,43.17835],[-79.09531,43.1766],[-79.0944,43.17587],[-79.09398,43.1751],[-79.09407,43.17474],[-79.09325,43.17424],[-79.09286,43.17425],[-79.09266,43.17459],[-79.09272,43.17547],[-79.09319,43.17617],[-79.09396,43.17651],[-79.09535,43.17945],[-79.09543,43.18015]]]}},{"type":"Feature","properties":{"serie":"Chinguacousy - Loamy Phase","texture":"loam limoneux","code_texture":"SIL","drainage":"imparfait","pente":1.2,"classe_agricole":"2"},"geometry":{"type":"Polygon","coordinates":[[[-79.10481,43.18226],[-79.1059,43.18217],[-79.10664,43.18239],[-79.10723,43.18278],[-79.10761,43.18324],[-79.108,43.18406],[-79.10822,43.18486],[-79.10877,43.18509],[-79.10965,43.18483],[-79.11023,43.18438],[-79.11026,43.18387],[-79.10963,43.18334],[-79.10953,43.18264],[-79.10977,43.18192],[-79.10941,43.18101],[-79.10898,43.18057],[-79.10744,43.18134],[-79.10657,43.18154],[-79.1048,43.1816],[-79.10467,43.18185],[-79.10468,43.18218],[-79.10481,43.18226]]]}},{"type":"Feature","properties":{"serie":"Not Mapped","texture":"NA","code_texture":"NA","drainage":null,"pente":-9,"classe_agricole":"0"},"geometry":{"type":"Polygon","coordinates":[[[-79.13506,43.18944],[-79.13512,43.1914],[-79.13626,43.19083],[-79.13617,43.18946],[-79.13759,43.18933],[-79.13774,43.18844],[-79.13754,43.18773],[-79.13501,43.18781],[-79.13506,43.18944]]]}},{"type":"Feature","properties":{"serie":"Chinguacousy - Loamy Phase","texture":"loam limoneux","code_texture":"SIL","drainage":"imparfait","pente":1.2,"classe_agricole":"2"},"geometry":{"type":"Polygon","coordinates":[[[-79.09804,43.18757],[-79.09984,43.18754],[-79.10004,43.18719],[-79.10025,43.18707],[-79.09958,43.18644],[-79.09872,43.18616],[-79.09867,43.18556],[-79.09914,43.185],[-79.0989,43.18415],[-79.0983,43.18365],[-79.09805,43.18315],[-79.09851,43.18291],[-79.0993,43.18326],[-79.10017,43.18401],[-79.10122,43.18435],[-79.10245,43.18443],[-79.1023,43.1839],[-79.10295,43.18405],[-79.10361,43.18384],[-79.1022,43.18346],[-79.1018,43.18298],[-79.10171,43.18269],[-79.09978,43.18159],[-79.09872,43.1814],[-79.09755,43.18178],[-79.09679,43.18163],[-79.0969,43.18102],[-79.09627,43.18049],[-79.09543,43.18015],[-79.0955,43.18084],[-79.09605,43.18219],[-79.09749,43.18463],[-79.09764,43.18681],[-79.09804,43.18757]]]}},{"type":"Feature","properties":{"serie":"Chinguacousy - Loamy Phase","texture":"loam limoneux","code_texture":"SIL","drainage":"imparfait","pente":3.5,"classe_agricole":"2"},"geometry":{"type":"Polygon","coordinates":[[[-79.14804,43.19453],[-79.14745,43.19512],[-79.14727,43.19575],[-79.14755,43.19606],[-79.14796,43.19611],[-79.149,43.19554],[-79.1499,43.1952],[-79.1502,43.1945],[-79.14964,43.19388],[-79.14859,43.19334],[-79.14858,43.19292],[-79.14961,43.1923],[-79.14948,43.19156],[-79.14852,43.19158],[-79.14727,43.19221],[-79.14621,43.19257],[-79.14485,43.19277],[-79.14335,43.19267],[-79.14257,43.19299],[-79.14209,43.19384],[-79.14235,43.19448],[-79.14338,43.1946],[-79.14469,43.1945],[-79.14749,43.19401],[-79.14804,43.19453]]]}},{"type":"Feature","properties":{"serie":"Jeddo","texture":"loam argileux","code_texture":"CL","drainage":"pauvre","pente":1.2,"classe_agricole":"3"},"geometry":{"type":"Polygon","coordinates":[[[-79.09533,43.18677],[-79.09654,43.1876],[-79.09804,43.18757],[-79.09764,43.18681],[-79.09749,43.18463],[-79.09605,43.18219],[-79.09554,43.18094],[-79.09508,43.18105],[-79.09374,43.18066],[-79.09345,43.18095],[-79.09382,43.18114],[-79.09404,43.18203],[-79.0949,43.18238],[-79.09487,43.1833],[-79.0956,43.18433],[-79.09606,43.18529],[-79.09512,43.18661],[-79.09533,43.18677]]]}},{"type":"Feature","properties":{"serie":"Chinguacousy - Loamy Phase","texture":"loam limoneux","code_texture":"SIL","drainage":"imparfait","pente":1.2,"classe_agricole":"2"},"geometry":{"type":"Polygon","coordinates":[[[-79.10573,43.18543],[-79.10618,43.18542],[-79.10702,43.18593],[-79.10775,43.18778],[-79.10831,43.18816],[-79.10921,43.18833],[-79.11012,43.18866],[-79.11073,43.18854],[-79.11102,43.18806],[-79.11108,43.18701],[-79.11065,43.18666],[-79.10991,43.18625],[-79.10877,43.18605],[-79.10784,43.18564],[-79.10703,43.18508],[-79.10657,43.18432],[-79.10645,43.18351],[-79.10628,43.18317],[-79.10579,43.18331],[-79.10432,43.18302],[-79.10393,43.18315],[-79.10436,43.18407],[-79.10499,43.18461],[-79.10532,43.18521],[-79.10573,43.18543]]]}},{"type":"Feature","properties":{"serie":"Tavistock - Till Red Phase","texture":"VFSL","code_texture":"VFSL","drainage":"imparfait","pente":3.5,"classe_agricole":"2"},"geometry":{"type":"Polygon","coordinates":[[[-79.10245,43.18443],[-79.10336,43.18454],[-79.10415,43.18496],[-79.10433,43.18572],[-79.10472,43.18636],[-79.10546,43.1859],[-79.10573,43.18543],[-79.10532,43.18521],[-79.10499,43.18461],[-79.10436,43.18407],[-79.10393,43.18315],[-79.10317,43.18305],[-79.10243,43.18277],[-79.10171,43.18269],[-79.1018,43.18298],[-79.1022,43.18346],[-79.10361,43.18384],[-79.10295,43.18405],[-79.1023,43.1839],[-79.10242,43.18425],[-79.10245,43.18443]]]}},{"type":"Feature","properties":{"serie":"Chinguacousy - Loamy Phase","texture":"loam limoneux","code_texture":"SIL","drainage":"imparfait","pente":1.2,"classe_agricole":"2"},"geometry":{"type":"Polygon","coordinates":[[[-79.11252,43.18752],[-79.11304,43.18813],[-79.11334,43.18904],[-79.11353,43.1893],[-79.11378,43.18941],[-79.11417,43.18933],[-79.11511,43.18837],[-79.11552,43.18781],[-79.11551,43.1872],[-79.11493,43.18697],[-79.11424,43.18719],[-79.11377,43.18708],[-79.11404,43.18644],[-79.11369,43.18613],[-79.11305,43.18594],[-79.11253,43.18497],[-79.11198,43.18507],[-79.11216,43.18594],[-79.11243,43.18664],[-79.11252,43.18752]]]}},{"type":"Feature","properties":{"serie":"Chinguacousy - Loamy Phase","texture":"loam limoneux","code_texture":"SIL","drainage":"imparfait","pente":3.5,"classe_agricole":"2"},"geometry":{"type":"Polygon","coordinates":[[[-79.13862,43.19042],[-79.13717,43.19157],[-79.13753,43.19221],[-79.13932,43.19334],[-79.13998,43.19326],[-79.14049,43.19297],[-79.14071,43.19231],[-79.14073,43.19169],[-79.14068,43.19156],[-79.14014,43.19127],[-79.13991,43.19085],[-79.13874,43.19043],[-79.13862,43.19042]]]}},{"type":"Feature","properties":{"serie":"Chinguacousy","texture":"loam argileux","code_texture":"CL","drainage":"imparfait","pente":1.2,"classe_agricole":"2"},"geometry":{"type":"Polygon","coordinates":[[[-79.13512,43.1914],[-79.13402,43.19208],[-79.13387,43.1923],[-79.13383,43.19267],[-79.13419,43.19321],[-79.13613,43.19415],[-79.13658,43.19509],[-79.13628,43.19606],[-79.13561,43.19678],[-79.13473,43.19751],[-79.13411,43.19822],[-79.13426,43.19883],[-79.1351,43.19949],[-79.13593,43.19989],[-79.13613,43.20083],[-79.13635,43.20101],[-79.13667,43.20054],[-79.13685,43.19894],[-79.13718,43.19816],[-79.13923,43.19636],[-79.14077,43.19593],[-79.1407,43.19567],[-79.14071,43.19477],[-79.1405,43.19438],[-79.14057,43.19398],[-79.14111,43.19342],[-79.14148,43.19269],[-79.14156,43.19212],[-79.14123,43.19175],[-79.14068,43.19156],[-79.14071,43.19231],[-79.14049,43.19297],[-79.13998,43.19326],[-79.13932,43.19334],[-79.13753,43.19221],[-79.13717,43.19157],[-79.13862,43.19042],[-79.13793,43.19036],[-79.13735,43.19047],[-79.1359,43.19098],[-79.13512,43.1914]]]}},{"type":"Feature","properties":{"serie":"Jeddo","texture":"loam argileux","code_texture":"CL","drainage":"pauvre","pente":1.2,"classe_agricole":"3"},"geometry":{"type":"Polygon","coordinates":[[[-79.10025,43.18707],[-79.1007,43.18749],[-79.10259,43.18729],[-79.1036,43.1874],[-79.10374,43.18713],[-79.10425,43.1866],[-79.10472,43.18636],[-79.10433,43.18572],[-79.10415,43.18496],[-79.10336,43.18454],[-79.10122,43.18435],[-79.10017,43.18401],[-79.0993,43.18326],[-79.09851,43.18291],[-79.09805,43.18315],[-79.0983,43.18365],[-79.0989,43.18415],[-79.09914,43.185],[-79.09867,43.18556],[-79.09872,43.18616],[-79.09958,43.18644],[-79.10025,43.18707]]]}},{"type":"Feature","properties":{"serie":"Chinguacousy - Loamy Phase","texture":"loam limoneux","code_texture":"SIL","drainage":"imparfait","pente":1.2,"classe_agricole":"2"},"geometry":{"type":"Polygon","coordinates":[[[-79.1181,43.1882],[-79.11724,43.18859],[-79.11631,43.18871],[-79.11553,43.18903],[-79.11559,43.18976],[-79.11679,43.19045],[-79.11704,43.1908],[-79.11722,43.19086],[-79.11903,43.19086],[-79.11958,43.19066],[-79.11964,43.19015],[-79.11923,43.18965],[-79.11922,43.18915],[-79.11959,43.1886],[-79.11951,43.18803],[-79.11892,43.18788],[-79.1181,43.1882]]]}},{"type":"Feature","properties":{"serie":"Tavistock - Till Red Phase","texture":"VFSL","code_texture":"VFSL","drainage":"imparfait","pente":1.2,"classe_agricole":"1"},"geometry":{"type":"Polygon","coordinates":[[[-79.10655,43.19124],[-79.10702,43.1914],[-79.10796,43.19206],[-79.10875,43.19216],[-79.10927,43.19181],[-79.10934,43.19122],[-79.10963,43.1908],[-79.11014,43.19088],[-79.11051,43.19145],[-79.11088,43.19151],[-79.11247,43.19135],[-79.11308,43.19143],[-79.11308,43.19122],[-79.11225,43.18913],[-79.1121,43.18815],[-79.11176,43.18742],[-79.11108,43.18701],[-79.11102,43.18806],[-79.11073,43.18854],[-79.11012,43.18866],[-79.10921,43.18833],[-79.10831,43.18816],[-79.10775,43.18778],[-79.10702,43.18593],[-79.10618,43.18542],[-79.10573,43.18543],[-79.10546,43.1859],[-79.10472,43.18636],[-79.10526,43.18743],[-79.10521,43.18847],[-79.10574,43.18917],[-79.10671,43.18908],[-79.10774,43.18921],[-79.10869,43.18911],[-79.10918,43.18942],[-79.10885,43.18976],[-79.10789,43.18988],[-79.1069,43.19016],[-79.10652,43.19068],[-79.10654,43.1911],[-79.10655,43.19124]]]}},{"type":"Feature","properties":{"serie":"Jeddo - Loamy Phase","texture":"loam","code_texture":"L","drainage":"pauvre","pente":1.2,"classe_agricole":"3"},"geometry":{"type":"Polygon","coordinates":[[[-79.1036,43.1874],[-79.10409,43.18772],[-79.10426,43.18859],[-79.10467,43.1894],[-79.10478,43.1902],[-79.10462,43.19113],[-79.10467,43.19158],[-79.10529,43.19212],[-79.10558,43.19151],[-79.10622,43.19112],[-79.10655,43.19124],[-79.10652,43.19068],[-79.1069,43.19016],[-79.10789,43.18988],[-79.10885,43.18976],[-79.10918,43.18942],[-79.10869,43.18911],[-79.10774,43.18921],[-79.10671,43.18908],[-79.10574,43.18917],[-79.10521,43.18847],[-79.10526,43.18743],[-79.10472,43.18636],[-79.10425,43.1866],[-79.10374,43.18713],[-79.1036,43.1874]]]}},{"type":"Feature","properties":{"serie":"Chinguacousy - Loamy Phase","texture":"loam limoneux","code_texture":"SIL","drainage":"imparfait","pente":1.2,"classe_agricole":"2"},"geometry":{"type":"Polygon","coordinates":[[[-79.137,43.20836],[-79.1376,43.20849],[-79.138,43.20836],[-79.13823,43.20816],[-79.13893,43.20685],[-79.13968,43.20592],[-79.13885,43.2057],[-79.13898,43.20458],[-79.14002,43.2036],[-79.14061,43.20266],[-79.14044,43.20169],[-79.14085,43.20094],[-79.1417,43.2004],[-79.14285,43.19997],[-79.14416,43.19992],[-79.14556,43.20006],[-79.14673,43.20005],[-79.14782,43.19987],[-79.14804,43.19931],[-79.1489,43.19904],[-79.1499,43.19889],[-79.15057,43.19834],[-79.15103,43.19821],[-79.1515,43.19841],[-79.15204,43.19824],[-79.15315,43.19758],[-79.15252,43.19685],[-79.15237,43.19644],[-79.15144,43.1964],[-79.15066,43.19649],[-79.15,43.19675],[-79.14951,43.19714],[-79.14904,43.19735],[-79.14919,43.19755],[-79.15006,43.19784],[-79.14993,43.19829],[-79.14909,43.19835],[-79.14821,43.19823],[-79.14604,43.19868],[-79.14304,43.19884],[-79.14097,43.19965],[-79.13989,43.19971],[-79.13786,43.20061],[-79.13777,43.2013],[-79.138,43.20339],[-79.13737,43.20406],[-79.13708,43.20472],[-79.13695,43.20537],[-79.13582,43.20675],[-79.13643,43.20737],[-79.13688,43.20801],[-79.137,43.20836]]]}},{"type":"Feature","properties":{"serie":"Jeddo","texture":"loam argileux","code_texture":"CL","drainage":"pauvre","pente":1.2,"classe_agricole":"3"},"geometry":{"type":"Polygon","coordinates":[[[-79.11974,43.20179],[-79.1201,43.20171],[-79.12087,43.20174],[-79.12168,43.20214],[-79.12262,43.20313],[-79.12316,43.20124],[-79.12392,43.20086],[-79.12773,43.20078],[-79.12888,43.20036],[-79.13017,43.19955],[-79.13204,43.19879],[-79.13215,43.1983],[-79.1302,43.19803],[-79.12921,43.19759],[-79.12884,43.19671],[-79.1292,43.19581],[-79.13017,43.19556],[-79.13078,43.195],[-79.13023,43.1945],[-79.12999,43.19393],[-79.13001,43.19323],[-79.12962,43.19258],[-79.12875,43.19252],[-79.12694,43.19381],[-79.12585,43.19375],[-79.12442,43.19287],[-79.12388,43.19334],[-79.12409,43.19416],[-79.12565,43.19532],[-79.12563,43.19586],[-79.12541,43.19654],[-79.12622,43.19783],[-79.1262,43.1982],[-79.12583,43.19869],[-79.12492,43.19912],[-79.12367,43.19943],[-79.12252,43.19986],[-79.1203,43.20122],[-79.11982,43.20161],[-79.11974,43.20179]]]}},{"type":"Feature","properties":{"serie":"Jeddo - Loamy Phase","texture":"loam","code_texture":"L","drainage":"pauvre","pente":1.2,"classe_agricole":"3"},"geometry":{"type":"Polygon","coordinates":[[[-79.10024,43.18908],[-79.10031,43.18932],[-79.1011,43.19044],[-79.10205,43.19134],[-79.10305,43.19163],[-79.10401,43.19136],[-79.10377,43.19192],[-79.10338,43.19235],[-79.10487,43.19223],[-79.1052,43.19237],[-79.10529,43.19212],[-79.10467,43.19158],[-79.10462,43.19113],[-79.10478,43.1902],[-79.10467,43.1894],[-79.10426,43.18859],[-79.10409,43.18772],[-79.1036,43.1874],[-79.10259,43.18729],[-79.1007,43.18749],[-79.10025,43.18707],[-79.10004,43.18719],[-79.09984,43.18754],[-79.1,43.18824],[-79.10024,43.18908]]]}},{"type":"Feature","properties":{"serie":"Chinguacousy - Loamy Phase","texture":"loam limoneux","code_texture":"SIL","drainage":"imparfait","pente":3.5,"classe_agricole":"2"},"geometry":{"type":"Polygon","coordinates":[[[-79.13947,43.19773],[-79.14018,43.19769],[-79.14053,43.19794],[-79.14093,43.19773],[-79.14125,43.1973],[-79.14189,43.19729],[-79.14272,43.19699],[-79.1453,43.19705],[-79.14586,43.19683],[-79.14546,43.19639],[-79.14452,43.19598],[-79.14383,43.19607],[-79.14337,43.19583],[-79.14282,43.19582],[-79.14199,43.19597],[-79.14186,43.19625],[-79.14137,43.19659],[-79.13996,43.19684],[-79.13957,43.1974],[-79.13947,43.19773]]]}},{"type":"Feature","properties":{"serie":"Chinguacousy - Loamy Phase","texture":"loam limoneux","code_texture":"SIL","drainage":"imparfait","pente":3.5,"classe_agricole":"2"},"geometry":{"type":"Polygon","coordinates":[[[-79.13816,43.19893],[-79.13786,43.20061],[-79.13989,43.19971],[-79.14097,43.19965],[-79.14304,43.19884],[-79.14604,43.19868],[-79.14821,43.19823],[-79.14909,43.19835],[-79.14993,43.19829],[-79.15006,43.19784],[-79.14919,43.19755],[-79.14876,43.19697],[-79.14807,43.1968],[-79.14713,43.19767],[-79.14378,43.19821],[-79.14073,43.19888],[-79.13873,43.19891],[-79.13816,43.19893]]]}},{"type":"Feature","properties":{"serie":"Not Mapped","texture":"NA","code_texture":"NA","drainage":null,"pente":-9,"classe_agricole":"0"},"geometry":{"type":"Polygon","coordinates":[[[-79.09779,43.18924],[-79.09871,43.18929],[-79.10024,43.18908],[-79.09984,43.18754],[-79.09535,43.18762],[-79.0954,43.1884],[-79.09637,43.18842],[-79.09646,43.18924],[-79.09738,43.18924],[-79.09779,43.18924]]]}},{"type":"Feature","properties":{"serie":"Chinguacousy - Loamy Phase","texture":"loam limoneux","code_texture":"SIL","drainage":"imparfait","pente":1.2,"classe_agricole":"2"},"geometry":{"type":"Polygon","coordinates":[[[-79.09309,43.18771],[-79.09339,43.18986],[-79.09364,43.19072],[-79.09423,43.19144],[-79.09496,43.192],[-79.09524,43.1915],[-79.096,43.19107],[-79.09742,43.19055],[-79.09763,43.19063],[-79.09793,43.18997],[-79.09779,43.18924],[-79.09646,43.18924],[-79.09637,43.18842],[-79.0954,43.1884],[-79.09535,43.18762],[-79.09654,43.1876],[-79.09533,43.18677],[-79.09429,43.18799],[-79.09365,43.1881],[-79.09327,43.18791],[-79.09309,43.18771]]]}},{"type":"Feature","properties":{"serie":"Jeddo - Loamy Phase","texture":"loam","code_texture":"L","drainage":"pauvre","pente":1.2,"classe_agricole":"3"},"geometry":{"type":"Polygon","coordinates":[[[-79.10271,43.19649],[-79.10302,43.1968],[-79.10359,43.19707],[-79.10444,43.19707],[-79.10525,43.19721],[-79.10526,43.1966],[-79.10496,43.19604],[-79.10512,43.19496],[-79.10603,43.19425],[-79.10641,43.19365],[-79.10619,43.19222],[-79.10668,43.19182],[-79.1072,43.19215],[-79.10746,43.1926],[-79.10833,43.19279],[-79.10928,43.19282],[-79.11014,43.19328],[-79.11125,43.19341],[-79.11194,43.19382],[-79.11246,43.19501],[-79.11287,43.19473],[-79.11327,43.19414],[-79.11321,43.19343],[-79.11301,43.19274],[-79.11317,43.19174],[-79.11308,43.19143],[-79.11247,43.19135],[-79.11088,43.19151],[-79.11051,43.19145],[-79.11014,43.19088],[-79.10963,43.1908],[-79.10934,43.19122],[-79.10927,43.19181],[-79.10875,43.19216],[-79.10796,43.19206],[-79.10702,43.1914],[-79.10622,43.19112],[-79.10558,43.19151],[-79.1052,43.19237],[-79.10547,43.19302],[-79.10555,43.19379],[-79.10496,43.19405],[-79.10396,43.19374],[-79.10373,43.19381],[-79.10351,43.19446],[-79.10345,43.19534],[-79.10324,43.19592],[-79.10309,43.19607],[-79.10271,43.19649]]]}},{"type":"Feature","properties":{"serie":"Vineland","texture":"VFSL","code_texture":"VFSL","drainage":"imparfait","pente":1.2,"classe_agricole":"1"},"geometry":{"type":"Polygon","coordinates":[[[-79.10373,43.19381],[-79.10396,43.19374],[-79.10496,43.19405],[-79.10555,43.19379],[-79.10547,43.19302],[-79.1052,43.19237],[-79.10487,43.19223],[-79.10338,43.19235],[-79.10377,43.19192],[-79.10401,43.19136],[-79.10305,43.19163],[-79.10205,43.19134],[-79.1011,43.19044],[-79.10031,43.18932],[-79.10024,43.18908],[-79.09871,43.18929],[-79.09927,43.19118],[-79.09972,43.19169],[-79.10045,43.19193],[-79.10102,43.1924],[-79.10126,43.19296],[-79.10129,43.19338],[-79.10112,43.19383],[-79.10209,43.19396],[-79.1031,43.19366],[-79.10373,43.19381]]]}},{"type":"Feature","properties":{"serie":"Jeddo","texture":"loam argileux","code_texture":"CL","drainage":"pauvre","pente":1.2,"classe_agricole":"3"},"geometry":{"type":"Polygon","coordinates":[[[-79.09763,43.19063],[-79.09774,43.19068],[-79.09805,43.19126],[-79.09885,43.19154],[-79.09972,43.19169],[-79.09927,43.19118],[-79.09871,43.18929],[-79.09779,43.18924],[-79.09793,43.18997],[-79.09775,43.19046],[-79.09763,43.19063]]]}},{"type":"Feature","properties":{"serie":"Chinguacousy - Loamy Phase","texture":"loam limoneux","code_texture":"SIL","drainage":"imparfait","pente":1.2,"classe_agricole":"2"},"geometry":{"type":"Polygon","coordinates":[[[-79.11647,43.19554],[-79.11795,43.1943],[-79.1181,43.19386],[-79.11802,43.19358],[-79.11743,43.19356],[-79.1167,43.1939],[-79.11428,43.19561],[-79.11647,43.19554]]]}},{"type":"Feature","properties":{"serie":"Chinguacousy - Loamy Phase","texture":"loam limoneux","code_texture":"SIL","drainage":"imparfait","pente":1.2,"classe_agricole":"2"},"geometry":{"type":"Polygon","coordinates":[[[-79.10271,43.19649],[-79.10165,43.1973],[-79.10125,43.19791],[-79.10139,43.19841],[-79.10135,43.19922],[-79.10241,43.19869],[-79.10289,43.19873],[-79.10355,43.19836],[-79.1056,43.19814],[-79.1094,43.19687],[-79.11015,43.19675],[-79.11071,43.19679],[-79.11216,43.19556],[-79.11246,43.19501],[-79.11194,43.19382],[-79.11125,43.19341],[-79.11014,43.19328],[-79.10928,43.19282],[-79.10833,43.19279],[-79.10746,43.1926],[-79.1072,43.19215],[-79.10668,43.19182],[-79.10619,43.19222],[-79.10641,43.19365],[-79.10603,43.19425],[-79.10512,43.19496],[-79.10496,43.19604],[-79.10526,43.1966],[-79.10525,43.19721],[-79.10444,43.19707],[-79.10359,43.19707],[-79.10302,43.1968],[-79.10271,43.19649]]]}},{"type":"Feature","properties":{"serie":"Chinguacousy - Loamy Phase","texture":"loam limoneux","code_texture":"SIL","drainage":"imparfait","pente":1.2,"classe_agricole":"2"},"geometry":{"type":"Polygon","coordinates":[[[-79.09074,43.18948],[-79.09148,43.19022],[-79.09185,43.19081],[-79.0919,43.19212],[-79.09202,43.19239],[-79.09228,43.19243],[-79.09268,43.19214],[-79.09293,43.19144],[-79.09297,43.19072],[-79.09277,43.18987],[-79.09234,43.18902],[-79.09127,43.18938],[-79.09074,43.18948]]]}},{"type":"Feature","properties":{"serie":"Not Mapped","texture":"NA","code_texture":"NA","drainage":null,"pente":-9,"classe_agricole":"0"},"geometry":{"type":"Polygon","coordinates":[[[-79.12078,43.19812],[-79.12348,43.19818],[-79.12339,43.1954],[-79.11428,43.19561],[-79.11427,43.19723],[-79.1202,43.19726],[-79.12024,43.19812],[-79.12078,43.19812]]]}},{"type":"Feature","properties":{"serie":"Chinguacousy - Loamy Phase","texture":"loam limoneux","code_texture":"SIL","drainage":"imparfait","pente":1.2,"classe_agricole":"2"},"geometry":{"type":"Polygon","coordinates":[[[-79.09496,43.192],[-79.09457,43.1924],[-79.09432,43.1929],[-79.09454,43.19327],[-79.0958,43.19416],[-79.096,43.19468],[-79.09562,43.19538],[-79.09513,43.19586],[-79.09487,43.19627],[-79.09493,43.19665],[-79.09524,43.1968],[-79.09612,43.19667],[-79.09669,43.19636],[-79.0971,43.19595],[-79.09753,43.19503],[-79.09769,43.19485],[-79.09809,43.19487],[-79.09808,43.19439],[-79.09787,43.19395],[-79.09817,43.19373],[-79.09862,43.19373],[-79.09891,43.19351],[-79.0993,43.19343],[-79.09899,43.19296],[-79.09912,43.1925],[-79.09961,43.19252],[-79.10023,43.19324],[-79.10112,43.19383],[-79.10129,43.19338],[-79.10126,43.19296],[-79.10102,43.1924],[-79.10045,43.19193],[-79.09805,43.19126],[-79.09774,43.19068],[-79.09742,43.19055],[-79.096,43.19107],[-79.09524,43.1915],[-79.09496,43.192]]]}},{"type":"Feature","properties":{"serie":"Chinguacousy","texture":"loam argileux","code_texture":"CL","drainage":"imparfait","pente":1.2,"classe_agricole":"2"},"geometry":{"type":"Polygon","coordinates":[[[-79.14305,43.20065],[-79.14264,43.20211],[-79.14261,43.20269],[-79.14315,43.20363],[-79.14313,43.20471],[-79.14244,43.20553],[-79.14301,43.20612],[-79.14444,43.20637],[-79.14482,43.20594],[-79.14486,43.20571],[-79.14458,43.20481],[-79.14453,43.20403],[-79.14424,43.20331],[-79.14415,43.20248],[-79.14432,43.20174],[-79.14407,43.20106],[-79.14354,43.20061],[-79.14305,43.20065]]]}},{"type":"Feature","properties":{"serie":"Jeddo - Loamy Phase","texture":"loam","code_texture":"L","drainage":"pauvre","pente":1.2,"classe_agricole":"3"},"geometry":{"type":"Polygon","coordinates":[[[-79.10126,43.19604],[-79.10178,43.19582],[-79.1025,43.19573],[-79.10309,43.19607],[-79.10324,43.19592],[-79.10345,43.19534],[-79.10351,43.19446],[-79.10373,43.19381],[-79.1031,43.19366],[-79.10209,43.19396],[-79.10112,43.19383],[-79.10023,43.19324],[-79.09961,43.19252],[-79.09912,43.1925],[-79.09899,43.19296],[-79.10113,43.19578],[-79.10126,43.19604]]]}},{"type":"Feature","properties":{"serie":"Chinguacousy - Loamy Phase","texture":"loam limoneux","code_texture":"SIL","drainage":"imparfait","pente":1.2,"classe_agricole":"2"},"geometry":{"type":"Polygon","coordinates":[[[-79.11306,43.20031],[-79.11352,43.20098],[-79.11395,43.2014],[-79.11453,43.20099],[-79.11504,43.19988],[-79.11578,43.1997],[-79.11658,43.20003],[-79.11706,43.20053],[-79.118,43.2011],[-79.11888,43.20125],[-79.12049,43.20042],[-79.12068,43.20041],[-79.12109,43.19961],[-79.12112,43.19909],[-79.12078,43.19812],[-79.12024,43.19812],[-79.1202,43.19726],[-79.11427,43.19723],[-79.11428,43.19561],[-79.11339,43.1962],[-79.11198,43.19754],[-79.11235,43.19757],[-79.11263,43.19796],[-79.11248,43.19853],[-79.11274,43.19903],[-79.11365,43.19909],[-79.1135,43.19966],[-79.11306,43.20031]]]}},{"type":"Feature","properties":{"serie":"Tavistock - Till Phase","texture":"loam","code_texture":"L","drainage":"imparfait","pente":1.2,"classe_agricole":"1"},"geometry":{"type":"Polygon","coordinates":[[[-79.09809,43.19487],[-79.0986,43.19612],[-79.09872,43.19733],[-79.09909,43.19749],[-79.09933,43.19735],[-79.09967,43.19708],[-79.09996,43.19658],[-79.09987,43.19608],[-79.09924,43.19581],[-79.0991,43.19535],[-79.09919,43.1947],[-79.09901,43.19405],[-79.09862,43.19373],[-79.09817,43.19373],[-79.09787,43.19395],[-79.09808,43.19439],[-79.09809,43.19487]]]}},{"type":"Feature","properties":{"serie":"Jeddo - Red Phase","texture":"loam limono-argileux","code_texture":"SICL","drainage":"pauvre","pente":1.2,"classe_agricole":"3"},"geometry":{"type":"Polygon","coordinates":[[[-79.14086,43.23563],[-79.14114,43.23555],[-79.14126,43.23593],[-79.14108,43.23646],[-79.14072,43.23697],[-79.13982,43.23755],[-79.13957,43.23793],[-79.1398,43.23829],[-79.14201,43.23841],[-79.14317,43.23832],[-79.14365,43.23782],[-79.14263,43.23751],[-79.14234,43.23724],[-79.14221,43.23676],[-79.14226,43.23603],[-79.14257,43.23521],[-79.14312,43.23437],[-79.14381,43.2336],[-79.14424,43.23281],[-79.14479,43.23234],[-79.14498,43.23263],[-79.14503,43.23293],[-79.14584,43.23294],[-79.14626,43.23182],[-79.14666,43.23163],[-79.14705,43.23168],[-79.14713,43.23223],[-79.14669,43.23302],[-79.1468,43.23339],[-79.1472,43.2335],[-79.14768,43.23329],[-79.14813,43.23267],[-79.14842,43.23089],[-79.14839,43.23035],[-79.14814,43.22963],[-79.14848,43.22874],[-79.14929,43.22767],[-79.14943,43.22671],[-79.14976,43.22605],[-79.15069,43.22624],[-79.15155,43.2267],[-79.1525,43.22677],[-79.15399,43.22622],[-79.1555,43.22546],[-79.15663,43.22467],[-79.15751,43.22426],[-79.15841,43.22437],[-79.15881,43.22479],[-79.15885,43.22544],[-79.15862,43.22615],[-79.15788,43.22703],[-79.15669,43.22793],[-79.15597,43.22835],[-79.15615,43.22845],[-79.1566,43.22907],[-79.15776,43.22802],[-79.15861,43.22747],[-79.15927,43.22729],[-79.16012,43.22588],[-79.16053,43.22496],[-79.16052,43.22416],[-79.15899,43.22312],[-79.15913,43.22265],[-79.15991,43.22264],[-79.16052,43.22242],[-79.16136,43.22184],[-79.16199,43.22167],[-79.16243,43.22167],[-79.16211,43.21986],[-79.16168,43.22021],[-79.16076,43.22134],[-79.16018,43.22181],[-79.15941,43.22193],[-79.15865,43.2216],[-79.15859,43.22147],[-79.1567,43.22193],[-79.15521,43.22276],[-79.15443,43.22258],[-79.15347,43.22202],[-79.15286,43.22103],[-79.15275,43.2199],[-79.15435,43.21903],[-79.15242,43.21844],[-79.153,43.21788],[-79.15489,43.21727],[-79.15479,43.21708],[-79.15401,43.2168],[-79.15377,43.21653],[-79.15386,43.21607],[-79.15413,43.21552],[-79.15414,43.21503],[-79.15435,43.21459],[-79.15404,43.21458],[-79.15373,43.21436],[-79.15337,43.21457],[-79.15274,43.21465],[-79.15204,43.21423],[-79.1517,43.21459],[-79.15149,43.21501],[-79.15147,43.21556],[-79.15167,43.21624],[-79.15164,43.21687],[-79.1509,43.21758],[-79.15125,43.21808],[-79.1513,43.21885],[-79.15029,43.22034],[-79.14963,43.22074],[-79.14925,43.22112],[-79.14884,43.22118],[-79.14784,43.22081],[-79.14717,43.22092],[-79.14672,43.22135],[-79.1463,43.22196],[-79.14606,43.22305],[-79.14532,43.22389],[-79.14063,43.22488],[-79.14044,43.22521],[-79.1405,43.22594],[-79.14112,43.22568],[-79.14126,43.22608],[-79.14095,43.22657],[-79.14045,43.22695],[-79.14051,43.22704],[-79.14044,43.22749],[-79.13977,43.22883],[-79.13977,43.22958],[-79.14023,43.23137],[-79.14078,43.23177],[-79.14282,43.23187],[-79.14317,43.23245],[-79.14301,43.23315],[-79.1425,43.23382],[-79.14163,43.23426],[-79.14105,43.23438],[-79.1408,43.2352],[-79.14086,43.23563]],[[-79.14514,43.22539],[-79.14552,43.22512],[-79.14611,43.22516],[-79.14671,43.22558],[-79.14702,43.22611],[-79.14696,43.22676],[-79.14656,43.22739],[-79.14579,43.22799],[-79.14497,43.22842],[-79.1443,43.22864],[-79.14395,43.22869],[-79.14344,43.2286],[-79.1429,43.22835],[-79.1424,43.22797],[-79.1417,43.2278],[-79.14176,43.22703],[-79.1426,43.2264],[-79.14388,43.22633],[-79.14474,43.22606],[-79.14514,43.22539]],[[-79.15054,43.2257],[-79.15029,43.22516],[-79.14906,43.22545],[-79.149,43.22495],[-79.14993,43.22344],[-79.15047,43.22128],[-79.15105,43.22088],[-79.15192,43.22104],[-79.15258,43.2226],[-79.15199,43.22345],[-79.15166,43.22437],[-79.1518,43.22534],[-79.15151,43.22592],[-79.15115,43.22609],[-79.15076,43.226],[-79.15054,43.2257]],[[-79.1473,43.22461],[-79.14729,43.22415],[-79.1468,43.22449],[-79.14601,43.22469],[-79.14556,43.22446],[-79.14597,43.22388],[-79.14678,43.22322],[-79.14717,43.2224],[-79.14735,43.22158],[-79.14784,43.2212],[-79.1489,43.22217],[-79.14903,43.22279],[-79.14857,43.22368],[-79.14829,43.22469],[-79.14828,43.22527],[-79.14805,43.22553],[-79.14771,43.22554],[-79.14753,43.22544],[-79.14742,43.22524],[-79.1473,43.22461]]]}},{"type":"Feature","properties":{"serie":"Chinguacousy","texture":"loam argileux","code_texture":"CL","drainage":"imparfait","pente":1.2,"classe_agricole":"2"},"geometry":{"type":"Polygon","coordinates":[[[-79.16391,43.22019],[-79.16358,43.22074],[-79.16389,43.22139],[-79.16444,43.2221],[-79.16461,43.22288],[-79.16428,43.2238],[-79.16358,43.22486],[-79.16255,43.22607],[-79.16199,43.22689],[-79.16209,43.22727],[-79.16317,43.22666],[-79.16436,43.22508],[-79.16504,43.22435],[-79.16637,43.22317],[-79.16675,43.22306],[-79.16705,43.22203],[-79.16713,43.22046],[-79.16788,43.21918],[-79.16732,43.21931],[-79.16647,43.21996],[-79.16568,43.22041],[-79.16495,43.22053],[-79.16437,43.22045],[-79.16391,43.22019]]]}},{"type":"Feature","properties":{"serie":"Oneida - Red Phase","texture":"loam argileux","code_texture":"CL","drainage":"modérément bon","pente":12,"classe_agricole":"4"},"geometry":{"type":"Polygon","coordinates":[[[-79.17954,43.22262],[-79.17956,43.22292],[-79.18013,43.22356],[-79.18026,43.22402],[-79.18019,43.2246],[-79.17957,43.22484],[-79.17858,43.22487],[-79.17797,43.22512],[-79.17867,43.22557],[-79.17955,43.22573],[-79.17994,43.22614],[-79.17971,43.22668],[-79.17877,43.22676],[-79.17916,43.22726],[-79.17935,43.22794],[-79.18018,43.22831],[-79.18051,43.22893],[-79.18021,43.22948],[-79.17986,43.22983],[-79.18003,43.23033],[-79.18056,43.23057],[-79.18151,43.23043],[-79.18197,43.2306],[-79.18225,43.23125],[-79.1818,43.23157],[-79.18165,43.23193],[-79.18227,43.23219],[-79.18328,43.23123],[-79.18356,43.23121],[-79.18289,43.23028],[-79.18235,43.2298],[-79.18153,43.22965],[-79.18108,43.2293],[-79.18116,43.22869],[-79.18101,43.22812],[-79.18038,43.22767],[-79.18013,43.22706],[-79.18055,43.2265],[-79.18074,43.22573],[-79.18074,43.22444],[-79.18102,43.22414],[-79.18071,43.22341],[-79.18173,43.22266],[-79.18164,43.22241],[-79.18009,43.22271],[-79.17973,43.22265],[-79.17954,43.22262]]]}},{"type":"Feature","properties":{"serie":"Not Mapped","texture":"NA","code_texture":"NA","drainage":null,"pente":-9,"classe_agricole":"0"},"geometry":{"type":"Polygon","coordinates":[[[-79.18102,43.22414],[-79.18074,43.22444],[-79.18074,43.22573],[-79.18055,43.2265],[-79.18013,43.22706],[-79.18038,43.22767],[-79.18101,43.22812],[-79.18116,43.22869],[-79.18108,43.2293],[-79.18153,43.22965],[-79.18235,43.2298],[-79.18289,43.23028],[-79.18249,43.22935],[-79.18215,43.22922],[-79.18186,43.22898],[-79.18144,43.22799],[-79.18138,43.22724],[-79.18169,43.22667],[-79.18206,43.22629],[-79.18193,43.22592],[-79.18156,43.2256],[-79.18151,43.22419],[-79.18111,43.22404],[-79.18102,43.22414]]]}},{"type":"Feature","properties":{"serie":"Tavistock - Red Phase","texture":"VFSL","code_texture":"VFSL","drainage":"imparfait","pente":3.5,"classe_agricole":"2"},"geometry":{"type":"Polygon","coordinates":[[[-79.16817,43.22355],[-79.16964,43.2248],[-79.17133,43.22763],[-79.17158,43.22882],[-79.17182,43.22868],[-79.17221,43.22824],[-79.17214,43.22661],[-79.1724,43.22578],[-79.17287,43.22494],[-79.17266,43.22438],[-79.17242,43.22454],[-79.17178,43.22552],[-79.1713,43.22565],[-79.17089,43.22525],[-79.17046,43.22448],[-79.16956,43.22383],[-79.16921,43.22292],[-79.16838,43.22276],[-79.16799,43.22312],[-79.16817,43.22355]]]}},{"type":"Feature","properties":{"serie":"Chinguacousy - Red Phase","texture":"loam argileux","code_texture":"CL","drainage":"imparfait","pente":1.2,"classe_agricole":"2"},"geometry":{"type":"Polygon","coordinates":[[[-79.15812,43.22867],[-79.15909,43.22949],[-79.15943,43.22961],[-79.15988,43.22957],[-79.1598,43.22796],[-79.16027,43.22711],[-79.16084,43.22632],[-79.16252,43.22448],[-79.16288,43.22357],[-79.16243,43.22167],[-79.16199,43.22167],[-79.16136,43.22184],[-79.16052,43.22242],[-79.15991,43.22264],[-79.15913,43.22265],[-79.15899,43.22312],[-79.16052,43.22416],[-79.16053,43.22496],[-79.16012,43.22588],[-79.15927,43.22729],[-79.15949,43.22749],[-79.15909,43.22796],[-79.15834,43.22849],[-79.15812,43.22867]]]}},{"type":"Feature","properties":{"serie":"Tavistock - Red Phase","texture":"VFSL","code_texture":"VFSL","drainage":"imparfait","pente":1.2,"classe_agricole":"1"},"geometry":{"type":"Polygon","coordinates":[[[-79.1683,43.23284],[-79.16915,43.23281],[-79.16905,43.23185],[-79.16991,43.23078],[-79.17028,43.2299],[-79.17098,43.22916],[-79.17158,43.22882],[-79.17133,43.22763],[-79.16964,43.2248],[-79.16817,43.22355],[-79.16786,43.22355],[-79.16675,43.22306],[-79.16637,43.22317],[-79.16504,43.22435],[-79.16436,43.22508],[-79.16317,43.22666],[-79.16209,43.22727],[-79.16202,43.22905],[-79.16251,43.22906],[-79.16322,43.22966],[-79.16412,43.22964],[-79.16516,43.22891],[-79.16567,43.22936],[-79.16636,43.22963],[-79.16648,43.2304],[-79.16732,43.23088],[-79.16809,43.2317],[-79.1683,43.23284]]]}},{"type":"Feature","properties":{"serie":"Chinguacousy - Red Phase","texture":"loam argileux","code_texture":"CL","drainage":"imparfait","pente":1.2,"classe_agricole":"2"},"geometry":{"type":"Polygon","coordinates":[[[-79.15054,43.2257],[-79.15076,43.226],[-79.15115,43.22609],[-79.15151,43.22592],[-79.1518,43.22534],[-79.15166,43.22437],[-79.15199,43.22345],[-79.15258,43.2226],[-79.15238,43.22199],[-79.15192,43.22104],[-79.15105,43.22088],[-79.15047,43.22128],[-79.14993,43.22344],[-79.149,43.22495],[-79.14906,43.22545],[-79.15029,43.22516],[-79.15054,43.2257]]]}},{"type":"Feature","properties":{"serie":"Chinguacousy - Red Phase","texture":"loam argileux","code_texture":"CL","drainage":"imparfait","pente":1.2,"classe_agricole":"2"},"geometry":{"type":"Polygon","coordinates":[[[-79.1473,43.22461],[-79.14753,43.22544],[-79.14771,43.22554],[-79.14805,43.22553],[-79.14828,43.22527],[-79.14829,43.22469],[-79.14857,43.22368],[-79.14903,43.22279],[-79.1489,43.22217],[-79.14784,43.2212],[-79.14735,43.22158],[-79.14717,43.2224],[-79.14678,43.22322],[-79.14597,43.22388],[-79.14556,43.22446],[-79.14601,43.22469],[-79.1468,43.22449],[-79.14729,43.22415],[-79.1473,43.22461]]]}},{"type":"Feature","properties":{"serie":"Not Mapped","texture":"NA","code_texture":"NA","drainage":null,"pente":-9,"classe_agricole":"0"},"geometry":{"type":"Polygon","coordinates":[[[-79.17235,43.22871],[-79.17274,43.22946],[-79.17315,43.23002],[-79.17432,43.22941],[-79.1754,43.22906],[-79.17565,43.22834],[-79.1753,43.22747],[-79.17286,43.22843],[-79.17235,43.22871]]]}},{"type":"Feature","properties":{"serie":"Water","texture":"NA","code_texture":"NA","drainage":null,"pente":-9,"classe_agricole":"W"},"geometry":{"type":"Polygon","coordinates":[[[-79.18755,43.2315],[-79.18734,43.23156],[-79.18731,43.23119],[-79.18773,43.23093],[-79.18805,43.23058],[-79.18767,43.23045],[-79.18764,43.23029],[-79.18735,43.23008],[-79.1867,43.22984],[-79.1863,43.22992],[-79.18624,43.23004],[-79.18608,43.23008],[-79.1848,43.22996],[-79.18468,43.22958],[-79.18465,43.22979],[-79.18449,43.22988],[-79.18476,43.23003],[-79.18605,43.23016],[-79.1865,43.22997],[-79.18705,43.23006],[-79.18731,43.23037],[-79.18707,43.23046],[-79.18742,43.23051],[-79.18762,43.23079],[-79.18749,43.23094],[-79.1871,43.2311],[-79.18721,43.23155],[-79.1874,43.23164],[-79.18765,43.23151],[-79.18755,43.2315]]]}},{"type":"Feature","properties":{"serie":"Vineland","texture":"VFSL","code_texture":"VFSL","drainage":"imparfait","pente":1.2,"classe_agricole":"1"},"geometry":{"type":"Polygon","coordinates":[[[-79.18356,43.23121],[-79.18394,43.23121],[-79.18459,43.2316],[-79.18526,43.23168],[-79.18565,43.23149],[-79.18603,43.23094],[-79.18579,43.23082],[-79.18499,43.23068],[-79.18451,43.23002],[-79.18376,43.22979],[-79.18271,43.22925],[-79.18249,43.22935],[-79.18289,43.23028],[-79.18328,43.23084],[-79.18356,43.23121]]]}},{"type":"Feature","properties":{"serie":"Chinguacousy - Red Phase","texture":"loam argileux","code_texture":"CL","drainage":"imparfait","pente":1.2,"classe_agricole":"2"},"geometry":{"type":"Polygon","coordinates":[[[-79.14503,43.23293],[-79.14498,43.23263],[-79.14479,43.23234],[-79.14424,43.23281],[-79.14381,43.2336],[-79.14312,43.23437],[-79.14257,43.23521],[-79.14226,43.23603],[-79.14221,43.23676],[-79.14234,43.23724],[-79.14263,43.23751],[-79.14365,43.23782],[-79.14461,43.23757],[-79.14528,43.23706],[-79.14684,43.23529],[-79.14795,43.23461],[-79.14987,43.23286],[-79.14977,43.23198],[-79.151,43.23074],[-79.15256,43.2297],[-79.15405,43.22901],[-79.15555,43.22859],[-79.15669,43.22793],[-79.15788,43.22703],[-79.15862,43.22615],[-79.15885,43.22544],[-79.15881,43.22479],[-79.15841,43.22437],[-79.15751,43.22426],[-79.15663,43.22467],[-79.1555,43.22546],[-79.15399,43.22622],[-79.1525,43.22677],[-79.15155,43.2267],[-79.15069,43.22624],[-79.14976,43.22605],[-79.14943,43.22671],[-79.14929,43.22767],[-79.14848,43.22874],[-79.14814,43.22963],[-79.14839,43.23035],[-79.14842,43.23089],[-79.14813,43.23267],[-79.14768,43.23329],[-79.1472,43.2335],[-79.1468,43.23339],[-79.14669,43.23302],[-79.14713,43.23223],[-79.14705,43.23168],[-79.14666,43.23163],[-79.14626,43.23182],[-79.14584,43.23294],[-79.14608,43.23478],[-79.14446,43.23482],[-79.14448,43.23295],[-79.14503,43.23293]]]}},{"type":"Feature","properties":{"serie":"Vineland","texture":"VFSL","code_texture":"VFSL","drainage":"imparfait","pente":3.5,"classe_agricole":"2"},"geometry":{"type":"Polygon","coordinates":[[[-79.17158,43.22882],[-79.17184,43.22921],[-79.17188,43.22984],[-79.17244,43.23051],[-79.17282,43.23131],[-79.17246,43.23217],[-79.17133,43.23291],[-79.17163,43.23347],[-79.17146,43.23436],[-79.17204,43.23427],[-79.17208,43.23401],[-79.17276,43.23394],[-79.17331,43.2337],[-79.17289,43.23345],[-79.1727,43.23313],[-79.17365,43.23282],[-79.17417,43.23225],[-79.17377,43.23149],[-79.17362,43.23064],[-79.17274,43.22946],[-79.17226,43.22852],[-79.17211,43.22835],[-79.17182,43.22868],[-79.17158,43.22882]]]}},{"type":"Feature","properties":{"serie":"Not Mapped","texture":"NA","code_texture":"NA","drainage":null,"pente":-9,"classe_agricole":"0"},"geometry":{"type":"Polygon","coordinates":[[[-79.18227,43.23219],[-79.18199,43.23274],[-79.18145,43.23323],[-79.18151,43.23389],[-79.18199,43.23449],[-79.1821,43.23432],[-79.18237,43.23432],[-79.18296,43.23395],[-79.18417,43.23356],[-79.18592,43.23267],[-79.18716,43.23239],[-79.18779,43.23207],[-79.18789,43.23163],[-79.18783,43.23155],[-79.18706,43.23192],[-79.1865,43.2319],[-79.18565,43.23149],[-79.18526,43.23168],[-79.18459,43.2316],[-79.18394,43.23121],[-79.18328,43.23123],[-79.18268,43.23174],[-79.18227,43.23219]]]}},{"type":"Feature","properties":{"serie":"Vineland","texture":"VFSL","code_texture":"VFSL","drainage":"imparfait","pente":1.2,"classe_agricole":"1"},"geometry":{"type":"Polygon","coordinates":[[[-79.17283,43.23572],[-79.17346,43.23581],[-79.17412,43.23605],[-79.17474,43.23659],[-79.17548,43.2369],[-79.17581,43.23751],[-79.17666,43.23716],[-79.17657,43.23655],[-79.17664,43.23597],[-79.17726,43.23546],[-79.17806,43.23505],[-79.17838,43.23503],[-79.17864,43.23445],[-79.17844,43.23375],[-79.17783,43.23332],[-79.17692,43.23337],[-79.17504,43.23215],[-79.17497,43.23137],[-79.1746,43.23063],[-79.1754,43.22906],[-79.17432,43.22941],[-79.17315,43.23002],[-79.17362,43.23064],[-79.17377,43.23149],[-79.17417,43.23225],[-79.17365,43.23282],[-79.1727,43.23313],[-79.17289,43.23345],[-79.17331,43.2337],[-79.17276,43.23394],[-79.17208,43.23401],[-79.17204,43.23427],[-79.17289,43.23428],[-79.1732,43.23458],[-79.17315,43.23508],[-79.17294,43.2356],[-79.17283,43.23572]]]}},{"type":"Feature","properties":{"serie":"Vineland","texture":"VFSL","code_texture":"VFSL","drainage":"imparfait","pente":1.2,"classe_agricole":"1"},"geometry":{"type":"Polygon","coordinates":[[[-79.16915,43.23281],[-79.16913,43.23349],[-79.16888,43.23397],[-79.1689,43.23444],[-79.16936,43.23492],[-79.17004,43.23617],[-79.17053,43.23646],[-79.17126,43.23658],[-79.17099,43.23625],[-79.17101,43.2357],[-79.17083,43.23554],[-79.17039,43.23538],[-79.17034,43.23506],[-79.17104,43.23452],[-79.17146,43.23436],[-79.17163,43.23347],[-79.17133,43.23291],[-79.17246,43.23217],[-79.17282,43.23131],[-79.17244,43.23051],[-79.17188,43.22984],[-79.17184,43.22921],[-79.17158,43.22882],[-79.17098,43.22916],[-79.17028,43.2299],[-79.16991,43.23078],[-79.16905,43.23185],[-79.16915,43.23262],[-79.16915,43.23281]]]}},{"type":"Feature","properties":{"serie":"Oneida - Red Phase","texture":"loam argileux","code_texture":"CL","drainage":"modérément bon","pente":12,"classe_agricole":"4"},"geometry":{"type":"Polygon","coordinates":[[[-79.16229,43.241],[-79.16228,43.2416],[-79.16204,43.24201],[-79.161,43.24239],[-79.16084,43.24262],[-79.16096,43.24284],[-79.16127,43.24304],[-79.16303,43.24212],[-79.16308,43.24193],[-79.16334,43.24163],[-79.16417,43.24087],[-79.16425,43.24064],[-79.16399,43.24012],[-79.16418,43.23968],[-79.16511,43.23879],[-79.1648,43.23847],[-79.16442,43.23781],[-79.16435,43.23684],[-79.16403,43.23587],[-79.16419,43.2356],[-79.16387,43.23559],[-79.16356,43.23542],[-79.16332,43.235],[-79.16335,43.23422],[-79.16324,43.23324],[-79.16267,43.23274],[-79.16087,43.23251],[-79.16044,43.23217],[-79.16057,43.23146],[-79.16112,43.23081],[-79.16202,43.22905],[-79.16201,43.22776],[-79.16133,43.2276],[-79.16096,43.22773],[-79.16073,43.22841],[-79.1607,43.22901],[-79.16055,43.22923],[-79.16036,43.22915],[-79.16002,43.22862],[-79.15985,43.22865],[-79.15999,43.2303],[-79.15956,43.23169],[-79.15914,43.23186],[-79.15834,43.23163],[-79.15779,43.2316],[-79.15782,43.23201],[-79.15821,43.23218],[-79.15895,43.23219],[-79.15971,43.2324],[-79.16035,43.23283],[-79.16104,43.23295],[-79.16185,43.23291],[-79.16247,43.23305],[-79.16264,43.23355],[-79.16253,43.23395],[-79.16228,43.23423],[-79.16195,43.23435],[-79.16155,43.23434],[-79.16153,43.23464],[-79.16197,43.23465],[-79.16242,43.23485],[-79.16245,43.23519],[-79.1621,43.23549],[-79.16237,43.23599],[-79.16291,43.23649],[-79.1628,43.23713],[-79.16302,43.23774],[-79.16366,43.23813],[-79.16398,43.23865],[-79.16376,43.23904],[-79.1618,43.23985],[-79.16292,43.24017],[-79.1631,43.24033],[-79.16285,43.24069],[-79.16229,43.241]]]}},{"type":"Feature","properties":{"serie":"Chinguacousy - Loamy Red Phase","texture":"loam limoneux","code_texture":"SIL","drainage":"imparfait","pente":3.5,"classe_agricole":"2"},"geometry":{"type":"Polygon","coordinates":[[[-79.15518,43.23199],[-79.15624,43.23214],[-79.15782,43.23201],[-79.15779,43.23172],[-79.15677,43.23168],[-79.15633,43.23154],[-79.15628,43.23124],[-79.15683,43.22994],[-79.15748,43.22921],[-79.15909,43.22796],[-79.15949,43.22749],[-79.15927,43.22729],[-79.15861,43.22747],[-79.15776,43.22802],[-79.15615,43.2295],[-79.15556,43.23024],[-79.1555,43.23114],[-79.15518,43.23172],[-79.15518,43.23199]]]}},{"type":"Feature","properties":{"serie":"Tavistock - Red Phase","texture":"VFSL","code_texture":"VFSL","drainage":"imparfait","pente":1.2,"classe_agricole":"1"},"geometry":{"type":"Polygon","coordinates":[[[-79.16202,43.22905],[-79.16112,43.23081],[-79.16057,43.23146],[-79.16044,43.23217],[-79.16087,43.23251],[-79.16267,43.23274],[-79.16324,43.23324],[-79.16335,43.23422],[-79.16332,43.235],[-79.16356,43.23542],[-79.16406,43.23561],[-79.16419,43.2356],[-79.16445,43.23518],[-79.1653,43.23476],[-79.16637,43.23425],[-79.16698,43.2342],[-79.16712,43.23389],[-79.16809,43.23364],[-79.1683,43.23284],[-79.16809,43.2317],[-79.16732,43.23088],[-79.16648,43.2304],[-79.16636,43.22963],[-79.16567,43.22936],[-79.16516,43.22891],[-79.16412,43.22964],[-79.16322,43.22966],[-79.16251,43.22906],[-79.16202,43.22905]]]}},{"type":"Feature","properties":{"serie":"Grimsby","texture":"VFSL","code_texture":"VFSL","drainage":"bon","pente":7,"classe_agricole":"3"},"geometry":{"type":"Polygon","coordinates":[[[-79.17838,43.23503],[-79.17868,43.23548],[-79.17886,43.2361],[-79.17945,43.23583],[-79.17967,43.23588],[-79.17993,43.23565],[-79.18022,43.23556],[-79.17973,43.23528],[-79.1794,43.23475],[-79.17925,43.234],[-79.17868,43.23281],[-79.178,43.23245],[-79.17615,43.23174],[-79.17581,43.2314],[-79.17503,43.23187],[-79.17504,43.23215],[-79.17692,43.23337],[-79.17783,43.23332],[-79.17844,43.23375],[-79.17864,43.23445],[-79.17838,43.23503]]]}},{"type":"Feature","properties":{"serie":"Tavistock - Red Phase","texture":"VFSL","code_texture":"VFSL","drainage":"imparfait","pente":1.2,"classe_agricole":"1"},"geometry":{"type":"Polygon","coordinates":[[[-79.15779,43.23172],[-79.15779,43.2316],[-79.15834,43.23163],[-79.15914,43.23186],[-79.15956,43.23169],[-79.15999,43.2303],[-79.15988,43.22957],[-79.15943,43.22961],[-79.15909,43.22949],[-79.15812,43.22867],[-79.15748,43.22921],[-79.15683,43.22994],[-79.15628,43.23124],[-79.15633,43.23154],[-79.15677,43.23168],[-79.15759,43.2317],[-79.15779,43.23172]]]}},{"type":"Feature","properties":{"serie":"Jeddo - Red Phase","texture":"loam limono-argileux","code_texture":"SICL","drainage":"pauvre","pente":1.2,"classe_agricole":"3"},"geometry":{"type":"Polygon","coordinates":[[[-79.14317,43.23832],[-79.14344,43.23831],[-79.14424,43.23871],[-79.14504,43.23822],[-79.14559,43.238],[-79.14621,43.23801],[-79.1471,43.23825],[-79.14831,43.23809],[-79.15182,43.23725],[-79.15279,43.23669],[-79.15393,43.23579],[-79.1537,43.23504],[-79.15283,43.23353],[-79.15295,43.23269],[-79.15379,43.23219],[-79.15483,43.23197],[-79.15518,43.23199],[-79.15518,43.23172],[-79.1555,43.23114],[-79.15556,43.23024],[-79.1566,43.22907],[-79.15615,43.22845],[-79.15597,43.22835],[-79.15555,43.22859],[-79.15405,43.22901],[-79.15256,43.2297],[-79.151,43.23074],[-79.14977,43.23198],[-79.14987,43.23286],[-79.14795,43.23461],[-79.14684,43.23529],[-79.14528,43.23706],[-79.14461,43.23757],[-79.14365,43.23782],[-79.14335,43.23816],[-79.14317,43.23832]]]}},{"type":"Feature","properties":{"serie":"Vineland","texture":"VFSL","code_texture":"VFSL","drainage":"imparfait","pente":3.5,"classe_agricole":"2"},"geometry":{"type":"Polygon","coordinates":[[[-79.16698,43.2342],[-79.16725,43.23418],[-79.16805,43.23472],[-79.1687,43.23536],[-79.169,43.23632],[-79.16874,43.23707],[-79.17059,43.23731],[-79.17063,43.23838],[-79.17071,43.23852],[-79.17132,43.23833],[-79.17163,43.23742],[-79.17149,43.23684],[-79.17126,43.23658],[-79.17053,43.23646],[-79.17004,43.23617],[-79.16936,43.23492],[-79.1689,43.23444],[-79.16888,43.23397],[-79.16913,43.23349],[-79.16915,43.23281],[-79.1683,43.23284],[-79.16809,43.23364],[-79.16712,43.23389],[-79.16698,43.2342]]]}},{"type":"Feature","properties":{"serie":"Not Mapped","texture":"NA","code_texture":"NA","drainage":null,"pente":-9,"classe_agricole":"0"},"geometry":{"type":"Polygon","coordinates":[[[-79.17838,43.23503],[-79.17806,43.23505],[-79.17726,43.23546],[-79.17664,43.23597],[-79.17657,43.23655],[-79.17666,43.23716],[-79.17747,43.23696],[-79.17754,43.23681],[-79.17813,43.23662],[-79.17826,43.23634],[-79.17886,43.2361],[-79.17868,43.23548],[-79.17838,43.23503]]]}},{"type":"Feature","properties":{"serie":"Not Mapped","texture":"NA","code_texture":"NA","drainage":null,"pente":-9,"classe_agricole":"0"},"geometry":{"type":"Polygon","coordinates":[[[-79.17146,43.23436],[-79.17104,43.23452],[-79.17034,43.23506],[-79.17039,43.23538],[-79.17083,43.23554],[-79.17101,43.2357],[-79.17095,43.23602],[-79.17112,43.23645],[-79.17126,43.23658],[-79.17169,43.23656],[-79.17247,43.23609],[-79.17294,43.2356],[-79.17315,43.23508],[-79.1732,43.23458],[-79.17289,43.23428],[-79.17162,43.23431],[-79.17146,43.23436]]]}},{"type":"Feature","properties":{"serie":"Chinguacousy - Red Phase","texture":"loam argileux","code_texture":"CL","drainage":"imparfait","pente":1.2,"classe_agricole":"2"},"geometry":{"type":"Polygon","coordinates":[[[-79.15518,43.23199],[-79.15483,43.23197],[-79.15379,43.23219],[-79.15295,43.23269],[-79.15283,43.23353],[-79.1537,43.23504],[-79.15393,43.23579],[-79.15519,43.23509],[-79.15577,43.2346],[-79.15587,43.2334],[-79.15639,43.23333],[-79.15741,43.23425],[-79.15801,43.23436],[-79.15862,43.23394],[-79.1592,43.23375],[-79.16143,43.23433],[-79.16195,43.23435],[-79.16228,43.23423],[-79.16253,43.23395],[-79.16264,43.23355],[-79.16247,43.23305],[-79.16185,43.23291],[-79.16104,43.23295],[-79.16035,43.23283],[-79.15971,43.2324],[-79.15895,43.23219],[-79.15821,43.23218],[-79.15782,43.23201],[-79.15624,43.23214],[-79.15559,43.23204],[-79.15518,43.23199]]]}},{"type":"Feature","properties":{"serie":"Vineland","texture":"VFSL","code_texture":"VFSL","drainage":"imparfait","pente":1.2,"classe_agricole":"1"},"geometry":{"type":"Polygon","coordinates":[[[-79.16419,43.2356],[-79.16403,43.23587],[-79.16435,43.23684],[-79.16442,43.23781],[-79.1648,43.23847],[-79.16511,43.23879],[-79.16418,43.23968],[-79.16399,43.24012],[-79.16425,43.24064],[-79.16417,43.24087],[-79.16334,43.24163],[-79.16308,43.24193],[-79.16303,43.24212],[-79.16638,43.24044],[-79.16677,43.24037],[-79.1672,43.24077],[-79.16909,43.24018],[-79.16902,43.23965],[-79.16916,43.23928],[-79.16963,43.23897],[-79.17071,43.23852],[-79.17063,43.23838],[-79.17059,43.23731],[-79.16874,43.23707],[-79.169,43.23632],[-79.1687,43.23536],[-79.16805,43.23472],[-79.16725,43.23418],[-79.16637,43.23425],[-79.16445,43.23518],[-79.16419,43.2356]]]}},{"type":"Feature","properties":{"serie":"Grimsby","texture":"VFSL","code_texture":"VFSL","drainage":"bon","pente":7,"classe_agricole":"3"},"geometry":{"type":"Polygon","coordinates":[[[-79.17224,43.23624],[-79.1727,43.23656],[-79.17406,43.23713],[-79.17432,43.2375],[-79.1743,43.23812],[-79.17497,43.23777],[-79.17581,43.23751],[-79.17548,43.2369],[-79.17474,43.23659],[-79.17412,43.23605],[-79.17346,43.23581],[-79.17283,43.23572],[-79.17247,43.23609],[-79.17224,43.23624]]]}},{"type":"Feature","properties":{"serie":"Vineland","texture":"VFSL","code_texture":"VFSL","drainage":"imparfait","pente":1.2,"classe_agricole":"1"},"geometry":{"type":"Polygon","coordinates":[[[-79.17132,43.23833],[-79.17141,43.23857],[-79.17165,43.2387],[-79.17187,43.23868],[-79.17285,43.23839],[-79.17363,43.23831],[-79.17384,43.23843],[-79.1739,43.23829],[-79.1743,43.23812],[-79.17432,43.2375],[-79.17406,43.23713],[-79.1727,43.23656],[-79.17224,43.23624],[-79.17169,43.23656],[-79.17126,43.23658],[-79.1716,43.23708],[-79.17163,43.23742],[-79.17137,43.23801],[-79.17132,43.23833]]]}},{"type":"Feature","properties":{"serie":"Jeddo - Red Phase","texture":"loam limono-argileux","code_texture":"SICL","drainage":"pauvre","pente":1.2,"classe_agricole":"3"},"geometry":{"type":"Polygon","coordinates":[[[-79.14469,43.23888],[-79.14542,43.23922],[-79.1502,43.23959],[-79.15053,43.23987],[-79.15144,43.23906],[-79.15236,43.23886],[-79.15294,43.2393],[-79.15335,43.23916],[-79.15363,43.23849],[-79.15425,43.23786],[-79.15496,43.23738],[-79.15593,43.23715],[-79.15643,43.23736],[-79.15673,43.23865],[-79.15711,43.23891],[-79.15759,43.23902],[-79.15785,43.23879],[-79.15835,43.23887],[-79.15845,43.23794],[-79.15827,43.23695],[-79.15846,43.23642],[-79.15954,43.23457],[-79.15985,43.23447],[-79.16084,43.23463],[-79.16153,43.23464],[-79.16155,43.23434],[-79.1592,43.23375],[-79.15862,43.23394],[-79.15801,43.23436],[-79.15741,43.23425],[-79.15639,43.23333],[-79.15587,43.2334],[-79.15577,43.2346],[-79.15519,43.23509],[-79.1545,43.23541],[-79.15279,43.23669],[-79.15182,43.23725],[-79.14831,43.23809],[-79.1471,43.23825],[-79.14621,43.23801],[-79.14559,43.238],[-79.14504,43.23822],[-79.14424,43.23871],[-79.14469,43.23888]]]}},{"type":"Feature","properties":{"serie":"Vineland","texture":"VFSL","code_texture":"VFSL","drainage":"imparfait","pente":1.2,"classe_agricole":"1"},"geometry":{"type":"Polygon","coordinates":[[[-79.15835,43.23887],[-79.15861,43.23951],[-79.15917,43.24026],[-79.15909,43.24093],[-79.15854,43.2414],[-79.15897,43.2415],[-79.15915,43.24187],[-79.15875,43.24256],[-79.15848,43.24329],[-79.15788,43.2439],[-79.15753,43.24482],[-79.16127,43.24304],[-79.16096,43.24284],[-79.16084,43.24262],[-79.161,43.24239],[-79.16204,43.24201],[-79.16228,43.2416],[-79.16229,43.241],[-79.16155,43.24072],[-79.16079,43.24101],[-79.15958,43.24166],[-79.15947,43.241],[-79.16235,43.23956],[-79.16376,43.23904],[-79.16398,43.23865],[-79.16366,43.23813],[-79.16302,43.23774],[-79.1628,43.23713],[-79.16291,43.23649],[-79.16237,43.23599],[-79.1621,43.23549],[-79.16245,43.23519],[-79.16242,43.23485],[-79.16197,43.23465],[-79.16084,43.23463],[-79.15985,43.23447],[-79.15954,43.23457],[-79.15846,43.23642],[-79.15827,43.23695],[-79.15845,43.23794],[-79.15835,43.23887]]]}},{"type":"Feature","properties":{"serie":"Not Mapped","texture":"NA","code_texture":"NA","drainage":null,"pente":-9,"classe_agricole":"0"},"geometry":{"type":"Polygon","coordinates":[[[-79.17071,43.23852],[-79.16963,43.23897],[-79.16916,43.23928],[-79.16902,43.23965],[-79.16909,43.24018],[-79.16996,43.24003],[-79.17091,43.23966],[-79.1711,43.23972],[-79.17116,43.23954],[-79.17138,43.23951],[-79.17138,43.23939],[-79.17283,43.23905],[-79.17314,43.23875],[-79.17309,43.2386],[-79.17331,43.23839],[-79.17285,43.23839],[-79.17165,43.2387],[-79.17141,43.23857],[-79.17132,43.23833],[-79.17071,43.23852]]]}},{"type":"Feature","properties":{"serie":"Not Mapped","texture":"NA","code_texture":"NA","drainage":null,"pente":-9,"classe_agricole":"0"},"geometry":{"type":"Polygon","coordinates":[[[-79.14503,43.23293],[-79.14448,43.23295],[-79.14446,43.23482],[-79.14608,43.23478],[-79.14584,43.23294],[-79.14538,43.23295],[-79.14503,43.23293]]]}},{"type":"Feature","properties":{"serie":"Vineland","texture":"VFSL","code_texture":"VFSL","drainage":"imparfait","pente":1.2,"classe_agricole":"1"},"geometry":{"type":"Polygon","coordinates":[[[-79.15335,43.23916],[-79.15379,43.23911],[-79.15425,43.23933],[-79.1545,43.2398],[-79.15447,43.24059],[-79.15467,43.24153],[-79.15453,43.24231],[-79.15505,43.24257],[-79.15611,43.2426],[-79.15695,43.24312],[-79.15766,43.24313],[-79.15812,43.24264],[-79.15798,43.24198],[-79.15712,43.24212],[-79.15698,43.24189],[-79.15826,43.24088],[-79.158,43.24006],[-79.15739,43.2392],[-79.15759,43.23902],[-79.15711,43.23891],[-79.15673,43.23865],[-79.15643,43.23736],[-79.15593,43.23715],[-79.15496,43.23738],[-79.15425,43.23786],[-79.15363,43.23849],[-79.15338,43.23898],[-79.15335,43.23916]]]}},{"type":"Feature","properties":{"serie":"Not Mapped","texture":"NA","code_texture":"NA","drainage":null,"pente":-9,"classe_agricole":"0"},"geometry":{"type":"Polygon","coordinates":[[[-79.15411,43.24312],[-79.15437,43.24384],[-79.15554,43.24445],[-79.15509,43.24492],[-79.15467,43.24556],[-79.15524,43.24603],[-79.1555,43.24636],[-79.15588,43.24631],[-79.15638,43.24603],[-79.15718,43.24584],[-79.15794,43.24519],[-79.15844,43.24508],[-79.15998,43.24432],[-79.16042,43.24422],[-79.16085,43.24425],[-79.16124,43.24411],[-79.1618,43.24371],[-79.16185,43.24319],[-79.162,43.24354],[-79.16252,43.24348],[-79.16298,43.24291],[-79.16497,43.24189],[-79.16553,43.24169],[-79.16664,43.24096],[-79.1672,43.24077],[-79.16677,43.24037],[-79.16577,43.24069],[-79.16143,43.24296],[-79.15743,43.24485],[-79.15712,43.24465],[-79.15692,43.24407],[-79.15589,43.24317],[-79.15461,43.24305],[-79.15411,43.24312]]]}},{"type":"Feature","properties":{"serie":"Vineland","texture":"VFSL","code_texture":"VFSL","drainage":"imparfait","pente":3.5,"classe_agricole":"2"},"geometry":{"type":"Polygon","coordinates":[[[-79.15411,43.24312],[-79.15461,43.24305],[-79.15589,43.24317],[-79.15692,43.24407],[-79.15712,43.24465],[-79.15743,43.24485],[-79.15753,43.24482],[-79.15788,43.2439],[-79.15848,43.24329],[-79.15875,43.24256],[-79.15915,43.24187],[-79.15897,43.2415],[-79.15854,43.2414],[-79.15909,43.24093],[-79.15917,43.24026],[-79.15861,43.23951],[-79.15835,43.23887],[-79.15785,43.23879],[-79.15739,43.2392],[-79.158,43.24006],[-79.15826,43.24088],[-79.15698,43.24189],[-79.15712,43.24212],[-79.15798,43.24198],[-79.15812,43.24264],[-79.15766,43.24313],[-79.15695,43.24312],[-79.15611,43.2426],[-79.15505,43.24257],[-79.15453,43.24231],[-79.15467,43.24153],[-79.15447,43.24059],[-79.1545,43.2398],[-79.15425,43.23933],[-79.15379,43.23911],[-79.15294,43.2393],[-79.15309,43.23942],[-79.15341,43.24027],[-79.15368,43.2418],[-79.15404,43.24248],[-79.15411,43.24312]]]}},{"type":"Feature","properties":{"serie":"Not Mapped","texture":"NA","code_texture":"NA","drainage":null,"pente":-9,"classe_agricole":"0"},"geometry":{"type":"Polygon","coordinates":[[[-79.1618,43.23985],[-79.15947,43.241],[-79.15958,43.24166],[-79.16079,43.24101],[-79.16155,43.24072],[-79.16229,43.241],[-79.16285,43.24069],[-79.1631,43.24033],[-79.16292,43.24017],[-79.16202,43.23997],[-79.1618,43.23985]]]}},{"type":"Feature","properties":{"serie":"Vineland","texture":"VFSL","code_texture":"VFSL","drainage":"imparfait","pente":1.2,"classe_agricole":"1"},"geometry":{"type":"Polygon","coordinates":[[[-79.15053,43.23987],[-79.1507,43.24001],[-79.15072,43.24063],[-79.1504,43.24137],[-79.15067,43.24202],[-79.15168,43.2427],[-79.15254,43.243],[-79.15335,43.24313],[-79.15411,43.24312],[-79.15404,43.24248],[-79.15368,43.2418],[-79.15341,43.24027],[-79.15309,43.23942],[-79.15236,43.23886],[-79.15144,43.23906],[-79.15086,43.23956],[-79.15053,43.23987]]]}},{"type":"Feature","properties":{"serie":"Grimsby","texture":"VFSL","code_texture":"VFSL","drainage":"bon","pente":7,"classe_agricole":"3"},"geometry":{"type":"Polygon","coordinates":[[[-79.15386,43.24645],[-79.15462,43.247],[-79.15505,43.24675],[-79.15497,43.24663],[-79.15504,43.24654],[-79.1555,43.24636],[-79.15524,43.24603],[-79.15467,43.24556],[-79.15509,43.24492],[-79.15554,43.24445],[-79.15437,43.24384],[-79.15411,43.24312],[-79.15335,43.24313],[-79.15254,43.243],[-79.15168,43.2427],[-79.15067,43.24202],[-79.1504,43.24137],[-79.15072,43.24063],[-79.1507,43.24001],[-79.1502,43.23959],[-79.14542,43.23922],[-79.14469,43.23888],[-79.14446,43.23925],[-79.14491,43.23961],[-79.14591,43.23986],[-79.1489,43.24001],[-79.14939,43.2405],[-79.14923,43.24092],[-79.14905,43.24096],[-79.14911,43.24167],[-79.14855,43.24212],[-79.14852,43.24235],[-79.15011,43.24277],[-79.15151,43.24355],[-79.15303,43.24373],[-79.15299,43.2441],[-79.15363,43.24478],[-79.15354,43.24582],[-79.1539,43.24623],[-79.15386,43.24645]]]}},{"type":"Feature","properties":{"serie":"Vineland","texture":"VFSL","code_texture":"VFSL","drainage":"imparfait","pente":1.2,"classe_agricole":"1"},"geometry":{"type":"Polygon","coordinates":[[[-79.13439,43.24229],[-79.13556,43.24257],[-79.13702,43.24258],[-79.13825,43.24234],[-79.13951,43.24194],[-79.14063,43.24196],[-79.14173,43.24179],[-79.1438,43.24079],[-79.14494,43.24064],[-79.14871,43.24103],[-79.14923,43.24092],[-79.14939,43.2405],[-79.1489,43.24001],[-79.14591,43.23986],[-79.14491,43.23961],[-79.14446,43.23925],[-79.14349,43.23929],[-79.14254,43.23917],[-79.1416,43.23888],[-79.14023,43.23894],[-79.13934,43.23884],[-79.13928,43.23931],[-79.13883,43.24011],[-79.1379,43.24052],[-79.1375,43.24132],[-79.13691,43.24176],[-79.13616,43.24181],[-79.13539,43.24152],[-79.13485,43.24196],[-79.13439,43.24229]]]}},{"type":"Feature","properties":{"serie":"Vineland","texture":"VFSL","code_texture":"VFSL","drainage":"imparfait","pente":1.2,"classe_agricole":"1"},"geometry":{"type":"Polygon","coordinates":[[[-79.14646,43.24591],[-79.14871,43.24643],[-79.14898,43.2469],[-79.14985,43.2471],[-79.15113,43.24725],[-79.15386,43.24645],[-79.1539,43.24623],[-79.15377,43.24608],[-79.15261,43.2463],[-79.15252,43.24592],[-79.15075,43.24585],[-79.15059,43.24549],[-79.15057,43.24526],[-79.1516,43.2451],[-79.15164,43.24437],[-79.15308,43.24421],[-79.15299,43.2441],[-79.15303,43.24373],[-79.15151,43.24355],[-79.15011,43.24277],[-79.14852,43.24235],[-79.1482,43.24284],[-79.14765,43.24332],[-79.1471,43.24498],[-79.1465,43.24581],[-79.14646,43.24591]]]}},{"type":"Feature","properties":{"serie":"Not Mapped","texture":"NA","code_texture":"NA","drainage":null,"pente":-9,"classe_agricole":"0"},"geometry":{"type":"Polygon","coordinates":[[[-79.15308,43.24421],[-79.15164,43.24437],[-79.1516,43.2451],[-79.15057,43.24526],[-79.15075,43.24585],[-79.15252,43.24592],[-79.15261,43.2463],[-79.15377,43.24608],[-79.15354,43.24582],[-79.15363,43.24478],[-79.15324,43.24441],[-79.15308,43.24421]]]}},{"type":"Feature","properties":{"serie":"Not Mapped","texture":"NA","code_texture":"NA","drainage":null,"pente":-9,"classe_agricole":"0"},"geometry":{"type":"Polygon","coordinates":[[[-79.15113,43.24725],[-79.15127,43.24778],[-79.15121,43.24798],[-79.15022,43.24898],[-79.15037,43.24932],[-79.15152,43.2488],[-79.15161,43.24873],[-79.15171,43.24824],[-79.15218,43.24784],[-79.15292,43.24762],[-79.15328,43.24738],[-79.15422,43.247],[-79.15447,43.24699],[-79.1545,43.24708],[-79.15462,43.247],[-79.15386,43.24645],[-79.15137,43.24713],[-79.15113,43.24725]]]}},{"type":"Feature","properties":{"serie":"Peel - Loamy Phase","texture":"loam limoneux","code_texture":"SIL","drainage":"imparfait","pente":1.2,"classe_agricole":"2"},"geometry":{"type":"Polygon","coordinates":[[[-79.1434,43.24753],[-79.14373,43.24777],[-79.14379,43.24802],[-79.14305,43.24859],[-79.14279,43.24894],[-79.14264,43.24939],[-79.14218,43.2498],[-79.14214,43.25006],[-79.14198,43.2503],[-79.14138,43.2506],[-79.13996,43.25087],[-79.13976,43.25114],[-79.13979,43.25178],[-79.13992,43.25201],[-79.14014,43.25206],[-79.14154,43.25135],[-79.14195,43.2514],[-79.14211,43.25176],[-79.14269,43.25155],[-79.14422,43.25058],[-79.14533,43.24942],[-79.14607,43.249],[-79.1463,43.24865],[-79.14743,43.24817],[-79.14759,43.24793],[-79.14739,43.24752],[-79.14652,43.24702],[-79.14622,43.24644],[-79.1465,43.24581],[-79.14701,43.24511],[-79.14596,43.24519],[-79.144,43.24573],[-79.1437,43.24624],[-79.14338,43.24643],[-79.14328,43.2466],[-79.14366,43.24722],[-79.1434,43.24753]]]}},{"type":"Feature","properties":{"serie":"Vineland","texture":"VFSL","code_texture":"VFSL","drainage":"imparfait","pente":3.5,"classe_agricole":"2"},"geometry":{"type":"Polygon","coordinates":[[[-79.14607,43.249],[-79.1461,43.24952],[-79.14628,43.24982],[-79.14713,43.2508],[-79.14714,43.25134],[-79.14826,43.25056],[-79.14872,43.25037],[-79.15037,43.24932],[-79.15022,43.24898],[-79.15121,43.24798],[-79.15127,43.24778],[-79.15113,43.24725],[-79.14985,43.2471],[-79.14898,43.2469],[-79.14871,43.24643],[-79.14646,43.24591],[-79.14622,43.24644],[-79.14652,43.24702],[-79.14739,43.24752],[-79.14759,43.24793],[-79.14743,43.24817],[-79.1463,43.24865],[-79.14607,43.249]]]}},{"type":"Feature","properties":{"serie":"Chinguacousy - Loamy Phase","texture":"loam limoneux","code_texture":"SIL","drainage":"imparfait","pente":3.5,"classe_agricole":"2"},"geometry":{"type":"Polygon","coordinates":[[[-79.13665,43.25594],[-79.13716,43.25599],[-79.13726,43.25569],[-79.13782,43.25548],[-79.13782,43.25495],[-79.13738,43.25443],[-79.1379,43.25418],[-79.13878,43.25422],[-79.1393,43.25406],[-79.13875,43.2537],[-79.13861,43.25333],[-79.13896,43.25306],[-79.13911,43.25276],[-79.14034,43.25246],[-79.14211,43.25176],[-79.14195,43.2514],[-79.14154,43.25135],[-79.14104,43.25155],[-79.14046,43.25195],[-79.14014,43.25206],[-79.13992,43.25201],[-79.13979,43.25178],[-79.13976,43.25114],[-79.13996,43.25087],[-79.14179,43.25046],[-79.14214,43.25006],[-79.14218,43.2498],[-79.14264,43.24939],[-79.14279,43.24894],[-79.14305,43.24859],[-79.14379,43.24802],[-79.14373,43.24777],[-79.1434,43.24753],[-79.14135,43.24928],[-79.13821,43.25057],[-79.13768,43.25102],[-79.13794,43.25127],[-79.1387,43.25122],[-79.13919,43.25141],[-79.13884,43.25224],[-79.13809,43.25288],[-79.13718,43.25396],[-79.13676,43.25428],[-79.13684,43.25515],[-79.13666,43.25592],[-79.13665,43.25594]]]}},{"type":"Feature","properties":{"serie":"Chinguacousy - Washed Phase","texture":"loam","code_texture":"L","drainage":"imparfait","pente":1.2,"classe_agricole":"1"},"geometry":{"type":"Polygon","coordinates":[[[-79.14293,43.2514],[-79.14336,43.25178],[-79.14346,43.25243],[-79.14312,43.25348],[-79.14371,43.25292],[-79.14589,43.2521],[-79.1461,43.25187],[-79.14688,43.2515],[-79.14714,43.25134],[-79.14713,43.2508],[-79.14628,43.24982],[-79.1461,43.24952],[-79.14607,43.249],[-79.14533,43.24942],[-79.14422,43.25058],[-79.1434,43.25111],[-79.14293,43.2514]]]}},{"type":"Feature","properties":{"serie":"Vineland","texture":"VFSL","code_texture":"VFSL","drainage":"imparfait","pente":1.2,"classe_agricole":"1"},"geometry":{"type":"Polygon","coordinates":[[[-79.14074,43.25227],[-79.14115,43.25263],[-79.14104,43.25432],[-79.14233,43.25383],[-79.14312,43.25348],[-79.14346,43.25243],[-79.14336,43.25178],[-79.14293,43.2514],[-79.14118,43.2521],[-79.14074,43.25227]]]}},{"type":"Feature","properties":{"serie":"Malton","texture":"loam limono-argileux","code_texture":"SICL","drainage":"pauvre","pente":1.2,"classe_agricole":"3"},"geometry":{"type":"Polygon","coordinates":[[[-79.15752,43.18644],[-79.158,43.18652],[-79.15866,43.18639],[-79.15958,43.18553],[-79.16052,43.18486],[-79.16162,43.1844],[-79.16284,43.18411],[-79.16398,43.18403],[-79.16575,43.1841],[-79.16667,43.18427],[-79.16735,43.18425],[-79.16775,43.18405],[-79.16802,43.18359],[-79.16781,43.18294],[-79.16795,43.18234],[-79.16843,43.18174],[-79.16823,43.18131],[-79.1682,43.18078],[-79.16799,43.18034],[-79.16636,43.17985],[-79.1653,43.17972],[-79.16318,43.18018],[-79.16222,43.18029],[-79.16151,43.18066],[-79.16105,43.18116],[-79.16098,43.18164],[-79.16149,43.18239],[-79.16213,43.18283],[-79.1621,43.18314],[-79.16137,43.18373],[-79.16036,43.18392],[-79.15924,43.18374],[-79.15821,43.18315],[-79.15737,43.18368],[-79.15788,43.18454],[-79.15816,43.18527],[-79.15792,43.18596],[-79.15752,43.18644]]]}},{"type":"Feature","properties":{"serie":"Chinguacousy","texture":"loam argileux","code_texture":"CL","drainage":"imparfait","pente":1.2,"classe_agricole":"2"},"geometry":{"type":"Polygon","coordinates":[[[-79.18545,43.19142],[-79.18556,43.1915],[-79.18574,43.19255],[-79.18639,43.19255],[-79.1885,43.19199],[-79.19011,43.19184],[-79.19128,43.19162],[-79.19257,43.19123],[-79.1956,43.1898],[-79.19524,43.1866],[-79.19499,43.18602],[-79.19476,43.18576],[-79.19362,43.18626],[-79.19271,43.18689],[-79.19206,43.18761],[-79.19155,43.18832],[-79.19229,43.18839],[-79.19268,43.18868],[-79.19265,43.18904],[-79.19015,43.1904],[-79.19028,43.1914],[-79.18864,43.19148],[-79.18849,43.19088],[-79.18669,43.19087],[-79.18583,43.19132],[-79.18545,43.19142]]]}},{"type":"Feature","properties":{"serie":"Jeddo","texture":"loam argileux","code_texture":"CL","drainage":"pauvre","pente":1.2,"classe_agricole":"3"},"geometry":{"type":"Polygon","coordinates":[[[-79.1827,43.19936],[-79.18431,43.19878],[-79.18451,43.19893],[-79.18523,43.2002],[-79.18592,43.2008],[-79.18669,43.20123],[-79.18739,43.2014],[-79.18776,43.20128],[-79.18792,43.20088],[-79.1878,43.19949],[-79.18798,43.19888],[-79.18847,43.19889],[-79.18866,43.19906],[-79.18892,43.19873],[-79.18946,43.19854],[-79.18969,43.19865],[-79.18998,43.19847],[-79.19069,43.19778],[-79.19139,43.19738],[-79.19159,43.19736],[-79.19216,43.19656],[-79.19244,43.19633],[-79.19259,43.19576],[-79.19308,43.1952],[-79.19377,43.19482],[-79.19564,43.19433],[-79.19616,43.19402],[-79.19667,43.19349],[-79.19625,43.1931],[-79.19277,43.19393],[-79.19217,43.19384],[-79.19187,43.1936],[-79.19183,43.19341],[-79.19152,43.19354],[-79.19149,43.19297],[-79.19576,43.19135],[-79.1956,43.1898],[-79.19257,43.19123],[-79.19128,43.19162],[-79.19011,43.19184],[-79.1885,43.19199],[-79.18639,43.19255],[-79.18574,43.19255],[-79.18556,43.1915],[-79.18507,43.19112],[-79.1828,43.19143],[-79.18195,43.19137],[-79.18152,43.19119],[-79.18155,43.19087],[-79.18209,43.19056],[-79.18323,43.18934],[-79.18389,43.18887],[-79.18437,43.18825],[-79.18476,43.18794],[-79.18522,43.18803],[-79.18533,43.18794],[-79.18539,43.18781],[-79.18532,43.18758],[-79.18467,43.18767],[-79.18425,43.18741],[-79.18289,43.18732],[-79.18234,43.18694],[-79.18241,43.18642],[-79.18289,43.18584],[-79.18338,43.18538],[-79.18463,43.18449],[-79.18421,43.18432],[-79.18309,43.18415],[-79.18155,43.18346],[-79.18062,43.18326],[-79.17952,43.18281],[-79.1801,43.19417],[-79.18179,43.19443],[-79.18277,43.19518],[-79.18396,43.19578],[-79.18427,43.19649],[-79.18432,43.19724],[-79.18375,43.19805],[-79.18291,43.19858],[-79.1827,43.19862],[-79.18267,43.19915],[-79.1827,43.19936]]]}},{"type":"Feature","properties":{"serie":"Not Mapped","texture":"NA","code_texture":"NA","drainage":null,"pente":-9,"classe_agricole":"0"},"geometry":{"type":"Polygon","coordinates":[[[-79.15935,43.19635],[-79.15953,43.19978],[-79.16468,43.19786],[-79.16468,43.19742],[-79.17009,43.19519],[-79.18014,43.19492],[-79.17952,43.18281],[-79.17893,43.18276],[-79.17445,43.18428],[-79.1745,43.18644],[-79.1694,43.18818],[-79.16943,43.1889],[-79.1681,43.18933],[-79.16828,43.19161],[-79.15928,43.19485],[-79.15935,43.19635]]]}},{"type":"Feature","properties":{"serie":"Chinguacousy","texture":"loam argileux","code_texture":"CL","drainage":"imparfait","pente":1.2,"classe_agricole":"2"},"geometry":{"type":"Polygon","coordinates":[[[-79.18463,43.18449],[-79.18338,43.18538],[-79.18289,43.18584],[-79.18241,43.18642],[-79.18234,43.18694],[-79.18289,43.18732],[-79.18425,43.18741],[-79.18467,43.18767],[-79.18518,43.18762],[-79.18532,43.18758],[-79.18519,43.18603],[-79.1865,43.18559],[-79.18605,43.18492],[-79.18559,43.18458],[-79.18499,43.18442],[-79.18463,43.18449]]]}},{"type":"Feature","properties":{"serie":"Not Mapped","texture":"NA","code_texture":"NA","drainage":null,"pente":-9,"classe_agricole":"0"},"geometry":{"type":"Polygon","coordinates":[[[-79.18532,43.18758],[-79.18539,43.18781],[-79.18737,43.18714],[-79.18734,43.18532],[-79.18519,43.18603],[-79.18532,43.18758]]]}},{"type":"Feature","properties":{"serie":"Fonthill","texture":"CSL","code_texture":"CSL","drainage":"rapide","pente":3.5,"classe_agricole":"2"},"geometry":{"type":"Polygon","coordinates":[[[-79.18438,43.19122],[-79.18507,43.19112],[-79.18545,43.19142],[-79.18633,43.19112],[-79.18669,43.19087],[-79.18656,43.18995],[-79.19026,43.18978],[-79.19015,43.1904],[-79.19265,43.18904],[-79.19268,43.18868],[-79.19229,43.18839],[-79.19155,43.18832],[-79.18991,43.18881],[-79.18926,43.18877],[-79.18873,43.1885],[-79.18774,43.18769],[-79.18705,43.18761],[-79.18669,43.18783],[-79.18646,43.18828],[-79.18679,43.18863],[-79.18695,43.1891],[-79.18666,43.18942],[-79.18401,43.19022],[-79.18401,43.19092],[-79.18438,43.19122]]]}},{"type":"Feature","properties":{"serie":"Chinguacousy","texture":"loam argileux","code_texture":"CL","drainage":"imparfait","pente":1.2,"classe_agricole":"2"},"geometry":{"type":"Polygon","coordinates":[[[-79.18522,43.18803],[-79.18476,43.18794],[-79.18437,43.18825],[-79.18389,43.18887],[-79.18323,43.18934],[-79.18209,43.19056],[-79.18155,43.19087],[-79.18152,43.19119],[-79.18195,43.19137],[-79.1828,43.19143],[-79.18438,43.19122],[-79.18401,43.19092],[-79.18401,43.19022],[-79.18666,43.18942],[-79.18695,43.1891],[-79.18679,43.18863],[-79.18646,43.18828],[-79.1857,43.18878],[-79.18542,43.18886],[-79.18534,43.18859],[-79.18522,43.18803]]]}},{"type":"Feature","properties":{"serie":"Jeddo - Loamy Phase","texture":"loam","code_texture":"L","drainage":"pauvre","pente":1.2,"classe_agricole":"3"},"geometry":{"type":"Polygon","coordinates":[[[-79.19501,43.1922],[-79.1959,43.1923],[-79.1964,43.19217],[-79.19774,43.19108],[-79.19797,43.19098],[-79.19754,43.19067],[-79.19576,43.19135],[-79.19582,43.19189],[-79.19501,43.1922]]]}},{"type":"Feature","properties":{"serie":"Tavistock - Till Phase","texture":"loam","code_texture":"L","drainage":"imparfait","pente":1.2,"classe_agricole":"1"},"geometry":{"type":"Polygon","coordinates":[[[-79.19183,43.19341],[-79.19187,43.1936],[-79.19217,43.19384],[-79.19277,43.19393],[-79.1958,43.19324],[-79.1987,43.19234],[-79.19892,43.19224],[-79.19796,43.19133],[-79.19786,43.19103],[-79.1964,43.19217],[-79.1959,43.1923],[-79.19501,43.1922],[-79.19183,43.19341]]]}},{"type":"Feature","properties":{"serie":"Not Mapped","texture":"NA","code_texture":"NA","drainage":null,"pente":-9,"classe_agricole":"0"},"geometry":{"type":"Polygon","coordinates":[[[-79.18669,43.19087],[-79.18849,43.19088],[-79.18864,43.19148],[-79.19028,43.1914],[-79.19015,43.1904],[-79.19026,43.18978],[-79.18656,43.18995],[-79.18669,43.19087]]]}},{"type":"Feature","properties":{"serie":"Not Mapped","texture":"NA","code_texture":"NA","drainage":null,"pente":-9,"classe_agricole":"0"},"geometry":{"type":"Polygon","coordinates":[[[-79.19576,43.19135],[-79.19149,43.19297],[-79.19152,43.19354],[-79.19582,43.19189],[-79.19576,43.19135]]]}},{"type":"Feature","properties":{"serie":"Peel","texture":"loam limono-argileux","code_texture":"SICL","drainage":"imparfait","pente":3.5,"classe_agricole":"2"},"geometry":{"type":"Polygon","coordinates":[[[-79.15115,43.18574],[-79.15087,43.18686],[-79.15175,43.18666],[-79.15379,43.18587],[-79.15489,43.18578],[-79.15752,43.18644],[-79.15792,43.18596],[-79.15816,43.18527],[-79.15788,43.18454],[-79.15737,43.18368],[-79.15648,43.18388],[-79.15592,43.18442],[-79.15392,43.18493],[-79.15318,43.18533],[-79.15273,43.18582],[-79.15239,43.18594],[-79.15148,43.18575],[-79.15115,43.18574]]]}},{"type":"Feature","properties":{"serie":"Malton","texture":"loam limono-argileux","code_texture":"SICL","drainage":"pauvre","pente":1.2,"classe_agricole":"3"},"geometry":{"type":"Polygon","coordinates":[[[-79.15771,43.19602],[-79.15795,43.19623],[-79.15833,43.19633],[-79.15935,43.19635],[-79.15928,43.19485],[-79.16209,43.19384],[-79.16269,43.19258],[-79.16345,43.19164],[-79.16452,43.19063],[-79.16511,43.18994],[-79.16542,43.18904],[-79.16519,43.18824],[-79.16435,43.1876],[-79.1638,43.18656],[-79.16323,43.18579],[-79.16268,43.18553],[-79.16203,43.18546],[-79.16117,43.18564],[-79.16038,43.18606],[-79.15919,43.18776],[-79.15832,43.18839],[-79.1577,43.18939],[-79.15754,43.19051],[-79.15771,43.19214],[-79.15765,43.19289],[-79.15739,43.19355],[-79.15657,43.19479],[-79.1565,43.19548],[-79.15712,43.19494],[-79.15808,43.19488],[-79.15819,43.19598],[-79.15771,43.19602]]]}},{"type":"Feature","properties":{"serie":"Vineland","texture":"VFSL","code_texture":"VFSL","drainage":"imparfait","pente":1.2,"classe_agricole":"1"},"geometry":{"type":"Polygon","coordinates":[[[-79.19244,43.19633],[-79.19281,43.1971],[-79.19333,43.19872],[-79.19402,43.19919],[-79.19429,43.19972],[-79.19501,43.20012],[-79.19763,43.19986],[-79.19838,43.20006],[-79.19827,43.20067],[-79.19766,43.20131],[-79.19815,43.20195],[-79.19847,43.20272],[-79.19857,43.2035],[-79.19892,43.20413],[-79.19951,43.20446],[-79.19973,43.20429],[-79.1999,43.20374],[-79.19908,43.20386],[-79.19909,43.20325],[-79.20239,43.20254],[-79.20276,43.2019],[-79.20318,43.20156],[-79.20421,43.20115],[-79.2046,43.20116],[-79.20401,43.19975],[-79.2036,43.1991],[-79.20092,43.19675],[-79.2011,43.20102],[-79.19999,43.20108],[-79.19994,43.20053],[-79.19929,43.20054],[-79.19921,43.19974],[-79.20042,43.19922],[-79.2003,43.19832],[-79.19816,43.19879],[-79.198,43.19718],[-79.2007,43.19644],[-79.20021,43.1959],[-79.19907,43.19625],[-79.19886,43.19603],[-79.19783,43.19634],[-79.19696,43.19542],[-79.19911,43.19473],[-79.19892,43.19448],[-79.19754,43.19372],[-79.19667,43.19349],[-79.19616,43.19402],[-79.19564,43.19433],[-79.19377,43.19482],[-79.19308,43.1952],[-79.19259,43.19576],[-79.19244,43.19633]]]}},{"type":"Feature","properties":{"serie":"Tavistock - Till Red Phase","texture":"VFSL","code_texture":"VFSL","drainage":"imparfait","pente":1.2,"classe_agricole":"1"},"geometry":{"type":"Polygon","coordinates":[[[-79.19439,43.21355],[-79.19464,43.21366],[-79.19466,43.21502],[-79.19488,43.21546],[-79.19535,43.21559],[-79.1958,43.21548],[-79.19616,43.21527],[-79.19675,43.21471],[-79.1973,43.21445],[-79.19719,43.21414],[-79.19726,43.2134],[-79.19756,43.21225],[-79.19775,43.21186],[-79.19793,43.21182],[-79.1979,43.21158],[-79.19774,43.21121],[-79.19728,43.21062],[-79.19668,43.21018],[-79.19635,43.20957],[-79.19667,43.20923],[-79.19704,43.20938],[-79.19714,43.20907],[-79.19628,43.20839],[-79.19577,43.20726],[-79.19588,43.20634],[-79.19653,43.20589],[-79.19719,43.2059],[-79.19727,43.20601],[-79.19825,43.20564],[-79.19739,43.20525],[-79.19598,43.2049],[-79.19551,43.20458],[-79.19542,43.20399],[-79.1958,43.20363],[-79.19632,43.20346],[-79.19687,43.2036],[-79.19738,43.20401],[-79.19924,43.20479],[-79.19951,43.20446],[-79.19892,43.20413],[-79.19857,43.2035],[-79.19847,43.20272],[-79.19815,43.20195],[-79.19766,43.20131],[-79.19827,43.20067],[-79.19838,43.20006],[-79.19763,43.19986],[-79.19501,43.20012],[-79.19429,43.19972],[-79.19402,43.19919],[-79.19333,43.19872],[-79.19281,43.1971],[-79.19244,43.19633],[-79.19216,43.19656],[-79.19159,43.19736],[-79.19188,43.19734],[-79.19207,43.19774],[-79.1921,43.19909],[-79.19201,43.19987],[-79.19168,43.20042],[-79.19159,43.201],[-79.19232,43.20089],[-79.19239,43.20145],[-79.19369,43.201],[-79.19379,43.2016],[-79.19098,43.20267],[-79.19093,43.2025],[-79.19056,43.20248],[-79.19042,43.20238],[-79.19013,43.20176],[-79.19023,43.20123],[-79.19019,43.20056],[-79.18984,43.20021],[-79.18981,43.19953],[-79.18962,43.19909],[-79.18969,43.19865],[-79.18946,43.19854],[-79.18892,43.19873],[-79.18866,43.19906],[-79.18885,43.19925],[-79.18904,43.20005],[-79.18913,43.20187],[-79.18876,43.20228],[-79.18847,43.20215],[-79.18831,43.20162],[-79.18803,43.20173],[-79.18793,43.20222],[-79.18817,43.20281],[-79.18883,43.20313],[-79.18955,43.20296],[-79.19045,43.20294],[-79.19231,43.20304],[-79.19293,43.20333],[-79.193,43.2038],[-79.19243,43.20418],[-79.19136,43.20462],[-79.19026,43.20534],[-79.18957,43.20625],[-79.18956,43.20792],[-79.18922,43.20866],[-79.18958,43.20925],[-79.18952,43.21003],[-79.1891,43.21046],[-79.1894,43.21104],[-79.18936,43.2115],[-79.18876,43.21198],[-79.1886,43.21258],[-79.18898,43.21303],[-79.18937,43.21316],[-79.18968,43.2131],[-79.1903,43.21318],[-79.19126,43.21268],[-79.19137,43.21354],[-79.19166,43.21376],[-79.19208,43.21363],[-79.19251,43.21314],[-79.19319,43.21274],[-79.19349,43.213],[-79.19335,43.21361],[-79.19266,43.21416],[-79.19271,43.21459],[-79.1932,43.21432],[-79.19377,43.21373],[-79.19429,43.21337],[-79.19439,43.21355]]]}},{"type":"Feature","properties":{"serie":"Chinguacousy","texture":"loam argileux","code_texture":"CL","drainage":"imparfait","pente":1.2,"classe_agricole":"2"},"geometry":{"type":"Polygon","coordinates":[[[-79.18199,43.1988],[-79.18291,43.19858],[-79.18375,43.19805],[-79.18432,43.19724],[-79.18427,43.19649],[-79.18396,43.19578],[-79.18277,43.19518],[-79.18179,43.19443],[-79.18112,43.19427],[-79.1801,43.19417],[-79.18014,43.19492],[-79.17937,43.19494],[-79.17897,43.19628],[-79.17845,43.19729],[-79.17891,43.1979],[-79.1798,43.19838],[-79.1804,43.19865],[-79.18107,43.19861],[-79.18199,43.1988]]]}},{"type":"Feature","properties":{"serie":"Tavistock - Till Phase","texture":"loam","code_texture":"L","drainage":"imparfait","pente":1.2,"classe_agricole":"1"},"geometry":{"type":"Polygon","coordinates":[[[-79.18969,43.19865],[-79.18962,43.19909],[-79.18981,43.19953],[-79.18984,43.20021],[-79.19019,43.20056],[-79.19023,43.20123],[-79.19013,43.20176],[-79.19042,43.20238],[-79.19056,43.20248],[-79.19093,43.2025],[-79.19094,43.20212],[-79.19146,43.20196],[-79.19168,43.20042],[-79.19201,43.19987],[-79.1921,43.19909],[-79.19207,43.19774],[-79.19188,43.19734],[-79.19139,43.19738],[-79.19069,43.19778],[-79.18998,43.19847],[-79.18969,43.19865]]]}},{"type":"Feature","properties":{"serie":"Jeddo","texture":"loam argileux","code_texture":"CL","drainage":"pauvre","pente":1.2,"classe_agricole":"3"},"geometry":{"type":"Polygon","coordinates":[[[-79.17785,43.19497],[-79.17802,43.19605],[-79.17775,43.1965],[-79.1773,43.19689],[-79.17754,43.19733],[-79.17786,43.19742],[-79.17808,43.19727],[-79.17845,43.19729],[-79.17897,43.19628],[-79.17937,43.19494],[-79.17785,43.19497]]]}},{"type":"Feature","properties":{"serie":"Chinguacousy","texture":"loam argileux","code_texture":"CL","drainage":"imparfait","pente":1.2,"classe_agricole":"2"},"geometry":{"type":"Polygon","coordinates":[[[-79.17038,43.20417],[-79.17137,43.20522],[-79.17227,43.20548],[-79.1731,43.20597],[-79.17376,43.20596],[-79.17354,43.20552],[-79.1739,43.20533],[-79.17574,43.20638],[-79.17691,43.20737],[-79.17764,43.20766],[-79.17808,43.20815],[-79.17893,43.20843],[-79.17951,43.20888],[-79.18021,43.20985],[-79.18045,43.21048],[-79.18037,43.21093],[-79.18046,43.21118],[-79.18189,43.21114],[-79.18226,43.21105],[-79.18238,43.21082],[-79.18193,43.2101],[-79.18278,43.21012],[-79.18329,43.20962],[-79.1833,43.20816],[-79.18362,43.20767],[-79.18342,43.20732],[-79.1836,43.20705],[-79.18419,43.20703],[-79.1845,43.2067],[-79.18527,43.20646],[-79.18532,43.20568],[-79.18471,43.20531],[-79.18466,43.20471],[-79.18476,43.20413],[-79.18431,43.20351],[-79.18451,43.20305],[-79.18487,43.20257],[-79.18491,43.20214],[-79.18441,43.20227],[-79.18383,43.20215],[-79.18344,43.20153],[-79.18156,43.20038],[-79.18134,43.19996],[-79.18073,43.19952],[-79.17967,43.19919],[-79.17872,43.19864],[-79.17813,43.19816],[-79.17789,43.19773],[-79.17786,43.19742],[-79.17754,43.19733],[-79.1773,43.19689],[-79.17775,43.1965],[-79.17802,43.19605],[-79.17785,43.19497],[-79.1752,43.19506],[-79.17541,43.19567],[-79.17531,43.1966],[-79.17563,43.19731],[-79.17522,43.19881],[-79.17557,43.19945],[-79.17649,43.19974],[-79.1767,43.2001],[-79.17501,43.20059],[-79.17452,43.20108],[-79.17402,43.20109],[-79.17399,43.20029],[-79.17335,43.19974],[-79.17305,43.19912],[-79.17288,43.19825],[-79.17282,43.19725],[-79.172,43.1966],[-79.17115,43.19677],[-79.1708,43.19751],[-79.17149,43.19749],[-79.17179,43.19972],[-79.17163,43.20021],[-79.17082,43.20003],[-79.1705,43.20082],[-79.17027,43.20194],[-79.16979,43.20266],[-79.16905,43.20308],[-79.16899,43.20335],[-79.17003,43.20386],[-79.17045,43.20371],[-79.17114,43.20298],[-79.17126,43.20207],[-79.17158,43.20143],[-79.1717,43.20054],[-79.17287,43.20042],[-79.17327,43.20103],[-79.17299,43.20194],[-79.17325,43.20229],[-79.17569,43.20171],[-79.17628,43.20179],[-79.17626,43.20227],[-79.17343,43.20393],[-79.1724,43.2043],[-79.17079,43.20411],[-79.17038,43.20417]],[[-79.17934,43.20161],[-79.18051,43.20108],[-79.18117,43.20132],[-79.18086,43.20269],[-79.18032,43.20322],[-79.17911,43.20366],[-79.1782,43.2042],[-79.17775,43.20488],[-79.17697,43.2052],[-79.17648,43.20512],[-79.17636,43.20425],[-79.17681,43.20338],[-79.17757,43.20291],[-79.1781,43.20227],[-79.17934,43.20161]]]}},{"type":"Feature","properties":{"serie":"Tuscola - Red Phase","texture":"loam","code_texture":"L","drainage":"imparfait","pente":1.2,"classe_agricole":"1"},"geometry":{"type":"Polygon","coordinates":[[[-79.2056,43.20705],[-79.20495,43.20728],[-79.20539,43.20829],[-79.20538,43.20869],[-79.20524,43.20895],[-79.20529,43.20928],[-79.20584,43.21024],[-79.20581,43.2106],[-79.20557,43.21098],[-79.2049,43.21166],[-79.20493,43.21213],[-79.20548,43.21347],[-79.20517,43.21603],[-79.20533,43.21697],[-79.20578,43.21793],[-79.20648,43.21774],[-79.20629,43.21669],[-79.20688,43.21482],[-79.20694,43.21406],[-79.20676,43.21219],[-79.20691,43.21175],[-79.20727,43.21124],[-79.20837,43.21023],[-79.20828,43.21008],[-79.20854,43.20944],[-79.20934,43.2091],[-79.20942,43.20876],[-79.209,43.20783],[-79.20876,43.20758],[-79.20771,43.20712],[-79.20752,43.20691],[-79.20756,43.20665],[-79.20789,43.20626],[-79.20668,43.20324],[-79.20619,43.20281],[-79.2063,43.20218],[-79.20583,43.20103],[-79.20539,43.20166],[-79.20498,43.202],[-79.2046,43.20116],[-79.20421,43.20115],[-79.20375,43.20129],[-79.20318,43.20156],[-79.20276,43.2019],[-79.20239,43.20254],[-79.20349,43.2023],[-79.20395,43.20329],[-79.20117,43.20402],[-79.20112,43.20345],[-79.1999,43.20374],[-79.19973,43.20429],[-79.19928,43.20468],[-79.19903,43.20526],[-79.19875,43.20548],[-79.19727,43.20601],[-79.19785,43.20714],[-79.19846,43.20787],[-79.19918,43.20839],[-79.19959,43.20926],[-79.19954,43.21016],[-79.19969,43.21099],[-79.19995,43.21164],[-79.19992,43.21239],[-79.19956,43.21316],[-79.19967,43.21396],[-79.201,43.21562],[-79.20111,43.21621],[-79.20106,43.21673],[-79.20135,43.21714],[-79.20198,43.21726],[-79.20187,43.21592],[-79.20202,43.21591],[-79.20155,43.2151],[-79.20147,43.21463],[-79.20088,43.21362],[-79.2007,43.21113],[-79.20096,43.21111],[-79.2006,43.21028],[-79.2003,43.20997],[-79.20004,43.20833],[-79.20014,43.20801],[-79.20037,43.20793],[-79.20037,43.2077],[-79.20136,43.20751],[-79.20138,43.20709],[-79.20211,43.20706],[-79.20215,43.20772],[-79.2027,43.20753],[-79.20298,43.20797],[-79.20392,43.20757],[-79.20358,43.20665],[-79.20461,43.20629],[-79.20478,43.20683],[-79.20547,43.20664],[-79.2056,43.20705]]]}},{"type":"Feature","properties":{"serie":"Tavistock - Till Phase","texture":"loam","code_texture":"L","drainage":"imparfait","pente":1.2,"classe_agricole":"1"},"geometry":{"type":"Polygon","coordinates":[[[-79.1827,43.19936],[-79.18223,43.19951],[-79.18223,43.19983],[-79.1828,43.19989],[-79.18373,43.20068],[-79.18447,43.20102],[-79.18564,43.2018],[-79.18578,43.20222],[-79.18569,43.20352],[-79.18594,43.20378],[-79.18615,43.20424],[-79.18641,43.20434],[-79.18654,43.20413],[-79.1861,43.20209],[-79.18616,43.20179],[-79.18653,43.20187],[-79.18686,43.20256],[-79.18689,43.20323],[-79.18711,43.20327],[-79.18747,43.20275],[-79.18806,43.20259],[-79.18793,43.20222],[-79.18803,43.20173],[-79.18831,43.20162],[-79.18847,43.20215],[-79.18876,43.20228],[-79.18913,43.20187],[-79.18904,43.20005],[-79.18885,43.19925],[-79.18847,43.19889],[-79.18798,43.19888],[-79.1878,43.19949],[-79.18792,43.20088],[-79.18776,43.20128],[-79.18739,43.2014],[-79.18669,43.20123],[-79.18592,43.2008],[-79.18523,43.2002],[-79.18451,43.19893],[-79.18431,43.19878],[-79.18283,43.19932],[-79.1827,43.19936]]]}},{"type":"Feature","properties":{"serie":"Not Mapped","texture":"NA","code_texture":"NA","drainage":null,"pente":-9,"classe_agricole":"0"},"geometry":{"type":"Polygon","coordinates":[[[-79.1999,43.20374],[-79.20112,43.20345],[-79.20117,43.20402],[-79.20395,43.20329],[-79.20349,43.2023],[-79.19909,43.20325],[-79.19908,43.20386],[-79.1999,43.20374]]]}},{"type":"Feature","properties":{"serie":"Oneida","texture":"loam argileux","code_texture":"CL","drainage":"modérément bon","pente":22.5,"classe_agricole":"5"},"geometry":{"type":"Polygon","coordinates":[[[-79.18003,43.21639],[-79.18035,43.2168],[-79.18065,43.21639],[-79.18103,43.2166],[-79.18124,43.21692],[-79.1817,43.21684],[-79.18195,43.21637],[-79.18182,43.21603],[-79.18181,43.21564],[-79.18195,43.21499],[-79.18167,43.21463],[-79.182,43.21414],[-79.18362,43.2131],[-79.18347,43.21266],[-79.18363,43.21195],[-79.18322,43.21121],[-79.18479,43.20928],[-79.1854,43.20807],[-79.18595,43.20737],[-79.18709,43.20691],[-79.18723,43.20642],[-79.18686,43.20616],[-79.18711,43.20591],[-79.18704,43.20505],[-79.18754,43.20425],[-79.18821,43.20356],[-79.18883,43.20313],[-79.18817,43.20281],[-79.18806,43.20259],[-79.18747,43.20275],[-79.18711,43.20327],[-79.18689,43.20323],[-79.18686,43.20256],[-79.18653,43.20187],[-79.18616,43.20179],[-79.1861,43.20209],[-79.18654,43.20413],[-79.18641,43.20434],[-79.18615,43.20424],[-79.18594,43.20378],[-79.18569,43.20352],[-79.18578,43.20222],[-79.18564,43.2018],[-79.18447,43.20102],[-79.18373,43.20068],[-79.1828,43.19989],[-79.18223,43.19983],[-79.18223,43.19951],[-79.1827,43.19936],[-79.1827,43.19862],[-79.18199,43.1988],[-79.18107,43.19861],[-79.1804,43.19865],[-79.17891,43.1979],[-79.17845,43.19729],[-79.17808,43.19727],[-79.17786,43.19742],[-79.17789,43.19773],[-79.17813,43.19816],[-79.17872,43.19864],[-79.17967,43.19919],[-79.18073,43.19952],[-79.18134,43.19996],[-79.18156,43.20038],[-79.18344,43.20153],[-79.18383,43.20215],[-79.18441,43.20227],[-79.18491,43.20214],[-79.18487,43.20257],[-79.18451,43.20305],[-79.18431,43.20351],[-79.18476,43.20413],[-79.18466,43.20471],[-79.18471,43.20531],[-79.18532,43.20568],[-79.18527,43.20646],[-79.1845,43.2067],[-79.18419,43.20703],[-79.1836,43.20705],[-79.18342,43.20732],[-79.18362,43.20767],[-79.1833,43.20816],[-79.18329,43.20962],[-79.18278,43.21012],[-79.18193,43.2101],[-79.18238,43.21082],[-79.18226,43.21105],[-79.18103,43.21117],[-79.18046,43.21118],[-79.18037,43.21093],[-79.18045,43.21048],[-79.18021,43.20985],[-79.17951,43.20888],[-79.17893,43.20843],[-79.17808,43.20815],[-79.17764,43.20766],[-79.17691,43.20737],[-79.17574,43.20638],[-79.1739,43.20533],[-79.17354,43.20552],[-79.17376,43.20596],[-79.1731,43.20597],[-79.17227,43.20548],[-79.17137,43.20522],[-79.17003,43.20386],[-79.16943,43.20352],[-79.16899,43.20335],[-79.16878,43.20367],[-79.16896,43.20396],[-79.17032,43.20487],[-79.17072,43.20562],[-79.17163,43.20599],[-79.17209,43.20657],[-79.1733,43.20652],[-79.17415,43.20672],[-79.17552,43.20718],[-79.17656,43.20783],[-79.17823,43.20907],[-79.17857,43.20984],[-79.17857,43.21029],[-79.17874,43.21061],[-79.17901,43.21077],[-79.17938,43.21128],[-79.17973,43.21196],[-79.18074,43.21195],[-79.18077,43.21228],[-79.1816,43.2126],[-79.18013,43.21333],[-79.18006,43.21375],[-79.18019,43.21528],[-79.1801,43.21599],[-79.18003,43.21639]],[[-79.18246,43.21157],[-79.18275,43.21158],[-79.18322,43.21226],[-79.18299,43.21304],[-79.18234,43.21362],[-79.18145,43.21415],[-79.18134,43.21418],[-79.18126,43.21407],[-79.18141,43.21369],[-79.18227,43.21309],[-79.18254,43.2128],[-79.1826,43.21235],[-79.18225,43.21187],[-79.18231,43.21162],[-79.18246,43.21157]]]}},{"type":"Feature","properties":{"serie":"Jeddo","texture":"loam argileux","code_texture":"CL","drainage":"pauvre","pente":1.2,"classe_agricole":"3"},"geometry":{"type":"Polygon","coordinates":[[[-79.16693,43.19649],[-79.16735,43.19689],[-79.16796,43.1972],[-79.16836,43.19762],[-79.16822,43.19809],[-79.16709,43.1991],[-79.1669,43.19995],[-79.16645,43.20066],[-79.16587,43.20132],[-79.16484,43.2023],[-79.16407,43.20256],[-79.1639,43.20295],[-79.16461,43.20337],[-79.16484,43.20397],[-79.1645,43.20442],[-79.16498,43.20469],[-79.16565,43.20461],[-79.16617,43.20421],[-79.16651,43.20365],[-79.16684,43.20282],[-79.16745,43.20248],[-79.16849,43.20262],[-79.16886,43.2021],[-79.16908,43.20125],[-79.16952,43.20047],[-79.16873,43.20023],[-79.16828,43.20021],[-79.16926,43.19909],[-79.16943,43.19785],[-79.16904,43.19563],[-79.16693,43.19649]]]}},{"type":"Feature","properties":{"serie":"Not Mapped","texture":"NA","code_texture":"NA","drainage":null,"pente":-9,"classe_agricole":"0"},"geometry":{"type":"Polygon","coordinates":[[[-79.19093,43.2025],[-79.19098,43.20267],[-79.19379,43.2016],[-79.19369,43.201],[-79.19239,43.20145],[-79.19232,43.20089],[-79.19159,43.201],[-79.19146,43.20196],[-79.19094,43.20212],[-79.19093,43.2025]]]}},{"type":"Feature","properties":{"serie":"Not Mapped","texture":"NA","code_texture":"NA","drainage":null,"pente":-9,"classe_agricole":"0"},"geometry":{"type":"Polygon","coordinates":[[[-79.15481,43.19535],[-79.15466,43.19545],[-79.15561,43.19612],[-79.1545,43.19708],[-79.15501,43.19738],[-79.15663,43.19609],[-79.15819,43.19598],[-79.15808,43.19488],[-79.15712,43.19494],[-79.1565,43.19548],[-79.1555,43.19489],[-79.15481,43.19535]]]}},{"type":"Feature","properties":{"serie":"Fonthill","texture":"CSL","code_texture":"CSL","drainage":"rapide","pente":3.5,"classe_agricole":"2"},"geometry":{"type":"Polygon","coordinates":[[[-79.17359,43.19995],[-79.17399,43.20029],[-79.17402,43.20109],[-79.17452,43.20108],[-79.17501,43.20059],[-79.1767,43.2001],[-79.17649,43.19974],[-79.17557,43.19945],[-79.17533,43.199],[-79.17488,43.19961],[-79.17443,43.19981],[-79.17359,43.19995]]]}},{"type":"Feature","properties":{"serie":"Tavistock - Till Red Phase","texture":"VFSL","code_texture":"VFSL","drainage":"imparfait","pente":1.2,"classe_agricole":"1"},"geometry":{"type":"Polygon","coordinates":[[[-79.19924,43.20479],[-79.19738,43.20401],[-79.19687,43.2036],[-79.19632,43.20346],[-79.1958,43.20363],[-79.19542,43.20399],[-79.19551,43.20458],[-79.19598,43.2049],[-79.19739,43.20525],[-79.19825,43.20564],[-79.19875,43.20548],[-79.19903,43.20526],[-79.19918,43.20494],[-79.19924,43.20479]]]}},{"type":"Feature","properties":{"serie":"Jeddo - Red Washed Phase","texture":"loam","code_texture":"L","drainage":"pauvre","pente":1.2,"classe_agricole":"3"},"geometry":{"type":"Polygon","coordinates":[[[-79.15315,43.19758],[-79.15357,43.19799],[-79.15405,43.19821],[-79.155,43.19821],[-79.15567,43.19798],[-79.15623,43.19754],[-79.15652,43.19692],[-79.15636,43.1965],[-79.15622,43.19642],[-79.15501,43.19738],[-79.1545,43.19708],[-79.15561,43.19612],[-79.15466,43.19545],[-79.15481,43.19535],[-79.15451,43.19528],[-79.15409,43.19533],[-79.15301,43.19575],[-79.15257,43.1961],[-79.15237,43.19644],[-79.15252,43.19685],[-79.15284,43.19722],[-79.15315,43.19758]]]}},{"type":"Feature","properties":{"serie":"Vineland","texture":"VFSL","code_texture":"VFSL","drainage":"imparfait","pente":1.2,"classe_agricole":"1"},"geometry":{"type":"Polygon","coordinates":[[[-79.18354,43.21234],[-79.18386,43.21241],[-79.18425,43.21232],[-79.1846,43.21154],[-79.18518,43.21121],[-79.1855,43.21071],[-79.18593,43.21028],[-79.18708,43.21054],[-79.18734,43.21002],[-79.18763,43.20912],[-79.1882,43.20874],[-79.18856,43.20922],[-79.18869,43.21013],[-79.1891,43.21046],[-79.18952,43.21003],[-79.18958,43.20925],[-79.18922,43.20866],[-79.18956,43.20792],[-79.18957,43.20625],[-79.19026,43.20534],[-79.19136,43.20462],[-79.19243,43.20418],[-79.193,43.2038],[-79.19293,43.20333],[-79.19231,43.20304],[-79.19045,43.20294],[-79.18955,43.20296],[-79.18883,43.20313],[-79.18821,43.20356],[-79.18754,43.20425],[-79.18704,43.20505],[-79.18711,43.20591],[-79.18686,43.20616],[-79.18723,43.20642],[-79.18709,43.20691],[-79.18595,43.20737],[-79.1854,43.20807],[-79.18479,43.20928],[-79.18322,43.21121],[-79.18363,43.21195],[-79.18354,43.21234]]]}},{"type":"Feature","properties":{"serie":"Chinguacousy - Red Washed Phase","texture":"loam","code_texture":"L","drainage":"imparfait","pente":1.2,"classe_agricole":"1"},"geometry":{"type":"Polygon","coordinates":[[[-79.17934,43.20161],[-79.1781,43.20227],[-79.17757,43.20291],[-79.17681,43.20338],[-79.17636,43.20425],[-79.17648,43.20512],[-79.17697,43.2052],[-79.17723,43.20514],[-79.17775,43.20488],[-79.1782,43.2042],[-79.17911,43.20366],[-79.18032,43.20322],[-79.18086,43.20269],[-79.18117,43.20132],[-79.18051,43.20108],[-79.17934,43.20161]]]}},{"type":"Feature","properties":{"serie":"Not Mapped","texture":"NA","code_texture":"NA","drainage":null,"pente":-9,"classe_agricole":"0"},"geometry":{"type":"Polygon","coordinates":[[[-79.20037,43.20793],[-79.20044,43.20889],[-79.20182,43.2084],[-79.20236,43.20927],[-79.20533,43.20811],[-79.20495,43.20728],[-79.2056,43.20705],[-79.20547,43.20664],[-79.20478,43.20683],[-79.20461,43.20629],[-79.20358,43.20665],[-79.20392,43.20757],[-79.20298,43.20797],[-79.2027,43.20753],[-79.20215,43.20772],[-79.20211,43.20706],[-79.20138,43.20709],[-79.20136,43.20751],[-79.20037,43.2077],[-79.20037,43.20793]]]}},{"type":"Feature","properties":{"serie":"Chinguacousy","texture":"loam argileux","code_texture":"CL","drainage":"imparfait","pente":1.2,"classe_agricole":"2"},"geometry":{"type":"Polygon","coordinates":[[[-79.16323,43.20347],[-79.16338,43.20265],[-79.16374,43.20219],[-79.16544,43.20125],[-79.16581,43.20004],[-79.16582,43.19927],[-79.16564,43.1988],[-79.1648,43.19876],[-79.16392,43.1991],[-79.163,43.20064],[-79.16219,43.20099],[-79.1615,43.20146],[-79.1608,43.2025],[-79.16018,43.20315],[-79.15931,43.20354],[-79.15911,43.20424],[-79.15964,43.20479],[-79.15996,43.20482],[-79.15993,43.20417],[-79.16047,43.20394],[-79.16094,43.20445],[-79.16175,43.20355],[-79.16258,43.20342],[-79.16323,43.20347]]]}},{"type":"Feature","properties":{"serie":"Jeddo","texture":"loam argileux","code_texture":"CL","drainage":"pauvre","pente":1.2,"classe_agricole":"3"},"geometry":{"type":"Polygon","coordinates":[[[-79.17038,43.20417],[-79.17079,43.20411],[-79.1724,43.2043],[-79.17343,43.20393],[-79.17626,43.20227],[-79.17628,43.20179],[-79.17569,43.20171],[-79.17325,43.20229],[-79.17299,43.20194],[-79.17327,43.20103],[-79.17287,43.20042],[-79.1717,43.20054],[-79.17158,43.20143],[-79.17126,43.20207],[-79.17114,43.20298],[-79.17045,43.20371],[-79.17003,43.20386],[-79.17038,43.20417]]]}},{"type":"Feature","properties":{"serie":"Tavistock - Till Red Phase","texture":"VFSL","code_texture":"VFSL","drainage":"imparfait","pente":3.5,"classe_agricole":"2"},"geometry":{"type":"Polygon","coordinates":[[[-79.19793,43.21182],[-79.19836,43.21197],[-79.19849,43.21237],[-79.19834,43.21316],[-79.19844,43.21325],[-79.1987,43.21311],[-79.19914,43.21306],[-79.19956,43.21316],[-79.19992,43.21239],[-79.19995,43.21164],[-79.19969,43.21099],[-79.19954,43.21016],[-79.19959,43.20926],[-79.19918,43.20839],[-79.19846,43.20787],[-79.19785,43.20714],[-79.19748,43.20629],[-79.19719,43.2059],[-79.19653,43.20589],[-79.19588,43.20634],[-79.19577,43.20726],[-79.19628,43.20839],[-79.19714,43.20907],[-79.19704,43.20938],[-79.19667,43.20923],[-79.19635,43.20957],[-79.19668,43.21018],[-79.19728,43.21062],[-79.19774,43.21121],[-79.1979,43.21158],[-79.19793,43.21182]]]}},{"type":"Feature","properties":{"serie":"Vittoria - Red Phase","texture":"VFSL","code_texture":"VFSL","drainage":"imparfait","pente":1.2,"classe_agricole":"1"},"geometry":{"type":"Polygon","coordinates":[[[-79.20231,43.21273],[-79.20279,43.21353],[-79.20309,43.2137],[-79.20354,43.2137],[-79.20388,43.21353],[-79.20393,43.21285],[-79.20347,43.21247],[-79.2032,43.21198],[-79.20395,43.21164],[-79.20435,43.21106],[-79.20455,43.21041],[-79.20456,43.2097],[-79.20417,43.20871],[-79.2041,43.20858],[-79.20236,43.20927],[-79.20182,43.2084],[-79.20044,43.20889],[-79.20037,43.20793],[-79.20014,43.20801],[-79.20004,43.20833],[-79.2003,43.20997],[-79.2006,43.21028],[-79.20096,43.21111],[-79.20366,43.21095],[-79.20365,43.21155],[-79.20263,43.21171],[-79.20252,43.21272],[-79.20231,43.21273]]]}},{"type":"Feature","properties":{"serie":"Jeddo","texture":"loam argileux","code_texture":"CL","drainage":"pauvre","pente":1.2,"classe_agricole":"3"},"geometry":{"type":"Polygon","coordinates":[[[-79.15662,43.20209],[-79.15704,43.20287],[-79.15796,43.20322],[-79.15846,43.20314],[-79.15881,43.2029],[-79.1599,43.20181],[-79.16018,43.20116],[-79.15977,43.20078],[-79.15897,43.20083],[-79.15848,43.20128],[-79.15801,43.20149],[-79.15769,43.20141],[-79.15741,43.19989],[-79.15683,43.1996],[-79.15659,43.20029],[-79.15673,43.20126],[-79.15662,43.20209]]]}},{"type":"Feature","properties":{"serie":"Chinguacousy","texture":"loam argileux","code_texture":"CL","drainage":"imparfait","pente":1.2,"classe_agricole":"2"},"geometry":{"type":"Polygon","coordinates":[[[-79.16878,43.20367],[-79.16857,43.20376],[-79.16822,43.20413],[-79.16796,43.20476],[-79.16648,43.20525],[-79.1662,43.20575],[-79.16674,43.20612],[-79.16799,43.20593],[-79.16896,43.20557],[-79.16961,43.20497],[-79.17013,43.20473],[-79.16896,43.20396],[-79.16878,43.20367]]]}},{"type":"Feature","properties":{"serie":"Not Mapped","texture":"NA","code_texture":"NA","drainage":null,"pente":-9,"classe_agricole":"0"},"geometry":{"type":"Polygon","coordinates":[[[-79.20096,43.21111],[-79.2007,43.21113],[-79.20088,43.21362],[-79.20167,43.21353],[-79.20169,43.21276],[-79.20252,43.21272],[-79.20263,43.21171],[-79.20365,43.21155],[-79.20366,43.21095],[-79.20096,43.21111]]]}},{"type":"Feature","properties":{"serie":"Chinguacousy - Washed Phase","texture":"loam","code_texture":"L","drainage":"imparfait","pente":3.5,"classe_agricole":"2"},"geometry":{"type":"Polygon","coordinates":[[[-79.16161,43.2054],[-79.16196,43.20546],[-79.16308,43.20533],[-79.16428,43.20417],[-79.1641,43.20367],[-79.16345,43.20349],[-79.16258,43.20342],[-79.16175,43.20355],[-79.16094,43.20445],[-79.16158,43.20524],[-79.16161,43.2054]]]}},{"type":"Feature","properties":{"serie":"Tavistock - Till Red Phase","texture":"VFSL","code_texture":"VFSL","drainage":"imparfait","pente":1.2,"classe_agricole":"1"},"geometry":{"type":"Polygon","coordinates":[[[-79.18362,43.2131],[-79.18381,43.21296],[-79.18483,43.21269],[-79.18605,43.21264],[-79.18646,43.21306],[-79.18565,43.21408],[-79.18605,43.21442],[-79.18699,43.21434],[-79.1892,43.21364],[-79.18931,43.2136],[-79.18937,43.21316],[-79.18898,43.21303],[-79.1886,43.21258],[-79.18876,43.21198],[-79.18936,43.2115],[-79.1894,43.21104],[-79.1891,43.21046],[-79.18869,43.21013],[-79.18856,43.20922],[-79.1882,43.20874],[-79.18763,43.20912],[-79.18734,43.21002],[-79.18708,43.21054],[-79.18593,43.21028],[-79.1855,43.21071],[-79.18518,43.21121],[-79.1846,43.21154],[-79.18425,43.21232],[-79.18386,43.21241],[-79.18354,43.21234],[-79.18347,43.21266],[-79.18361,43.21308],[-79.18362,43.2131]]]}},{"type":"Feature","properties":{"serie":"Chinguacousy","texture":"loam argileux","code_texture":"CL","drainage":"imparfait","pente":1.2,"classe_agricole":"2"},"geometry":{"type":"Polygon","coordinates":[[[-79.17585,43.21108],[-79.17581,43.21243],[-79.17667,43.21307],[-79.17751,43.21292],[-79.17791,43.21219],[-79.1781,43.21126],[-79.17874,43.21061],[-79.17857,43.21029],[-79.17857,43.20984],[-79.17823,43.20907],[-79.17656,43.20783],[-79.17552,43.20718],[-79.1733,43.20652],[-79.17209,43.20657],[-79.17226,43.20704],[-79.17318,43.20764],[-79.17371,43.20824],[-79.17443,43.20984],[-79.17532,43.21007],[-79.17587,43.21041],[-79.17585,43.21108]]]}},{"type":"Feature","properties":{"serie":"Not Mapped","texture":"NA","code_texture":"NA","drainage":null,"pente":-9,"classe_agricole":"0"},"geometry":{"type":"Polygon","coordinates":[[[-79.15996,43.20482],[-79.16009,43.20732],[-79.16156,43.20721],[-79.16161,43.2054],[-79.16144,43.20502],[-79.16047,43.20394],[-79.15993,43.20417],[-79.15996,43.20482]]]}},{"type":"Feature","properties":{"serie":"Chinguacousy - Washed Phase","texture":"loam","code_texture":"L","drainage":"imparfait","pente":3.5,"classe_agricole":"2"},"geometry":{"type":"Polygon","coordinates":[[[-79.17339,43.21139],[-79.17327,43.21153],[-79.1741,43.21182],[-79.17506,43.21153],[-79.17585,43.21108],[-79.17587,43.21041],[-79.17532,43.21007],[-79.17443,43.20984],[-79.17371,43.20824],[-79.17318,43.20764],[-79.17226,43.20704],[-79.17209,43.20657],[-79.17177,43.20671],[-79.17111,43.20759],[-79.17032,43.20817],[-79.16996,43.20828],[-79.16908,43.20819],[-79.16878,43.20863],[-79.16834,43.20884],[-79.16785,43.2086],[-79.16766,43.20871],[-79.16722,43.21046],[-79.16825,43.21046],[-79.16841,43.21014],[-79.1692,43.20967],[-79.17015,43.20935],[-79.17134,43.20924],[-79.1722,43.20948],[-79.17383,43.21069],[-79.17357,43.2112],[-79.17339,43.21139]]]}},{"type":"Feature","properties":{"serie":"Vineland","texture":"VFSL","code_texture":"VFSL","drainage":"imparfait","pente":3.5,"classe_agricole":"2"},"geometry":{"type":"Polygon","coordinates":[[[-79.2006,43.21761],[-79.20199,43.21754],[-79.20198,43.21726],[-79.20135,43.21714],[-79.20129,43.21732],[-79.20076,43.2171],[-79.20033,43.21646],[-79.20007,43.21585],[-79.19869,43.21462],[-79.19836,43.21361],[-79.19844,43.21325],[-79.19834,43.21316],[-79.19849,43.21237],[-79.19836,43.21197],[-79.19793,43.21182],[-79.19775,43.21186],[-79.19756,43.21225],[-79.19726,43.2134],[-79.19719,43.21414],[-79.1975,43.21502],[-79.19912,43.21662],[-79.20002,43.21731],[-79.2006,43.21761]]]}},{"type":"Feature","properties":{"serie":"Vineland","texture":"VFSL","code_texture":"VFSL","drainage":"imparfait","pente":3.5,"classe_agricole":"2"},"geometry":{"type":"Polygon","coordinates":[[[-79.19844,43.21325],[-79.19836,43.21361],[-79.19842,43.21397],[-79.19869,43.21462],[-79.20007,43.21585],[-79.20033,43.21646],[-79.20076,43.2171],[-79.20129,43.21732],[-79.20135,43.21714],[-79.20106,43.21673],[-79.20111,43.21621],[-79.201,43.21562],[-79.19967,43.21396],[-79.19956,43.21316],[-79.19914,43.21306],[-79.1987,43.21311],[-79.19844,43.21325]]]}},{"type":"Feature","properties":{"serie":"Chinguacousy - Washed Phase","texture":"loam","code_texture":"L","drainage":"imparfait","pente":3.5,"classe_agricole":"2"},"geometry":{"type":"Polygon","coordinates":[[[-79.16194,43.20775],[-79.16127,43.20807],[-79.16107,43.20845],[-79.1615,43.20869],[-79.16235,43.20873],[-79.16316,43.20929],[-79.16393,43.20965],[-79.16481,43.20972],[-79.16551,43.20957],[-79.16595,43.20911],[-79.16593,43.20862],[-79.16563,43.2081],[-79.16484,43.20782],[-79.16274,43.20765],[-79.16194,43.20775]]]}},{"type":"Feature","properties":{"serie":"Jeddo","texture":"loam argileux","code_texture":"CL","drainage":"pauvre","pente":1.2,"classe_agricole":"3"},"geometry":{"type":"Polygon","coordinates":[[[-79.15985,43.22865],[-79.16002,43.22862],[-79.16036,43.22915],[-79.16055,43.22923],[-79.1607,43.22901],[-79.16073,43.22841],[-79.16096,43.22773],[-79.16133,43.2276],[-79.16201,43.22776],[-79.16213,43.2274],[-79.16199,43.22689],[-79.16255,43.22607],[-79.16358,43.22486],[-79.16428,43.2238],[-79.16461,43.22288],[-79.16444,43.2221],[-79.16389,43.22139],[-79.16358,43.22074],[-79.16459,43.21892],[-79.16477,43.21788],[-79.1647,43.21684],[-79.16512,43.21547],[-79.16616,43.21363],[-79.16693,43.21185],[-79.16766,43.20871],[-79.16785,43.2086],[-79.16834,43.20884],[-79.16878,43.20863],[-79.16908,43.20819],[-79.16996,43.20828],[-79.17032,43.20817],[-79.17111,43.20759],[-79.17177,43.20671],[-79.17209,43.20657],[-79.17163,43.20599],[-79.17072,43.20562],[-79.17032,43.20487],[-79.17013,43.20473],[-79.16961,43.20497],[-79.16896,43.20557],[-79.16799,43.20593],[-79.16674,43.20612],[-79.1662,43.20575],[-79.16648,43.20525],[-79.16796,43.20476],[-79.16822,43.20413],[-79.16857,43.20376],[-79.16878,43.20367],[-79.16905,43.20308],[-79.16979,43.20266],[-79.17027,43.20194],[-79.1705,43.20082],[-79.17082,43.20003],[-79.17163,43.20021],[-79.17179,43.19972],[-79.17149,43.19749],[-79.1708,43.19751],[-79.17115,43.19677],[-79.172,43.1966],[-79.17282,43.19725],[-79.17288,43.19825],[-79.17305,43.19912],[-79.17335,43.19974],[-79.17359,43.19995],[-79.17443,43.19981],[-79.17488,43.19961],[-79.17533,43.199],[-79.17522,43.19881],[-79.17563,43.19731],[-79.17531,43.1966],[-79.17541,43.19567],[-79.1752,43.19506],[-79.17009,43.19519],[-79.16904,43.19563],[-79.16943,43.19785],[-79.16926,43.19909],[-79.16828,43.20021],[-79.16873,43.20023],[-79.16952,43.20047],[-79.16908,43.20125],[-79.16886,43.2021],[-79.16849,43.20262],[-79.16745,43.20248],[-79.16684,43.20282],[-79.16651,43.20365],[-79.16617,43.20421],[-79.16565,43.20461],[-79.16498,43.20469],[-79.1645,43.20442],[-79.16484,43.20397],[-79.16461,43.20337],[-79.1639,43.20295],[-79.16407,43.20256],[-79.16484,43.2023],[-79.16587,43.20132],[-79.16645,43.20066],[-79.1669,43.19995],[-79.16709,43.1991],[-79.16822,43.19809],[-79.16836,43.19762],[-79.16796,43.1972],[-79.16735,43.19689],[-79.16693,43.19649],[-79.16468,43.19742],[-79.16468,43.19786],[-79.15953,43.19978],[-79.15935,43.19635],[-79.15833,43.19633],[-79.15795,43.19623],[-79.15771,43.19602],[-79.15663,43.19609],[-79.15622,43.19642],[-79.15636,43.1965],[-79.15652,43.19692],[-79.15623,43.19754],[-79.15567,43.19798],[-79.155,43.19821],[-79.15405,43.19821],[-79.15357,43.19799],[-79.15315,43.19758],[-79.15204,43.19824],[-79.1515,43.19841],[-79.15103,43.19821],[-79.15057,43.19834],[-79.1499,43.19889],[-79.1489,43.19904],[-79.14804,43.19931],[-79.14782,43.19987],[-79.14848,43.20007],[-79.15025,43.19995],[-79.15092,43.20017],[-79.15103,43.20063],[-79.15087,43.20093],[-79.14959,43.20137],[-79.14943,43.20167],[-79.14976,43.20179],[-79.15267,43.20136],[-79.1536,43.20106],[-79.15446,43.20153],[-79.15435,43.20219],[-79.15367,43.2026],[-79.15281,43.20282],[-79.15219,43.20318],[-79.15233,43.20341],[-79.15291,43.20364],[-79.1536,43.20372],[-79.15367,43.2041],[-79.15315,43.2044],[-79.15234,43.20469],[-79.15174,43.20525],[-79.15178,43.20583],[-79.15193,43.20575],[-79.15253,43.20615],[-79.15294,43.20711],[-79.1536,43.20815],[-79.15445,43.20847],[-79.15498,43.20937],[-79.15471,43.21027],[-79.15413,43.21109],[-79.15385,43.21191],[-79.15323,43.21215],[-79.15236,43.21182],[-79.15214,43.21234],[-79.15293,43.21268],[-79.15424,43.21277],[-79.15461,43.21295],[-79.15463,43.2133],[-79.15438,43.21376],[-79.15373,43.21436],[-79.15404,43.21458],[-79.15435,43.21459],[-79.15566,43.21396],[-79.15584,43.21364],[-79.1556,43.21245],[-79.1559,43.21196],[-79.15594,43.21118],[-79.15579,43.21038],[-79.15645,43.20865],[-79.15637,43.20708],[-79.15671,43.20665],[-79.15727,43.20647],[-79.15788,43.20652],[-79.15804,43.20704],[-79.15796,43.20768],[-79.15849,43.20845],[-79.15881,43.20949],[-79.15828,43.21053],[-79.15835,43.21167],[-79.15866,43.21272],[-79.15921,43.21356],[-79.15915,43.21443],[-79.15946,43.21516],[-79.15856,43.21642],[-79.15715,43.21712],[-79.15862,43.21774],[-79.15893,43.21839],[-79.15952,43.2188],[-79.16065,43.21809],[-79.16125,43.21761],[-79.16152,43.21694],[-79.16139,43.21635],[-79.16085,43.21567],[-79.16105,43.21498],[-79.16189,43.21489],[-79.1622,43.21469],[-79.16144,43.21435],[-79.16062,43.21382],[-79.16081,43.21318],[-79.16133,43.21322],[-79.16194,43.21366],[-79.16241,43.21386],[-79.16245,43.21356],[-79.16155,43.21284],[-79.16068,43.21246],[-79.1609,43.21222],[-79.16162,43.21201],[-79.16209,43.21096],[-79.163,43.21053],[-79.16413,43.21069],[-79.16498,43.21144],[-79.16549,43.21256],[-79.16542,43.21338],[-79.1651,43.21372],[-79.16462,43.2137],[-79.16423,43.214],[-79.16419,43.21555],[-79.16341,43.21657],[-79.1632,43.21727],[-79.16316,43.21804],[-79.1629,43.21864],[-79.16211,43.21986],[-79.16288,43.22357],[-79.16252,43.22448],[-79.16084,43.22632],[-79.16027,43.22711],[-79.1598,43.22796],[-79.15982,43.22822],[-79.15985,43.22865]],[[-79.16161,43.2054],[-79.16156,43.20721],[-79.16009,43.20732],[-79.15996,43.20482],[-79.15964,43.20479],[-79.15911,43.20424],[-79.15931,43.20354],[-79.16018,43.20315],[-79.1608,43.2025],[-79.1615,43.20146],[-79.16219,43.20099],[-79.163,43.20064],[-79.16392,43.1991],[-79.1648,43.19876],[-79.16564,43.1988],[-79.16582,43.19927],[-79.16581,43.20004],[-79.16544,43.20125],[-79.16374,43.20219],[-79.16338,43.20265],[-79.16323,43.20347],[-79.1641,43.20367],[-79.16428,43.20417],[-79.16308,43.20533],[-79.16196,43.20546],[-79.16161,43.2054]],[[-79.16194,43.20775],[-79.16274,43.20765],[-79.16379,43.2077],[-79.16484,43.20782],[-79.16563,43.2081],[-79.16593,43.20862],[-79.16595,43.20911],[-79.16551,43.20957],[-79.16481,43.20972],[-79.16393,43.20965],[-79.16316,43.20929],[-79.16235,43.20873],[-79.1615,43.20869],[-79.16107,43.20845],[-79.16127,43.20807],[-79.16194,43.20775]],[[-79.15662,43.20209],[-79.15673,43.20126],[-79.15659,43.20029],[-79.15683,43.1996],[-79.15741,43.19989],[-79.15769,43.20141],[-79.15801,43.20149],[-79.15848,43.20128],[-79.15897,43.20083],[-79.15977,43.20078],[-79.16018,43.20116],[-79.1599,43.20181],[-79.15881,43.2029],[-79.15846,43.20314],[-79.15796,43.20322],[-79.15704,43.20287],[-79.15662,43.20209]]]}},{"type":"Feature","properties":{"serie":"Not Mapped","texture":"NA","code_texture":"NA","drainage":null,"pente":-9,"classe_agricole":"0"},"geometry":{"type":"Polygon","coordinates":[[[-79.21086,43.21658],[-79.21127,43.21787],[-79.21065,43.21798],[-79.21058,43.22006],[-79.21096,43.22016],[-79.21209,43.22112],[-79.21052,43.22121],[-79.21042,43.22062],[-79.20937,43.22069],[-79.20914,43.22393],[-79.20729,43.22399],[-79.2071,43.22528],[-79.20751,43.2253],[-79.20755,43.22584],[-79.20569,43.22601],[-79.20537,43.22379],[-79.2062,43.22391],[-79.20577,43.22128],[-79.20717,43.22108],[-79.20687,43.21878],[-79.20648,43.21774],[-79.20508,43.21811],[-79.20533,43.21879],[-79.20533,43.2191],[-79.20521,43.21927],[-79.20479,43.21934],[-79.20444,43.21954],[-79.20459,43.22032],[-79.20457,43.22092],[-79.20436,43.2213],[-79.2038,43.22143],[-79.20206,43.2215],[-79.20213,43.22235],[-79.20116,43.2224],[-79.20114,43.22335],[-79.20146,43.22334],[-79.2015,43.22396],[-79.20221,43.22391],[-79.20228,43.22584],[-79.20363,43.22578],[-79.20374,43.22666],[-79.20406,43.22663],[-79.20427,43.22646],[-79.20486,43.22627],[-79.20633,43.22621],[-79.2075,43.22629],[-79.20788,43.22612],[-79.20849,43.22612],[-79.2088,43.22597],[-79.21133,43.22683],[-79.21304,43.22773],[-79.21296,43.22817],[-79.21334,43.22925],[-79.21325,43.22996],[-79.21145,43.23076],[-79.2117,43.23078],[-79.21325,43.23008],[-79.21327,43.23085],[-79.21315,43.23164],[-79.21256,43.23173],[-79.21197,43.23209],[-79.21155,43.2318],[-79.21124,43.23145],[-79.21094,43.2309],[-79.21081,43.23093],[-79.21101,43.23149],[-79.21215,43.23254],[-79.21267,43.23396],[-79.21302,43.23411],[-79.21281,43.23439],[-79.213,43.23463],[-79.21302,43.23488],[-79.21273,43.23522],[-79.21318,43.23582],[-79.21172,43.2361],[-79.21131,43.23655],[-79.21151,43.23778],[-79.21204,43.23948],[-79.21207,43.2405],[-79.21186,43.24064],[-79.21234,43.24158],[-79.21226,43.24195],[-79.2116,43.24241],[-79.21092,43.24273],[-79.21006,43.2436],[-79.20752,43.24422],[-79.20739,43.24427],[-79.20738,43.24438],[-79.2075,43.24455],[-79.20811,43.24453],[-79.21068,43.24378],[-79.21283,43.24336],[-79.21399,43.24344],[-79.21512,43.24447],[-79.21563,43.24443],[-79.21508,43.24328],[-79.21492,43.24331],[-79.21439,43.24242],[-79.21427,43.24174],[-79.21439,43.23902],[-79.21428,43.23809],[-79.2144,43.23653],[-79.21431,43.23558],[-79.2144,43.23408],[-79.21442,43.23004],[-79.21507,43.22866],[-79.21528,43.22855],[-79.21598,43.22856],[-79.21598,43.22808],[-79.21513,43.22803],[-79.21514,43.22747],[-79.21562,43.22753],[-79.21598,43.22747],[-79.21598,43.22581],[-79.21575,43.22571],[-79.21514,43.22421],[-79.21485,43.22408],[-79.21447,43.2231],[-79.21471,43.223],[-79.21443,43.22302],[-79.2142,43.2225],[-79.21449,43.22244],[-79.21443,43.22226],[-79.21354,43.22009],[-79.21301,43.21955],[-79.21292,43.21901],[-79.21298,43.21895],[-79.21219,43.21692],[-79.21201,43.21678],[-79.21263,43.21667],[-79.21256,43.21684],[-79.21336,43.21888],[-79.2137,43.21916],[-79.2138,43.21912],[-79.21382,43.21895],[-79.21363,43.2186],[-79.21263,43.21576],[-79.21056,43.2163],[-79.21008,43.21577],[-79.20752,43.21685],[-79.20716,43.21638],[-79.20937,43.21537],[-79.20966,43.21561],[-79.20983,43.21552],[-79.20862,43.21228],[-79.20905,43.21216],[-79.20903,43.21205],[-79.20876,43.21205],[-79.20854,43.21187],[-79.20853,43.21068],[-79.20837,43.21023],[-79.20727,43.21124],[-79.20691,43.21175],[-79.20676,43.21219],[-79.20694,43.21406],[-79.20688,43.21482],[-79.20629,43.21669],[-79.20648,43.21774],[-79.21086,43.21658]]]}},{"type":"Feature","properties":{"serie":"Colwood - Red Phase","texture":"loam limoneux","code_texture":"SIL","drainage":"pauvre","pente":1.2,"classe_agricole":"2"},"geometry":{"type":"Polygon","coordinates":[[[-79.2036,43.21874],[-79.204,43.21897],[-79.20417,43.21938],[-79.20418,43.21982],[-79.2038,43.22143],[-79.20436,43.2213],[-79.20457,43.22092],[-79.20459,43.22032],[-79.20444,43.21954],[-79.20479,43.21934],[-79.20521,43.21927],[-79.20533,43.2191],[-79.20533,43.21879],[-79.20508,43.21811],[-79.20578,43.21793],[-79.20533,43.21697],[-79.20517,43.21603],[-79.20474,43.21599],[-79.20443,43.21574],[-79.20436,43.21531],[-79.20403,43.21493],[-79.2041,43.21388],[-79.20388,43.21353],[-79.20354,43.2137],[-79.20309,43.2137],[-79.20279,43.21353],[-79.20231,43.21273],[-79.20169,43.21276],[-79.20167,43.21353],[-79.20088,43.21362],[-79.20147,43.21463],[-79.20155,43.2151],[-79.20202,43.21591],[-79.20311,43.21586],[-79.20324,43.21757],[-79.20201,43.21768],[-79.20205,43.21818],[-79.20354,43.21797],[-79.20359,43.21834],[-79.2036,43.21874]]]}},{"type":"Feature","properties":{"serie":"Chinguacousy - Loamy Phase","texture":"loam limoneux","code_texture":"SIL","drainage":"imparfait","pente":1.2,"classe_agricole":"2"},"geometry":{"type":"Polygon","coordinates":[[[-79.15236,43.21182],[-79.15323,43.21215],[-79.15385,43.21191],[-79.15407,43.21126],[-79.15376,43.21124],[-79.15325,43.21092],[-79.15299,43.21034],[-79.15244,43.20966],[-79.15165,43.20915],[-79.15125,43.20834],[-79.1516,43.20748],[-79.15135,43.20678],[-79.15139,43.20603],[-79.15178,43.20583],[-79.15174,43.20525],[-79.15234,43.20469],[-79.15315,43.2044],[-79.15367,43.2041],[-79.1536,43.20372],[-79.15291,43.20364],[-79.15233,43.20341],[-79.15219,43.20318],[-79.15061,43.20462],[-79.14897,43.20697],[-79.14914,43.20782],[-79.15018,43.20916],[-79.15154,43.21036],[-79.15212,43.21126],[-79.15236,43.21182]]]}},{"type":"Feature","properties":{"serie":"Vineland","texture":"VFSL","code_texture":"VFSL","drainage":"imparfait","pente":3.5,"classe_agricole":"2"},"geometry":{"type":"Polygon","coordinates":[[[-79.19286,43.22003],[-79.19277,43.22027],[-79.19287,43.22135],[-79.19427,43.22085],[-79.1941,43.22072],[-79.19413,43.22019],[-79.1949,43.21924],[-79.19503,43.21883],[-79.19451,43.21761],[-79.19422,43.21632],[-79.19376,43.21563],[-79.1935,43.21499],[-79.19376,43.21443],[-79.19439,43.21355],[-79.19429,43.21337],[-79.19377,43.21373],[-79.1932,43.21432],[-79.19271,43.21459],[-79.19266,43.21416],[-79.19335,43.21361],[-79.19349,43.213],[-79.19319,43.21274],[-79.19251,43.21314],[-79.19208,43.21363],[-79.19166,43.21376],[-79.19137,43.21354],[-79.19126,43.21268],[-79.1903,43.21318],[-79.18968,43.2131],[-79.18937,43.21316],[-79.18931,43.2136],[-79.1904,43.21379],[-79.19086,43.21425],[-79.19093,43.21478],[-79.19204,43.21533],[-79.19203,43.21626],[-79.19254,43.21646],[-79.19308,43.21711],[-79.19359,43.21815],[-79.19373,43.21887],[-79.19343,43.21943],[-79.19289,43.21993],[-79.19286,43.22003]]]}},{"type":"Feature","properties":{"serie":"Vineland","texture":"VFSL","code_texture":"VFSL","drainage":"imparfait","pente":1.2,"classe_agricole":"1"},"geometry":{"type":"Polygon","coordinates":[[[-79.19944,43.22605],[-79.19999,43.22717],[-79.2015,43.22607],[-79.20229,43.22605],[-79.20221,43.22391],[-79.2015,43.22396],[-79.20146,43.22334],[-79.20114,43.22335],[-79.20116,43.2224],[-79.20213,43.22235],[-79.20206,43.2215],[-79.20128,43.22081],[-79.20021,43.22047],[-79.20028,43.22021],[-79.20055,43.21988],[-79.20031,43.21932],[-79.20048,43.21929],[-79.20065,43.21799],[-79.2006,43.21761],[-79.20002,43.21731],[-79.19825,43.21583],[-79.1975,43.21502],[-79.1973,43.21445],[-79.19675,43.21471],[-79.19616,43.21527],[-79.1958,43.21548],[-79.19535,43.21559],[-79.19488,43.21546],[-79.19466,43.21502],[-79.19464,43.21366],[-79.19439,43.21355],[-79.19376,43.21443],[-79.1935,43.21499],[-79.19376,43.21563],[-79.19422,43.21632],[-79.19451,43.21761],[-79.19503,43.21883],[-79.1949,43.21924],[-79.19413,43.22019],[-79.1941,43.22072],[-79.19445,43.221],[-79.19526,43.2211],[-79.19583,43.22139],[-79.196,43.22196],[-79.19593,43.22262],[-79.19622,43.2229],[-79.19678,43.22299],[-79.19674,43.22344],[-79.19635,43.22392],[-79.1962,43.22441],[-79.19662,43.22483],[-79.1967,43.22528],[-79.19692,43.22562],[-79.19867,43.22674],[-79.19892,43.22675],[-79.19893,43.22662],[-79.19851,43.22594],[-79.19857,43.22576],[-79.19851,43.22558],[-79.19862,43.22531],[-79.1991,43.22478],[-79.19902,43.22434],[-79.19866,43.22367],[-79.19807,43.22292],[-79.19757,43.22251],[-79.19737,43.22211],[-79.19727,43.2209],[-79.1976,43.22063],[-79.19786,43.22075],[-79.19806,43.22169],[-79.19836,43.22193],[-79.19859,43.22171],[-79.19873,43.22121],[-79.19905,43.22077],[-79.19928,43.22079],[-79.19938,43.22135],[-79.1992,43.22197],[-79.19927,43.22244],[-79.19973,43.22281],[-79.20014,43.22354],[-79.20031,43.22425],[-79.20023,43.22499],[-79.19999,43.22548],[-79.19966,43.22587],[-79.19944,43.22605]]]}},{"type":"Feature","properties":{"serie":"Chinguacousy","texture":"loam argileux","code_texture":"CL","drainage":"imparfait","pente":1.2,"classe_agricole":"2"},"geometry":{"type":"Polygon","coordinates":[[[-79.17227,43.21453],[-79.1724,43.21458],[-79.17266,43.21528],[-79.1723,43.21593],[-79.17209,43.21672],[-79.17171,43.2174],[-79.17171,43.21782],[-79.17234,43.21785],[-79.17288,43.21739],[-79.17337,43.21608],[-79.17465,43.21486],[-79.17358,43.21434],[-79.17288,43.21346],[-79.17195,43.21297],[-79.1715,43.21222],[-79.172,43.21191],[-79.1727,43.2123],[-79.1735,43.21309],[-79.17428,43.21358],[-79.17507,43.21426],[-79.17624,43.21455],[-79.17723,43.21493],[-79.178,43.21551],[-79.17832,43.21548],[-79.17856,43.21507],[-79.17892,43.21481],[-79.1791,43.2148],[-79.17924,43.21222],[-79.1793,43.21204],[-79.17973,43.21196],[-79.17938,43.21128],[-79.17901,43.21077],[-79.17874,43.21061],[-79.1781,43.21126],[-79.17791,43.21219],[-79.17751,43.21292],[-79.17667,43.21307],[-79.17581,43.21243],[-79.17585,43.21108],[-79.17506,43.21153],[-79.1741,43.21182],[-79.17327,43.21153],[-79.17339,43.21139],[-79.17252,43.21123],[-79.17189,43.21119],[-79.17114,43.21138],[-79.17087,43.21262],[-79.1709,43.21336],[-79.17141,43.21383],[-79.17215,43.21432],[-79.17227,43.21453]]]}},{"type":"Feature","properties":{"serie":"Chinguacousy","texture":"loam argileux","code_texture":"CL","drainage":"imparfait","pente":1.2,"classe_agricole":"2"},"geometry":{"type":"Polygon","coordinates":[[[-79.16825,43.21046],[-79.16785,43.21141],[-79.16807,43.21196],[-79.16809,43.21246],[-79.16896,43.21253],[-79.17114,43.21138],[-79.17189,43.21119],[-79.17339,43.21139],[-79.17383,43.21069],[-79.1722,43.20948],[-79.17134,43.20924],[-79.17015,43.20935],[-79.1692,43.20967],[-79.16841,43.21014],[-79.16825,43.21046]]]}},{"type":"Feature","properties":{"serie":"Alluvium","texture":"loam limoneux","code_texture":"SIL","drainage":null,"pente":3.5,"classe_agricole":"3"},"geometry":{"type":"Polygon","coordinates":[[[-79.18246,43.21157],[-79.18231,43.21162],[-79.18225,43.21187],[-79.1826,43.21235],[-79.18254,43.2128],[-79.18227,43.21309],[-79.18141,43.21369],[-79.18127,43.21389],[-79.18134,43.21418],[-79.18234,43.21362],[-79.18299,43.21304],[-79.18322,43.21226],[-79.18287,43.21169],[-79.18257,43.21155],[-79.18246,43.21157]]]}},{"type":"Feature","properties":{"serie":"Chinguacousy - Loamy Phase","texture":"loam limoneux","code_texture":"SIL","drainage":"imparfait","pente":1.2,"classe_agricole":"2"},"geometry":{"type":"Polygon","coordinates":[[[-79.15414,43.21503],[-79.15497,43.21498],[-79.15547,43.21458],[-79.15613,43.2143],[-79.15665,43.21382],[-79.15732,43.2137],[-79.15758,43.21421],[-79.15804,43.21469],[-79.15787,43.21533],[-79.15811,43.21573],[-79.159,43.21584],[-79.15946,43.21516],[-79.15915,43.21443],[-79.15921,43.21356],[-79.15866,43.21272],[-79.15835,43.21167],[-79.15828,43.21053],[-79.15881,43.20949],[-79.15849,43.20845],[-79.15796,43.20768],[-79.15804,43.20704],[-79.15788,43.20652],[-79.15727,43.20647],[-79.15671,43.20665],[-79.15637,43.20708],[-79.15645,43.20865],[-79.15579,43.21038],[-79.15594,43.21118],[-79.1559,43.21196],[-79.1556,43.21245],[-79.15584,43.21364],[-79.15566,43.21396],[-79.15435,43.21459],[-79.15414,43.21503]]]}},{"type":"Feature","properties":{"serie":"Vineland","texture":"VFSL","code_texture":"VFSL","drainage":"imparfait","pente":1.2,"classe_agricole":"1"},"geometry":{"type":"Polygon","coordinates":[[[-79.18381,43.22246],[-79.18445,43.22197],[-79.18491,43.22196],[-79.18518,43.22242],[-79.18541,43.22326],[-79.18572,43.22368],[-79.186,43.22374],[-79.18624,43.22346],[-79.18621,43.22237],[-79.18648,43.22194],[-79.18629,43.22065],[-79.18846,43.21788],[-79.18887,43.21753],[-79.18927,43.21742],[-79.18976,43.21758],[-79.19001,43.21799],[-79.19052,43.21839],[-79.19169,43.21884],[-79.19187,43.21901],[-79.19194,43.21934],[-79.19181,43.21966],[-79.19186,43.21997],[-79.19286,43.22003],[-79.19292,43.21985],[-79.19343,43.21943],[-79.19373,43.21887],[-79.19359,43.21815],[-79.19308,43.21711],[-79.19254,43.21646],[-79.19203,43.21626],[-79.19204,43.21533],[-79.19093,43.21478],[-79.19086,43.21425],[-79.1904,43.21379],[-79.18931,43.2136],[-79.18699,43.21434],[-79.18605,43.21442],[-79.18565,43.21408],[-79.18646,43.21306],[-79.18605,43.21264],[-79.18483,43.21269],[-79.18381,43.21296],[-79.183,43.21357],[-79.182,43.21414],[-79.18167,43.21463],[-79.18195,43.21499],[-79.18181,43.21564],[-79.18182,43.21603],[-79.18195,43.21637],[-79.1817,43.21684],[-79.18224,43.21709],[-79.18266,43.21701],[-79.18293,43.21675],[-79.18297,43.21628],[-79.1826,43.21501],[-79.18296,43.21476],[-79.1834,43.21517],[-79.18376,43.21585],[-79.18376,43.21639],[-79.18328,43.21779],[-79.18335,43.21964],[-79.18311,43.22017],[-79.18265,43.22036],[-79.18329,43.22195],[-79.18381,43.22246]]]}},{"type":"Feature","properties":{"serie":"Chinguacousy","texture":"loam argileux","code_texture":"CL","drainage":"imparfait","pente":1.2,"classe_agricole":"2"},"geometry":{"type":"Polygon","coordinates":[[[-79.15178,43.20583],[-79.15139,43.20603],[-79.15135,43.20678],[-79.1516,43.20748],[-79.15125,43.20834],[-79.15165,43.20915],[-79.15244,43.20966],[-79.15299,43.21034],[-79.15325,43.21092],[-79.15376,43.21124],[-79.15407,43.21126],[-79.15471,43.21027],[-79.15498,43.20937],[-79.15445,43.20847],[-79.1536,43.20815],[-79.15294,43.20711],[-79.15253,43.20615],[-79.15193,43.20575],[-79.15178,43.20583]]]}},{"type":"Feature","properties":{"serie":"Not Mapped","texture":"NA","code_texture":"NA","drainage":null,"pente":-9,"classe_agricole":"0"},"geometry":{"type":"Polygon","coordinates":[[[-79.17913,43.21456],[-79.18008,43.21451],[-79.18013,43.21333],[-79.1816,43.2126],[-79.18077,43.21228],[-79.18074,43.21195],[-79.1793,43.21204],[-79.17913,43.21434],[-79.17913,43.21456]]]}},{"type":"Feature","properties":{"serie":"Chinguacousy","texture":"loam argileux","code_texture":"CL","drainage":"imparfait","pente":1.2,"classe_agricole":"2"},"geometry":{"type":"Polygon","coordinates":[[[-79.16722,43.21046],[-79.16693,43.21185],[-79.16654,43.21282],[-79.16512,43.21547],[-79.1647,43.21684],[-79.1653,43.21662],[-79.16785,43.21385],[-79.16867,43.21352],[-79.16929,43.21407],[-79.16947,43.21515],[-79.16998,43.21576],[-79.171,43.21554],[-79.17168,43.21551],[-79.172,43.2148],[-79.17227,43.21453],[-79.17215,43.21432],[-79.17141,43.21383],[-79.1709,43.21336],[-79.17087,43.21262],[-79.17114,43.21138],[-79.16896,43.21253],[-79.16809,43.21246],[-79.16807,43.21196],[-79.16785,43.21141],[-79.16825,43.21046],[-79.16742,43.21048],[-79.16722,43.21046]]]}},{"type":"Feature","properties":{"serie":"Not Mapped","texture":"NA","code_texture":"NA","drainage":null,"pente":-9,"classe_agricole":"0"},"geometry":{"type":"Polygon","coordinates":[[[-79.20048,43.21929],[-79.20092,43.21916],[-79.20094,43.21945],[-79.20123,43.22014],[-79.20151,43.22039],[-79.20207,43.22052],[-79.20264,43.22045],[-79.20319,43.2202],[-79.20345,43.21983],[-79.20352,43.21944],[-79.2036,43.21874],[-79.20354,43.21797],[-79.20205,43.21818],[-79.20199,43.21754],[-79.2006,43.21761],[-79.20065,43.21799],[-79.20054,43.2189],[-79.20048,43.21929]]]}},{"type":"Feature","properties":{"serie":"Chinguacousy","texture":"loam argileux","code_texture":"CL","drainage":"imparfait","pente":3.5,"classe_agricole":"2"},"geometry":{"type":"Polygon","coordinates":[[[-79.17537,43.21527],[-79.17564,43.21507],[-79.17591,43.2151],[-79.17632,43.21529],[-79.1766,43.21599],[-79.17695,43.21619],[-79.17745,43.21622],[-79.17794,43.21637],[-79.17855,43.21674],[-79.17871,43.21651],[-79.17911,43.21643],[-79.17904,43.21527],[-79.1791,43.2148],[-79.17892,43.21481],[-79.17856,43.21507],[-79.17832,43.21548],[-79.178,43.21551],[-79.17723,43.21493],[-79.17624,43.21455],[-79.17507,43.21426],[-79.17428,43.21358],[-79.1735,43.21309],[-79.1727,43.2123],[-79.172,43.21191],[-79.1715,43.21222],[-79.17195,43.21297],[-79.17288,43.21346],[-79.17358,43.21434],[-79.17465,43.21486],[-79.17537,43.21527]]]}},{"type":"Feature","properties":{"serie":"Chinguacousy","texture":"loam argileux","code_texture":"CL","drainage":"imparfait","pente":1.2,"classe_agricole":"2"},"geometry":{"type":"Polygon","coordinates":[[[-79.16074,43.21802],[-79.16157,43.21815],[-79.16199,43.21841],[-79.16223,43.21889],[-79.16255,43.2192],[-79.16316,43.21804],[-79.1632,43.21727],[-79.16341,43.21657],[-79.16419,43.21555],[-79.16423,43.214],[-79.16462,43.2137],[-79.1651,43.21372],[-79.16542,43.21338],[-79.16549,43.21256],[-79.16498,43.21144],[-79.16413,43.21069],[-79.163,43.21053],[-79.16209,43.21096],[-79.16162,43.21201],[-79.1609,43.21222],[-79.16068,43.21246],[-79.16155,43.21284],[-79.16245,43.21356],[-79.16241,43.21386],[-79.16194,43.21366],[-79.16133,43.21322],[-79.16081,43.21318],[-79.16062,43.21382],[-79.16144,43.21435],[-79.1622,43.21469],[-79.16189,43.21489],[-79.16105,43.21498],[-79.16085,43.21567],[-79.16139,43.21635],[-79.16152,43.21694],[-79.16125,43.21761],[-79.16074,43.21802]]]}},{"type":"Feature","properties":{"serie":"Vineland","texture":"VFSL","code_texture":"VFSL","drainage":"imparfait","pente":3.5,"classe_agricole":"2"},"geometry":{"type":"Polygon","coordinates":[[[-79.20048,43.21929],[-79.20031,43.21932],[-79.20031,43.21946],[-79.20055,43.21988],[-79.20028,43.22021],[-79.20021,43.22047],[-79.20128,43.22081],[-79.20206,43.2215],[-79.2038,43.22143],[-79.20418,43.21982],[-79.20417,43.21938],[-79.204,43.21897],[-79.2036,43.21874],[-79.20345,43.21983],[-79.20319,43.2202],[-79.20264,43.22045],[-79.20207,43.22052],[-79.20151,43.22039],[-79.20123,43.22014],[-79.20094,43.21945],[-79.20092,43.21916],[-79.20048,43.21929]]]}},{"type":"Feature","properties":{"serie":"Tavistock - Till Red Phase","texture":"VFSL","code_texture":"VFSL","drainage":"imparfait","pente":3.5,"classe_agricole":"2"},"geometry":{"type":"Polygon","coordinates":[[[-79.18124,43.21692],[-79.18107,43.21742],[-79.18163,43.21756],[-79.18171,43.21791],[-79.18203,43.21843],[-79.18183,43.21888],[-79.18219,43.21951],[-79.18182,43.21974],[-79.18164,43.21999],[-79.18206,43.22026],[-79.18265,43.22036],[-79.18311,43.22017],[-79.18335,43.21964],[-79.18328,43.21779],[-79.18376,43.21639],[-79.18376,43.21585],[-79.1834,43.21517],[-79.18296,43.21476],[-79.1826,43.21501],[-79.18297,43.21628],[-79.18293,43.21675],[-79.18266,43.21701],[-79.18224,43.21709],[-79.1817,43.21684],[-79.1815,43.21686],[-79.18124,43.21692]]]}},{"type":"Feature","properties":{"serie":"Tuscola","texture":"loam","code_texture":"L","drainage":"imparfait","pente":1.2,"classe_agricole":"1"},"geometry":{"type":"Polygon","coordinates":[[[-79.17911,43.21643],[-79.17968,43.21647],[-79.18003,43.21639],[-79.1801,43.21599],[-79.18019,43.21528],[-79.18008,43.21451],[-79.17913,43.21456],[-79.17904,43.21527],[-79.17913,43.21631],[-79.17911,43.21643]]]}},{"type":"Feature","properties":{"serie":"Chinguacousy","texture":"loam argileux","code_texture":"CL","drainage":"imparfait","pente":1.2,"classe_agricole":"2"},"geometry":{"type":"Polygon","coordinates":[[[-79.15204,43.21423],[-79.15274,43.21465],[-79.15337,43.21457],[-79.15396,43.21422],[-79.15438,43.21376],[-79.15463,43.2133],[-79.15461,43.21295],[-79.15438,43.21284],[-79.15385,43.21337],[-79.15306,43.21375],[-79.15261,43.21354],[-79.15203,43.21298],[-79.15074,43.21275],[-79.14977,43.21239],[-79.1494,43.21167],[-79.1497,43.21084],[-79.14974,43.21016],[-79.14881,43.20972],[-79.14792,43.20864],[-79.14755,43.20904],[-79.14662,43.20971],[-79.14607,43.21055],[-79.14614,43.21114],[-79.14656,43.21171],[-79.14702,43.21203],[-79.14811,43.21248],[-79.1488,43.21291],[-79.15073,43.21342],[-79.15141,43.21381],[-79.15204,43.21423]]]}},{"type":"Feature","properties":{"serie":"Maplewood - Till Red Phase","texture":"loam limoneux","code_texture":"SIL","drainage":"pauvre","pente":1.2,"classe_agricole":"2"},"geometry":{"type":"Polygon","coordinates":[[[-79.18648,43.22194],[-79.18774,43.22216],[-79.18779,43.22203],[-79.18818,43.22186],[-79.1882,43.22089],[-79.18855,43.22033],[-79.18907,43.22014],[-79.18949,43.22039],[-79.18994,43.22083],[-79.19044,43.22101],[-79.19063,43.22124],[-79.19107,43.22086],[-79.19155,43.22091],[-79.19188,43.22109],[-79.19181,43.21966],[-79.19194,43.21934],[-79.19187,43.21901],[-79.19169,43.21884],[-79.19052,43.21839],[-79.19001,43.21799],[-79.18976,43.21758],[-79.18927,43.21742],[-79.18887,43.21753],[-79.18846,43.21788],[-79.18665,43.22011],[-79.18629,43.22065],[-79.18634,43.22125],[-79.18648,43.22194]]]}},{"type":"Feature","properties":{"serie":"Jeddo","texture":"loam argileux","code_texture":"CL","drainage":"pauvre","pente":1.2,"classe_agricole":"3"},"geometry":{"type":"Polygon","coordinates":[[[-79.16675,43.22306],[-79.16786,43.22355],[-79.16817,43.22355],[-79.16799,43.22312],[-79.16838,43.22276],[-79.16853,43.2228],[-79.16889,43.22114],[-79.16891,43.22026],[-79.16947,43.21847],[-79.16984,43.21768],[-79.17005,43.21676],[-79.17055,43.21633],[-79.17118,43.21609],[-79.17155,43.21581],[-79.17168,43.21551],[-79.171,43.21554],[-79.16998,43.21576],[-79.16947,43.21515],[-79.16929,43.21407],[-79.16867,43.21352],[-79.16785,43.21385],[-79.1653,43.21662],[-79.1647,43.21684],[-79.16477,43.21788],[-79.1657,43.2181],[-79.16631,43.21805],[-79.16711,43.21723],[-79.16823,43.21672],[-79.16913,43.21693],[-79.16922,43.21742],[-79.16805,43.21884],[-79.16713,43.22046],[-79.16705,43.22203],[-79.16679,43.22273],[-79.16675,43.22306]]]}},{"type":"Feature","properties":{"serie":"Vineland","texture":"VFSL","code_texture":"VFSL","drainage":"imparfait","pente":1.2,"classe_agricole":"1"},"geometry":{"type":"Polygon","coordinates":[[[-79.18022,43.23556],[-79.18044,43.23544],[-79.18047,43.23522],[-79.18108,43.23502],[-79.18141,43.23464],[-79.18171,43.23447],[-79.18199,43.23449],[-79.18151,43.23389],[-79.18145,43.23323],[-79.18199,43.23274],[-79.18227,43.23219],[-79.18165,43.23193],[-79.1818,43.23157],[-79.18225,43.23125],[-79.18197,43.2306],[-79.18151,43.23043],[-79.18056,43.23057],[-79.18003,43.23033],[-79.17986,43.22983],[-79.18021,43.22948],[-79.18051,43.22893],[-79.18018,43.22831],[-79.17935,43.22794],[-79.17916,43.22726],[-79.17877,43.22676],[-79.17971,43.22668],[-79.17994,43.22614],[-79.17955,43.22573],[-79.17867,43.22557],[-79.17797,43.22512],[-79.17858,43.22487],[-79.17957,43.22484],[-79.18019,43.2246],[-79.18026,43.22402],[-79.18013,43.22356],[-79.17956,43.22292],[-79.17954,43.22262],[-79.17925,43.22195],[-79.17911,43.22051],[-79.17945,43.21855],[-79.17864,43.21776],[-79.17847,43.21728],[-79.17855,43.21674],[-79.17794,43.21637],[-79.17745,43.21622],[-79.17695,43.21619],[-79.1766,43.21599],[-79.17632,43.21529],[-79.17591,43.2151],[-79.17564,43.21507],[-79.17537,43.21527],[-79.17534,43.21558],[-79.17553,43.21605],[-79.17614,43.21651],[-79.17691,43.21684],[-79.17753,43.21734],[-79.17772,43.21786],[-79.17782,43.21888],[-79.17756,43.21961],[-79.17715,43.22021],[-79.17586,43.22125],[-79.17555,43.22188],[-79.1761,43.22462],[-79.1759,43.22527],[-79.17596,43.2256],[-79.17661,43.22607],[-79.17671,43.227],[-79.17645,43.22793],[-79.1764,43.22875],[-79.176,43.23007],[-79.17568,43.23066],[-79.17568,43.23126],[-79.17615,43.23174],[-79.178,43.23245],[-79.17868,43.23281],[-79.17925,43.234],[-79.1794,43.23475],[-79.17973,43.23528],[-79.18019,43.23554],[-79.18022,43.23556]]]}},{"type":"Feature","properties":{"serie":"Tavistock - Red Phase","texture":"VFSL","code_texture":"VFSL","drainage":"imparfait","pente":1.2,"classe_agricole":"1"},"geometry":{"type":"Polygon","coordinates":[[[-79.16853,43.2228],[-79.16921,43.22292],[-79.16956,43.22383],[-79.17046,43.22448],[-79.17089,43.22525],[-79.1713,43.22565],[-79.17178,43.22552],[-79.17242,43.22454],[-79.17266,43.22438],[-79.17207,43.22351],[-79.17192,43.22238],[-79.1723,43.22139],[-79.17301,43.22042],[-79.17348,43.21927],[-79.17362,43.21833],[-79.17427,43.21746],[-79.17521,43.21716],[-79.17618,43.21746],[-79.17688,43.21814],[-79.17691,43.21856],[-79.17753,43.21841],[-79.1778,43.21844],[-79.17753,43.21734],[-79.17691,43.21684],[-79.17614,43.21651],[-79.17553,43.21605],[-79.17534,43.21558],[-79.17537,43.21527],[-79.17465,43.21486],[-79.17337,43.21608],[-79.17288,43.21739],[-79.17234,43.21785],[-79.17171,43.21782],[-79.17171,43.2174],[-79.17209,43.21672],[-79.1723,43.21593],[-79.17266,43.21528],[-79.1724,43.21458],[-79.17227,43.21453],[-79.172,43.2148],[-79.17155,43.21581],[-79.17118,43.21609],[-79.17055,43.21633],[-79.17005,43.21676],[-79.16984,43.21768],[-79.16947,43.21847],[-79.16891,43.22026],[-79.16889,43.22114],[-79.16855,43.22268],[-79.16853,43.2228]]]}},{"type":"Feature","properties":{"serie":"Alluvium","texture":"loam limono-argileux","code_texture":"SICL","drainage":null,"pente":1.2,"classe_agricole":"5"},"geometry":{"type":"Polygon","coordinates":[[[-79.18565,43.23149],[-79.1865,43.2319],[-79.18706,43.23192],[-79.18738,43.2318],[-79.18777,43.23155],[-79.18725,43.23161],[-79.18709,43.23114],[-79.18749,43.23094],[-79.18761,43.23077],[-79.18742,43.23051],[-79.18707,43.23046],[-79.18728,43.2304],[-79.18731,43.23032],[-79.18696,43.23002],[-79.1865,43.22997],[-79.18614,43.23016],[-79.18476,43.23003],[-79.18449,43.22988],[-79.18465,43.22979],[-79.18468,43.22958],[-79.18474,43.22992],[-79.18489,43.22998],[-79.18601,43.23008],[-79.18657,43.22984],[-79.18689,43.22988],[-79.1874,43.23012],[-79.18764,43.23029],[-79.1877,43.23047],[-79.18805,43.23056],[-79.18779,43.23088],[-79.18731,43.23119],[-79.18729,43.23147],[-79.18744,43.23159],[-79.18797,43.23107],[-79.1886,43.23084],[-79.18898,43.23085],[-79.18909,43.23095],[-79.18923,43.23076],[-79.18894,43.23011],[-79.18901,43.22881],[-79.18859,43.22892],[-79.18834,43.22919],[-79.18837,43.22988],[-79.18811,43.23007],[-79.18778,43.22977],[-79.18761,43.22923],[-79.18691,43.2291],[-79.18575,43.2291],[-79.18478,43.22835],[-79.18389,43.228],[-79.1834,43.22769],[-79.18362,43.22738],[-79.18372,43.22693],[-79.18436,43.22613],[-79.18435,43.22573],[-79.1842,43.22533],[-79.18373,43.22515],[-79.18318,43.2251],[-79.18293,43.22487],[-79.18322,43.22453],[-79.18376,43.22415],[-79.18409,43.22372],[-79.18377,43.22344],[-79.18329,43.22327],[-79.18342,43.22291],[-79.18381,43.22246],[-79.18329,43.22195],[-79.18265,43.22036],[-79.18206,43.22026],[-79.18164,43.21999],[-79.18182,43.21974],[-79.18219,43.21951],[-79.18183,43.21888],[-79.18203,43.21843],[-79.18171,43.21791],[-79.18163,43.21756],[-79.18107,43.21742],[-79.18124,43.21692],[-79.18103,43.2166],[-79.18065,43.21639],[-79.18035,43.2168],[-79.18003,43.21639],[-79.17871,43.21651],[-79.17855,43.21674],[-79.17847,43.21728],[-79.17864,43.21776],[-79.17945,43.21855],[-79.17911,43.22051],[-79.17925,43.22195],[-79.17954,43.22262],[-79.18009,43.22271],[-79.18164,43.22241],[-79.18173,43.22266],[-79.18071,43.22341],[-79.18102,43.22414],[-79.18111,43.22404],[-79.18151,43.22419],[-79.18156,43.2256],[-79.18193,43.22592],[-79.18206,43.22629],[-79.18169,43.22667],[-79.18138,43.22724],[-79.18144,43.22799],[-79.18186,43.22898],[-79.18215,43.22922],[-79.18249,43.22935],[-79.18271,43.22925],[-79.18376,43.22979],[-79.18451,43.23002],[-79.18499,43.23068],[-79.18579,43.23082],[-79.18603,43.23094],[-79.18565,43.23149]],[[-79.18348,43.22536],[-79.18378,43.22536],[-79.18401,43.22564],[-79.18397,43.22603],[-79.18337,43.22687],[-79.18312,43.22745],[-79.18264,43.22772],[-79.18226,43.22767],[-79.1822,43.22744],[-79.18284,43.22689],[-79.18309,43.22639],[-79.18325,43.22572],[-79.18348,43.22536]]]}},{"type":"Feature","properties":{"serie":"Vineland","texture":"VFSL","code_texture":"VFSL","drainage":"imparfait","pente":3.5,"classe_agricole":"2"},"geometry":{"type":"Polygon","coordinates":[[[-79.19857,43.22576],[-79.19889,43.22576],[-79.19944,43.22605],[-79.19999,43.22548],[-79.20023,43.22499],[-79.20031,43.22425],[-79.20014,43.22354],[-79.19973,43.22281],[-79.19927,43.22244],[-79.1992,43.22197],[-79.19938,43.22135],[-79.19928,43.22079],[-79.19905,43.22077],[-79.19873,43.22121],[-79.19859,43.22171],[-79.19836,43.22193],[-79.19806,43.22169],[-79.19786,43.22075],[-79.1976,43.22063],[-79.19727,43.2209],[-79.19737,43.22211],[-79.19757,43.22251],[-79.19807,43.22292],[-79.19866,43.22367],[-79.19902,43.22434],[-79.1991,43.22478],[-79.19862,43.22531],[-79.19851,43.22558],[-79.19857,43.22576]]]}},{"type":"Feature","properties":{"serie":"Not Mapped","texture":"NA","code_texture":"NA","drainage":null,"pente":-9,"classe_agricole":"0"},"geometry":{"type":"Polygon","coordinates":[[[-79.19188,43.22109],[-79.19189,43.22164],[-79.19287,43.22135],[-79.19277,43.22027],[-79.19286,43.22003],[-79.19186,43.21997],[-79.19188,43.22109]]]}},{"type":"Feature","properties":{"serie":"Grimsby","texture":"VFSL","code_texture":"VFSL","drainage":"bon","pente":7,"classe_agricole":"3"},"geometry":{"type":"Polygon","coordinates":[[[-79.19287,43.22135],[-79.1929,43.22156],[-79.19313,43.2218],[-79.19464,43.22217],[-79.19481,43.22255],[-79.19471,43.22306],[-79.19497,43.22344],[-79.19491,43.22387],[-79.19472,43.22431],[-79.19486,43.22478],[-79.19545,43.22512],[-79.19582,43.22561],[-79.19601,43.22618],[-79.19647,43.22654],[-79.19795,43.22697],[-79.19808,43.22715],[-79.19788,43.22726],[-79.19654,43.22736],[-79.19433,43.22776],[-79.19414,43.22796],[-79.19422,43.2282],[-79.19476,43.22823],[-79.19806,43.22769],[-79.19877,43.22766],[-79.19909,43.22773],[-79.19924,43.22785],[-79.20019,43.22766],[-79.19944,43.22605],[-79.19921,43.22589],[-79.19889,43.22576],[-79.19857,43.22576],[-79.19851,43.22594],[-79.19893,43.22662],[-79.19892,43.22675],[-79.19867,43.22674],[-79.19692,43.22562],[-79.1967,43.22528],[-79.19662,43.22483],[-79.1962,43.22441],[-79.19635,43.22392],[-79.19674,43.22344],[-79.19678,43.22299],[-79.19622,43.2229],[-79.19593,43.22262],[-79.196,43.22196],[-79.19583,43.22139],[-79.19526,43.2211],[-79.19445,43.221],[-79.19427,43.22085],[-79.19287,43.22135]]]}},{"type":"Feature","properties":{"serie":"Tavistock - Red Phase","texture":"VFSL","code_texture":"VFSL","drainage":"imparfait","pente":1.2,"classe_agricole":"1"},"geometry":{"type":"Polygon","coordinates":[[[-79.17211,43.22835],[-79.17235,43.22871],[-79.17362,43.22811],[-79.1753,43.22747],[-79.17525,43.22624],[-79.17463,43.2255],[-79.17482,43.22479],[-79.17484,43.22407],[-79.17441,43.22195],[-79.1746,43.22131],[-79.1752,43.22058],[-79.17524,43.22002],[-79.17649,43.21978],[-79.17693,43.21908],[-79.17688,43.21814],[-79.17618,43.21746],[-79.17521,43.21716],[-79.17427,43.21746],[-79.17362,43.21833],[-79.17348,43.21927],[-79.17301,43.22042],[-79.1723,43.22139],[-79.17192,43.22238],[-79.17207,43.22351],[-79.17259,43.2242],[-79.17287,43.22494],[-79.1724,43.22578],[-79.17214,43.22661],[-79.17221,43.22824],[-79.17211,43.22835]]]}},{"type":"Feature","properties":{"serie":"Vineland","texture":"VFSL","code_texture":"VFSL","drainage":"imparfait","pente":1.2,"classe_agricole":"1"},"geometry":{"type":"Polygon","coordinates":[[[-79.18901,43.22881],[-79.18894,43.23011],[-79.18923,43.23076],[-79.19034,43.23048],[-79.19101,43.23042],[-79.19228,43.23003],[-79.1923,43.22997],[-79.19218,43.22994],[-79.19234,43.22979],[-79.19284,43.22953],[-79.19284,43.22927],[-79.19335,43.22902],[-79.19588,43.22846],[-79.19841,43.22821],[-79.19907,43.228],[-79.19924,43.22785],[-79.19909,43.22773],[-79.19877,43.22766],[-79.19806,43.22769],[-79.19476,43.22823],[-79.19422,43.2282],[-79.19414,43.22796],[-79.19433,43.22776],[-79.19654,43.22736],[-79.19788,43.22726],[-79.19808,43.22715],[-79.19795,43.22697],[-79.19647,43.22654],[-79.19601,43.22618],[-79.19582,43.22561],[-79.19545,43.22512],[-79.19486,43.22478],[-79.19472,43.22431],[-79.19491,43.22387],[-79.19497,43.22344],[-79.19471,43.22306],[-79.19481,43.22255],[-79.19464,43.22217],[-79.19313,43.2218],[-79.1929,43.22156],[-79.19287,43.22135],[-79.19189,43.22164],[-79.19188,43.22237],[-79.19332,43.22342],[-79.19371,43.22392],[-79.19394,43.22518],[-79.19429,43.22576],[-79.19544,43.22605],[-79.19567,43.22652],[-79.19561,43.22688],[-79.19529,43.22706],[-79.19468,43.22675],[-79.19384,43.22684],[-79.19335,43.22668],[-79.1925,43.22542],[-79.19233,43.2248],[-79.19195,43.22408],[-79.19121,43.22348],[-79.19046,43.22314],[-79.19034,43.22267],[-79.19058,43.22201],[-79.19063,43.22124],[-79.19044,43.22101],[-79.18994,43.22083],[-79.18949,43.22039],[-79.18907,43.22014],[-79.18855,43.22033],[-79.1882,43.22089],[-79.18815,43.22157],[-79.18818,43.22186],[-79.18879,43.22196],[-79.18917,43.22255],[-79.18915,43.22314],[-79.18891,43.22363],[-79.1895,43.2249],[-79.18926,43.22541],[-79.1887,43.22579],[-79.18846,43.22618],[-79.18917,43.22742],[-79.18927,43.22802],[-79.18907,43.22861],[-79.18901,43.22881]]]}},{"type":"Feature","properties":{"serie":"Jeddo - Red Phase","texture":"loam limono-argileux","code_texture":"SICL","drainage":"pauvre","pente":1.2,"classe_agricole":"3"},"geometry":{"type":"Polygon","coordinates":[[[-79.15489,43.21727],[-79.15514,43.2172],[-79.15583,43.21724],[-79.15575,43.2179],[-79.15622,43.21816],[-79.15672,43.21879],[-79.15571,43.21947],[-79.15486,43.22024],[-79.15531,43.22078],[-79.15614,43.22134],[-79.15614,43.22226],[-79.1567,43.22193],[-79.15859,43.22147],[-79.15843,43.22105],[-79.15847,43.22033],[-79.15872,43.21973],[-79.15911,43.21914],[-79.15952,43.2188],[-79.15893,43.21839],[-79.15862,43.21774],[-79.15715,43.21712],[-79.15856,43.21642],[-79.159,43.21584],[-79.15811,43.21573],[-79.15787,43.21533],[-79.15804,43.21469],[-79.15758,43.21421],[-79.15732,43.2137],[-79.15665,43.21382],[-79.15613,43.2143],[-79.15547,43.21458],[-79.15497,43.21498],[-79.15414,43.21503],[-79.15413,43.21552],[-79.15386,43.21607],[-79.15377,43.21653],[-79.15401,43.2168],[-79.15479,43.21708],[-79.15489,43.21727]]]}},{"type":"Feature","properties":{"serie":"Vineland","texture":"VFSL","code_texture":"VFSL","drainage":"imparfait","pente":3.5,"classe_agricole":"2"},"geometry":{"type":"Polygon","coordinates":[[[-79.19063,43.22124],[-79.19058,43.22201],[-79.19034,43.22267],[-79.19046,43.22314],[-79.19121,43.22348],[-79.19195,43.22408],[-79.19233,43.2248],[-79.1925,43.22542],[-79.19335,43.22668],[-79.19384,43.22684],[-79.19468,43.22675],[-79.19529,43.22706],[-79.19561,43.22688],[-79.19567,43.22652],[-79.19544,43.22605],[-79.19429,43.22576],[-79.19394,43.22518],[-79.19371,43.22392],[-79.19332,43.22342],[-79.19188,43.22237],[-79.19188,43.22109],[-79.19155,43.22091],[-79.19107,43.22086],[-79.1908,43.22105],[-79.19063,43.22124]]]}},{"type":"Feature","properties":{"serie":"Tavistock - Red Phase","texture":"VFSL","code_texture":"VFSL","drainage":"imparfait","pente":3.5,"classe_agricole":"2"},"geometry":{"type":"Polygon","coordinates":[[[-79.1754,43.22906],[-79.1746,43.23063],[-79.17497,43.23137],[-79.17503,43.23187],[-79.17581,43.2314],[-79.17568,43.23126],[-79.17568,43.23066],[-79.176,43.23007],[-79.1764,43.22875],[-79.17645,43.22793],[-79.17671,43.227],[-79.17661,43.22607],[-79.17596,43.2256],[-79.1759,43.22527],[-79.1761,43.22462],[-79.17555,43.22188],[-79.17586,43.22125],[-79.17715,43.22021],[-79.17756,43.21961],[-79.17782,43.21888],[-79.1778,43.21844],[-79.17753,43.21841],[-79.17691,43.21856],[-79.17693,43.21908],[-79.17649,43.21978],[-79.17524,43.22002],[-79.1752,43.22058],[-79.1746,43.22131],[-79.17441,43.22195],[-79.17484,43.22407],[-79.17482,43.22479],[-79.17463,43.2255],[-79.17525,43.22624],[-79.17531,43.22766],[-79.17565,43.22834],[-79.1754,43.22906]]]}},{"type":"Feature","properties":{"serie":"Jeddo - Red Phase","texture":"loam limono-argileux","code_texture":"SICL","drainage":"pauvre","pente":1.2,"classe_agricole":"3"},"geometry":{"type":"Polygon","coordinates":[[[-79.14655,43.2158],[-79.14608,43.21684],[-79.14641,43.21976],[-79.14707,43.2197],[-79.14751,43.21904],[-79.14851,43.21844],[-79.14916,43.21747],[-79.14964,43.21647],[-79.15012,43.21638],[-79.1509,43.21758],[-79.15164,43.21687],[-79.15167,43.21624],[-79.15147,43.21556],[-79.15149,43.21501],[-79.1517,43.21459],[-79.15204,43.21423],[-79.15073,43.21342],[-79.1488,43.21291],[-79.14811,43.21248],[-79.14776,43.21259],[-79.14707,43.21326],[-79.14679,43.21411],[-79.14679,43.21474],[-79.14655,43.2158]]]}},{"type":"Feature","properties":{"serie":"Chinguacousy","texture":"loam argileux","code_texture":"CL","drainage":"imparfait","pente":1.2,"classe_agricole":"2"},"geometry":{"type":"Polygon","coordinates":[[[-79.16391,43.22019],[-79.16437,43.22045],[-79.16495,43.22053],[-79.16568,43.22041],[-79.16647,43.21996],[-79.16732,43.21931],[-79.16788,43.21918],[-79.16805,43.21884],[-79.16922,43.21742],[-79.16913,43.21693],[-79.16823,43.21672],[-79.16711,43.21723],[-79.16631,43.21805],[-79.1657,43.2181],[-79.16477,43.21788],[-79.16459,43.21892],[-79.16414,43.2198],[-79.16391,43.22019]]]}},{"type":"Feature","properties":{"serie":"Vineland","texture":"VFSL","code_texture":"VFSL","drainage":"imparfait","pente":3.5,"classe_agricole":"2"},"geometry":{"type":"Polygon","coordinates":[[[-79.18774,43.22216],[-79.18766,43.22234],[-79.18848,43.2228],[-79.18834,43.22325],[-79.18764,43.2237],[-79.18795,43.22417],[-79.18825,43.22493],[-79.18782,43.2255],[-79.18692,43.22546],[-79.18612,43.22459],[-79.18568,43.22474],[-79.18545,43.22536],[-79.18584,43.22592],[-79.18634,43.2261],[-79.18713,43.2262],[-79.18746,43.22671],[-79.18832,43.22771],[-79.18826,43.22811],[-79.18796,43.2285],[-79.18798,43.22895],[-79.18834,43.22919],[-79.18859,43.22892],[-79.18901,43.22881],[-79.18927,43.22802],[-79.18917,43.22742],[-79.18846,43.22618],[-79.1887,43.22579],[-79.18926,43.22541],[-79.1895,43.2249],[-79.18891,43.22363],[-79.18915,43.22314],[-79.18917,43.22255],[-79.18879,43.22196],[-79.18818,43.22186],[-79.18779,43.22203],[-79.18775,43.22212],[-79.18774,43.22216]]]}},{"type":"Feature","properties":{"serie":"Vineland","texture":"VFSL","code_texture":"VFSL","drainage":"imparfait","pente":1.2,"classe_agricole":"1"},"geometry":{"type":"Polygon","coordinates":[[[-79.18381,43.22246],[-79.18342,43.22291],[-79.18329,43.22327],[-79.18377,43.22344],[-79.18409,43.22372],[-79.18376,43.22415],[-79.18322,43.22453],[-79.18293,43.22487],[-79.18318,43.2251],[-79.18373,43.22515],[-79.1842,43.22533],[-79.18435,43.22573],[-79.18436,43.22613],[-79.18372,43.22693],[-79.18362,43.22738],[-79.1834,43.22769],[-79.18389,43.228],[-79.18478,43.22835],[-79.18575,43.2291],[-79.18691,43.2291],[-79.18761,43.22923],[-79.18778,43.22977],[-79.18811,43.23007],[-79.18837,43.22988],[-79.18834,43.22919],[-79.18798,43.22895],[-79.18796,43.2285],[-79.18826,43.22811],[-79.18832,43.22771],[-79.18746,43.22671],[-79.18713,43.2262],[-79.18634,43.2261],[-79.18584,43.22592],[-79.18545,43.22536],[-79.18568,43.22474],[-79.18612,43.22459],[-79.18692,43.22546],[-79.18782,43.2255],[-79.18825,43.22493],[-79.18795,43.22417],[-79.18764,43.2237],[-79.18834,43.22325],[-79.18848,43.2228],[-79.18766,43.22234],[-79.18774,43.22216],[-79.18648,43.22194],[-79.18621,43.22237],[-79.18624,43.22346],[-79.186,43.22374],[-79.18572,43.22368],[-79.18541,43.22326],[-79.18518,43.22242],[-79.18491,43.22196],[-79.18445,43.22197],[-79.1839,43.22235],[-79.18381,43.22246]]]}},{"type":"Feature","properties":{"serie":"Vineland","texture":"VFSL","code_texture":"VFSL","drainage":"imparfait","pente":1.2,"classe_agricole":"1"},"geometry":{"type":"Polygon","coordinates":[[[-79.20229,43.22605],[-79.20234,43.22714],[-79.20291,43.22673],[-79.20374,43.22666],[-79.20363,43.22578],[-79.20228,43.22584],[-79.20229,43.22605]]]}},{"type":"Feature","properties":{"serie":"Not Mapped","texture":"NA","code_texture":"NA","drainage":null,"pente":-9,"classe_agricole":"0"},"geometry":{"type":"Polygon","coordinates":[[[-79.19999,43.22717],[-79.20019,43.22766],[-79.20234,43.22714],[-79.20229,43.22605],[-79.2015,43.22607],[-79.19999,43.22717]]]}},{"type":"Feature","properties":{"serie":"Chinguacousy - Red Washed Phase","texture":"loam","code_texture":"L","drainage":"imparfait","pente":1.2,"classe_agricole":"1"},"geometry":{"type":"Polygon","coordinates":[[[-79.15859,43.22147],[-79.15865,43.2216],[-79.15941,43.22193],[-79.16018,43.22181],[-79.16076,43.22134],[-79.16168,43.22021],[-79.16211,43.21986],[-79.16255,43.2192],[-79.16223,43.21889],[-79.16199,43.21841],[-79.16157,43.21815],[-79.16074,43.21802],[-79.15972,43.21862],[-79.15911,43.21914],[-79.15872,43.21973],[-79.15847,43.22033],[-79.15843,43.22105],[-79.15859,43.22147]]]}},{"type":"Feature","properties":{"serie":"Chinguacousy - Red Washed Phase","texture":"loam","code_texture":"L","drainage":"imparfait","pente":1.2,"classe_agricole":"1"},"geometry":{"type":"Polygon","coordinates":[[[-79.15489,43.21727],[-79.153,43.21788],[-79.15242,43.21844],[-79.15435,43.21903],[-79.15275,43.2199],[-79.15286,43.22103],[-79.15347,43.22202],[-79.15443,43.22258],[-79.15521,43.22276],[-79.15614,43.22226],[-79.15614,43.22134],[-79.15531,43.22078],[-79.15486,43.22024],[-79.15571,43.21947],[-79.15672,43.21879],[-79.15622,43.21816],[-79.15575,43.2179],[-79.15583,43.21724],[-79.15514,43.2172],[-79.15489,43.21727]]]}},{"type":"Feature","properties":{"serie":"Chinguacousy - Red Washed Phase","texture":"loam","code_texture":"L","drainage":"imparfait","pente":1.2,"classe_agricole":"1"},"geometry":{"type":"Polygon","coordinates":[[[-79.14669,43.21973],[-79.14681,43.22006],[-79.14686,43.22123],[-79.14717,43.22092],[-79.14784,43.22081],[-79.14884,43.22118],[-79.14925,43.22112],[-79.14963,43.22074],[-79.15029,43.22034],[-79.1513,43.21885],[-79.15125,43.21808],[-79.15012,43.21638],[-79.14964,43.21647],[-79.14916,43.21747],[-79.14851,43.21844],[-79.14751,43.21904],[-79.14707,43.2197],[-79.14669,43.21973]]]}},{"type":"Feature","properties":{"serie":"Alluvium","texture":"loam limoneux","code_texture":"SIL","drainage":null,"pente":1.2,"classe_agricole":"3"},"geometry":{"type":"Polygon","coordinates":[[[-79.18348,43.22536],[-79.18325,43.22572],[-79.18309,43.22639],[-79.18284,43.22689],[-79.1822,43.22744],[-79.18226,43.22767],[-79.18264,43.22772],[-79.18312,43.22745],[-79.18337,43.22687],[-79.18397,43.22603],[-79.18401,43.22564],[-79.18378,43.22536],[-79.18348,43.22536]]]}}]}